{"headline": "Biden is walking a tightrope with Ukraine. What\u2019s his next step?", "standfirst": "America and Europe\u2019s response to the war is already unprecedented in military, economic and political terms \u2013 what should they do now?", "author": "Christopher S Chivvis", "date": "Thu 17 Mar 2022 17.29 CET", "text": "The United States and its allies need to strike a balance between making Putin\u2019s appalling invasion in Ukraine as costly as possible, while avoiding uncontrolled escalation that could lead to a much broader and more dangerous war. So far, the White House has managed to walk this tightrope, but it\u2019s almost certain to grow harder the longer the war goes on, as Volodymyr Zelenskiy\u2019s impassioned address to the US Congress on Wednesday demonstrated. Naturally, for the Ukrainian president, the more involved Nato gets, the better. Ukraine\u2019s chances of repelling the Russian invaders on the battlefield may be slim, but with luck and the world\u2019s support, there\u2019s still hope that he will survive long enough that Putin has no alternative but to negotiate an end to war that leaves Ukraine\u2019s sovereignty intact. Right now, this seems like the best of any realistic outcome. Nato has a clear interest in ensuring that Putin comes out of the war thinking it was a bad idea. This will make him less likely to attack Nato itself in the future. But the White House would nevertheless be wise to avoid rushing in and upping its military ante in response to Zelenskiy\u2019s address. America and its allies are already doing far more to help Ukraine than anyone would have expected just a month ago and there are better ways to help Ukraine end the war. On Wednesday, Zelenskiy repeated his request for a no-fly zone, couching it as \u201chumanitarian\u201d in nature. But setting up a no-fly zone over Ukraine, humanitarian or otherwise, would almost certainly mean going to war with Russia. A no-fly zone would require Nato to attack Russian air defense systems in the theater and possibly inside Russia. Nato pilots would then have to fire on any Russian aircraft flying within the zone over Ukraine or threatening them from within Russian airspace itself. Even if Nato were prepared to do all this and invite a war with Russia, a no-fly zone wouldn\u2019t stop Russian forces from bombing Ukrainian cities and civilians from the ground or with missiles. This could create massive pressure for Nato planes to strike those forces as well. In short, this is a surefire recipe for mission creep and escalation. Zelenskiy probably knew that his call for a no-fly zone was already an uphill battle with Congress and the American people, despite the fulmination of the Washington hawks. A CBSNews poll conducted last week suggests that many Americans support a no-fly zone until they\u2019re told it would mean war against Russia. After that, far fewer think it\u2019s a good idea. Perhaps reflecting this, congressional views on the no-fly zone are similarly tepid or outright opposed. But Zelenskiy also asked for S-300 air defense systems and MiG-29 fighter jets. Here there is much more support in Washington. Zelenskiy\u2019s call for a no-fly zone may even have been a negotiating tactic to increase the chances of getting MiG-29s and S-300s, as Representative Tom Malinowski, for example, speculated. Republicans have been especially keen to pressure Biden to send these jets to Ukraine, but the idea has also received some bipartisan support. The White House should refrain from doing so, however, because it would be largely symbolic. It\u2019s true that delivering fighter jets and air defense systems would be less escalatory than establishing a no-fly zone. Ukraine already has both weapons and sending them more would not require attacks on Russia. But neither the S-300 nor the MiG-29 promises to have much of an impact on the outcome of the war. For example, it\u2019s uncertain whether the Ukrainian air force can actually use the jets on offer from Poland without additional training. Only a few Nato members actually have S-300 air defense systems that could be transferred to Ukraine, and even if they are it\u2019s unclear whether they would do much to slow the Russian advance, which has so far mainly relied on Russian ground forces. Right now, it would be more helpful to the Ukrainians if the United States and its allies clarified the conditions under which they might lift some of the sanctions now poised to crush the Russian economy. A host of sanctions on the Russian financial sector, Russian leaders and key sectors of the Russian economy are now in place. It would be the wrong move to lift them all, but offering to lift some might entice Putin to pull his forces back. America and Europe\u2019s response to the war is already unprecedented in military, economic and political terms. Russia now faces crushing sanctions with far-reaching consequences for its economy and the wealth of the Putin cabal that governs the country. Ukraine has meanwhile received a steady stream of weapons, including anti-armor, anti-aircraft, light armor and military supplies to the tune of $1bn. These weapons are themselves hardly insignificant. The Javelin anti-tank system, for example, pierces the advanced armor of Russian tanks, injecting a stream of molten metal into the tank\u2019s cabin, that vaporizes any organic matter inside. American aid to Ukraine, moreover, already comes at a significant cost and risk to America itself. Not only do Americans now face historically high gas prices, they also face increased risk that the sanctions could turn Russia into a giant North Korea, a major strategic problem for years to come. This is not to mention the risk of crippling cyber attacks or even a demonstration use of nuclear weapons to signal Russia\u2019s seriousness. Sometimes in Washington the hardest thing to do during a crisis is to do nothing. The White House should continue to resist the pressure to up the military ante and make use of the economic levers it already has in place to get to Putin to end his war. Christopher S Chivvis is a senior fellow and director of the Carnegie Endowment\u2019s American statecraft program"}