{"headline": "Nazanin Zaghari-Ratcliffe\u2019s ordeal shows the uselessness of economic sanctions", "standfirst": "This vacuous foreign policy weapon exacts a human price while failing to achieve any objective", "author": "Simon Jenkins", "date": "Thu 17 Mar 2022 17.39 CET", "text": "Joy at the release of two Britons from an Iranian jail should not conceal the squalid diplomacy revealed by their ordeal. Nazanin Zaghari-Ratcliffe and Anoosheh Ashoori have been victims of the latest weapon of western coercion, on display in all its impotence. The essence of the case isn\u2019t disputed. Britain owed Iran \u00a3400m for undelivered military equipment. Britain found the Tehran regime distasteful. It also said it should not be allowed to build nuclear plants. With America and others, it signalled this distaste with what was, after the 1979 Iranian revolution, a relatively novel form of aggression: a comprehensive trade embargo. The Iranians retaliated with an equally medieval weapon: the taking of hostages. There followed a saga of diplomatic duplicity, intransigence and incompetence on all sides. When the Shah of Iran had fallen it was at least conceivable that the country might mature, like Pakistan, into a semi-democratic state and friend of the west. As it was, America and Britain could not resist a post-imperial urge to order its behaviour. Each failure of \u201chuman rights\u201d \u2013 or each regional interference \u2013 was punished with harsher sanctions. The ayatollahs and their military Revolutionary Guards grew stronger with each barrage of abusive epithets hurled by western diplomats. Sanctions and ostracism exiled Iran\u2019s mercantile and intellectual class \u2013 seedbed of potential opposition \u2013 while impoverishing the mass of the Iranian people. They were utterly counterproductive, leaving Iran today with its most extremist government for decades. Apart from a brief relaxation in the 1980s, Iran has been under economic and cultural siege for almost half a century, thus preserved as a citadel of Islamist fundamentalism, constantly destabilising the region. There is virtually no academic study of what has become the most ubiquitous \u2013 and fashionable \u2013 weapon of international conflict, the sanction. America has around three dozen countries subject to some embargo or other. Conferences I have attended on the subject debate the deployment of sanctions entirely in terms of hurt inflicted, never objectives won. The present \u201cwar on the oligarchs\u201d is a classic of the genre, like high-profile politicians and knights in armour tilting at each other. Sanctions drive their victims into protective shells. The result is glaring. Almost every state sanctioned by the west has been blessed with suppressed dissent and an entrenched power structure. If I were ruler of sanctioned Cuba, North Korea, Iran, Syria, Russia, Venezuela, Zimbabwe or Myanmar, I would plead for sanctions to remain. As for sanctioned Serbia, Afghanistan, Iraq and Libya, after the failure of sanctions all became victims of subsequent western military intervention, mostly disastrous. The few critics who have attempted to analyse the impact of these sieges have searched in vain for any sense in them. The historian Richard Haass was intrigued by their \u201cparadoxical\u201d popularity. He found \u201cthe economic, humanitarian and foreign policy cost of US sanctions far outweigh any benefits\u201d. They served as \u201clittle more than expressions of US preferences \u2026 without changing the target\u2019s behaviour for the better\u201d. The philosopher Noam Chomsky has long campaigned against their cruelty and counter-productivity, while the economist Daniel Griswold calculated they were costing America up to $2bn a year, while merely hurting \u201cthe poor and most vulnerable in the target countries\u201d. As for the crisis in Ukraine, the sanctions monitors at the American Peterson Institute for International Economics can find no sign that the severest economic aggression in modern history has yielded \u201cthe slightest evidence that Moscow will change course and \u2018rehabilitate\u2019 itself in the eyes of the west\u201d. The best hope is apparently that China might be deterred from invading Taiwan. The glib reply of proponents of sanctions is that they are better than war. In other words, it is taken as read that the west has an obligation to \u201cdo something\u201d about evil regimes wherever they exist. The weapon appeals to democratic politicians as seeming tough without being violent. It offers a quick headline with no need for subsequent validation. Hence the daily cry down the Westminster corridor, from left and right, for \u201cever tougher sanctions\u201d, like Great War generals demanding that ever more troops must \u201cgo over the top\u201d. The experience of Zaghari-Ratcliffe might at least show that while sanctions may not achieve their objective, they do exact a human price. They block the restoration of relations between disagreeing states. They deny the liberalising effect of trade and of intellectual and humanitarian exchange. Soft power is denied its potency. Worse, by being so vacuous, sanctions become almost impossible to withdraw. A British minister, James Cleverly, told BBC Radio 4\u2019s Today programme that sanctions would continue until the Iranians \u201cchange their behaviour\u201d. It might have been Lord Curzon speaking. Unless wonders happen, Ukraine should expose the hypocrisy of the \u201cage of sanctions\u201d. It has Britain traipsing round the Middle East begging for cheaper fuel, so it can pretend it is saving the planet by not drilling its own. It has had to negotiate with one regime, Iran, that it purports to detest, while pleading with another, Saudi Arabia, that it refuses to detest. All because of sanctions. Has British diplomacy ever looked more shabby? Simon Jenkins is a Guardian columnist "}