{"headline": "Call him \u2018Security\u2019 Starmer \u2013 it seems to be the word the Labour leader likes best", "standfirst": "Whether applied to the military, energy or family life, it\u2019s a mantra being used to shape the party\u2019s pitch to the public", "author": "Steven Fielding", "date": "Thu 17 Mar 2022 12.00 CET", "text": "When voters were asked in February what they thought were the big issues facing Britain, national security did not even make it into the top 10. However, thanks to Vladimir Putin\u2019s attack on Ukraine and his implied threat of nuclear war, the salience of Britain\u2019s military and intelligence security as a political issue has spiked dramatically. After decades of neglect, Westminster now has a keen interest in Britain\u2019s ability to defend itself. The public now think it the most important issue. Boris Johnson hopes to exploit the Ukraine crisis by presenting himself as a sober statesman rather than Downing Street\u2019s premier party animal, but Keir Starmer is better placed to take advantage, and he has sought to do so in two obvious ways. First, to demonstrate Labour\u2019s patriotism to \u201cred wall\u201d voters, he and fellow shadow cabinet ministers have toured Nato countries bordering Russia, cameras in tow. Second, to entrench his power within the party he has isolated those remaining Corbynites still attached to Stop the War. However, the crisis has allowed Starmer to further associate himself with \u2013 and expand the meaning of \u2013 his favourite word, one that has defined his leadership since its earliest days: security. In his first party conference speech as leader, Starmer talked of wanting to create a Britain \u201cthat embodies the values I hold dear. Decency, fairness, opportunity, compassion and security\u201d. But of these five, the most important value was security: \u201cSecurity for our nation, our families and all of our communities.\u201d In most of his speeches since, the word has reappeared in different contexts and with different partners: in January, Labour\u2019s new, if not especially memorable slogan was unveiled as \u201cSecurity, Prosperity, Respect\u201d. In Starmer\u2019s much-mocked and certainly over-long Fabian pamphlet, published last autumn, there also lurked his paramount concern for security. In government, he wrote, he wants to create a Britain, \u201con solid foundations, with security at home, in the workplace, on the streets and from those who would do us harm \u2026 I want Labour to once again be Britain\u2019s bricks and mortar \u2013 a symbol of solidity, reliability, shelter and the prospect of building something new and better\u201d. If this makes Starmer sound conservative that is deliberate, because if he has any hope of forming a government, Labour needs to win back those retired homeowners in former red wall constituencies who have leaked from Labour over many general elections. Even so, this \u201csecurity\u201d still requires traditional Labour means, such as government planning and intervention in the economy, increasing opportunities for all with the aim of becoming a fairer and more productive society. Starmer\u2019s promise of \u201csecurity\u201d frames Labour\u2019s comparatively radical \u201cnew deal for working people\u201d, one that will increase the minimum wage, ensure all workers\u2019 entitlement to rights such as parental leave, banning \u201cfire and rehire\u201d practices, and making it easier for employees to be represented by a trade union. For Starmer, then, \u201csecurity\u201d has long been a key homonym, that is a word with many different meanings and applications, ones the Ukraine crisis has usefully extended into energy policy as well as to a focus on Conservative party funding and Boris Johnson\u2019s friendships with oligarchs who have close links to Putin. Starmer had not even been elected leader before \u201cboring\u201d Starmer had become a soubriquet of choice among journalists. In his first months in post, many commentators quickly dismissed his leadership as an empty space where ideas should be. Certainly, he has not generated the kind of excitement many Labour members felt for Corbyn\u2019s vow to take on capitalism, or the optimism ex-Labour voters saw in Boris Johnson\u2019s \u201csunlit uplands\u201d. His promise of \u201csecurity\u201d is also strikingly different to the pitch made to voters by Harold Wilson in 1963, when he said he would unleash the white heat of the technological revolution, or Tony Blair\u2019s 1997 talk of a dazzling New Britain. But does a winning Labour party need such visions? Certainly, while in 1945 Clement Attlee said that Britain needed to face the future, it was a future in which security from ill-health, old age and unemployment was key. Perhaps the \u201cboring\u201d and \u201crisk-averse\u201d Starmer has actually stumbled on a political trope for our uniquely troubled times? He certainly believes he has \u2013 and he seems secure in that belief. Steven Fielding is professor of political history at the University of Nottingham"}