{"headline": "The Guardian view on Tory anti-racism: warm words and denial", "standfirst": "Shocking reports of a teenage girl strip searched at school are a stark reminder that institutional racism must be confronted", "author": "Editorial", "date": "Thu 17 Mar 2022 20.05 CET", "text": "Under the banner of Inclusive Britain, the equalities and levelling up minister, Kemi Badenoch, on Thursday set out a raft of measures (68 in all) aimed at reducing disparities between black and minority ethnic people and the white population. She also committed the government to a new approach to data and language in this area: the term BAME will no longer be used in Whitehall. Instead, more attention will be paid to the specific experiences of different groups. That has raised concerns that broader issues of racism will be overlooked or dismissed. This much was expected, and had been trailed in last year\u2019s report from the Commission on Race and Ethnic Disparities to which her announcement is the official response. The report earned well-deserved criticism for its Panglossian view of race relations and lack of enthusiasm for the term \u201cinstitutional racism\u201d. Ms Badenoch\u2019s response marks an improvement on the report itself, although she shares its authors\u2019 determination to take a broadly positive view of multicultural Britain. This week\u2019s news of a grotesquely inappropriate strip search carried out by police on a 15-year-old black girl in an east London school vividly conveys the limitations of this approach. Investigators decided that racism was likely to have been an \u201cinfluencing factor\u201d in the way the girl was treated, and she remains extremely distressed. While the details of this incident are shocking, its basic features are familiar. There is a wealth of evidence, in both individual cases and statistics, revealing racial disparities in experiences and outcomes across all walks of life \u2013 education, health, and the criminal justice system. These have been explored in detail by numerous previous government-ordered reports. Of course, there are good things about multicultural Britain and other factors than race that determine life chances. Class, economic and other inequalities overlap in important ways. But minimising racism \u2013 whether societal, institutional or individual \u2013 will not make it go away. We need to embed understanding of the way it operates \u2013 including in organisations such as the police, or in the Home Office\u2019s handling of the Windrush scandal \u2013 and not pretend that this is all in the past. The new emphasis on enforcement and litigation by the Equality and Human Rights Commission announced by Ms Badenoch could be constructive, if adequately resourced. Currently, the burden of proving discrimination rests heavily on complainants. Her promise to improve alternative provision, where children excluded from school are taught, is also welcome, along with firmer guidance on exclusions. A new model history curriculum could be a useful tool, though not if it becomes another battle in the divisive \u201cwar on woke\u201d being promoted by some ministers. Other measures appear vague and unanchored in existing policy. Local panels to scrutinise police, including the use of force and stop and search, are unlikely to build confidence until well-founded concerns about institutional discrimination have been dealt with. There is no sign of the resources that the NHS will need if it is to reduce health inequalities, or of the poverty-reduction strategy that would underpin any serious move in this direction. Educational inequalities are widening rather than narrowing. Against this backdrop, it is hard to believe that \u201cinclusive Britain\u201d will amount to more than warm words."}