{"headline": "Western values? They enthroned the monster who is shelling Ukrainians today", "standfirst": "However repressive his regime, Vladimir Putin was tolerated by the US, Britain and the EU \u2013 until he became intolerable\n\nRussia-Ukraine war: latest updates\n", "author": "Aditya Chakrabortty", "date": "Thu 17 Mar 2022 09.00 CET", "text": "Six days after Vladimir Putin ordered his soldiers into Ukraine, Joe Biden gave his first State of the Union address. His focus was inevitable. \u201cWhile it shouldn\u2019t have taken something so terrible for people around the world to see what\u2019s at stake, now everyone sees it clearly,\u201d the US president said. \u201cWe see the unity among leaders of nations and a more unified Europe, a more unified west.\u201d In the countdown to the invasion, the Conservative chairman Oliver Dowden flew to Washington to address a thinktank with impeccable links to Donald Trump. \u201cAs Margaret Thatcher said to you almost 25 years ago, the task of conservatives is to remake the case for the west,\u201d the cabinet minister told the Heritage Foundation. \u201cShe refused to see the decline of the west as our inevitable destiny. And neither should we.\u201d Western values. The free world. The liberal order. Over the three weeks since Putin declared war on ordinary Ukrainians, these phrases have been slung about more regularly, more loudly and more unthinkingly than at any time in almost two decades. Perhaps like me you thought such puffed-chest language and inane categorisation had been buried under the rubble of Iraq. Not any more. Now they slip out of the mouths of political leaders and slide into the columns of major newspapers and barely an eyebrow is raised. The Ukrainians are fighting for \u201cour\u201d freedom, it is declared, in that mode of grand solipsism that defines this era. History is back, chirrup intellectuals who otherwise happily stamp on attempts by black and brown people to factcheck the claims made for American and British history. To hold these positions despite the facts of the very recent past requires vat loads of whitewash. Head of the European Commission, Ursula von der Leyen, claims Vladimir Putin has \u201cbrought war back to Europe\u201d, as if Yugoslavia and Kosovo had been hallucinations. Condoleezza Rice pops up on Fox to be told by the anchor: \u201cWhen you invade a sovereign nation, that is a war crime.\u201d With a solemn nod, the former secretary of state to George Bush replies: \u201cIt is certainly against every principle of international law and international order.\u201d She maintains a commendably straight face. None of this is to defend Putin\u2019s brutality. When 55 Ukrainian children are made refugees every minute and pregnant women in hospital are shelled mid-labour, there is nothing to defend. But to frame our condemnations as a binary clash of rival value systems is to absolve ourselves of our own alleged war crimes, committed as recently as this century in Iraq and Afghanistan. It is to pretend \u201cour\u201d wars are just and only theirs are evil, to make out that Afghan boys seeking asylum from the Taliban are inevitably liars and cheats while Ukrainian kids fleeing Russian bombs are genuine refugees. It is a giant and morally repugnant lie and yet elements of it already taint our front pages and rolling-news coverage. Those TV reporters marvelling at the devastation being visited on a European country, as if its coordinates on a map are what counts, are just one example. Another is the newspapers that spent the past 20 years cursing eastern Europeans for having the temerity to settle here legally and now congratulating the British on the warmth of their hearts. And then there is the unblushing desire expressed by senior pundits and thinktankers that this might end with \u201cregime change\u201d \u2013 toppling Putin and installing in the Kremlin someone more congenial to the US and UK and certainly better house-trained. Spotting the flaw here doesn\u2019t require history, it just needs a working memory. The west has already tried regime change in post-communist Russia: Putin was the end product, the man with whom Bill Clinton declared he could do business, rather than the vodka-soused Boris Yeltsin. Indeed more than that, London and New York are not just guilty of hosting oligarchs \u2013 giving them visas, selling on their most valuable real estate and famous businesses \u2013 they helped create the oligarchy in Russia. The US and the UK funded, staffed and applauded the programmes meant to \u201ctransform\u201d the country\u2019s economy, but which actually handed over the assets of an industrialised and commodity-rich country to a few dozen men with close connections to the Kremlin. In 1993, the New York Times Magazine ran a profile of a Harvard economist it called \u201cDr Jeffrey Sachs, Shock Therapist\u201d. It followed Sachs as he toured Moscow, orchestrating the privatisation of Russia\u2019s economy and declaring how high unemployment was a price worth paying for a revitalised economy. His expertise didn\u2019t come for free, but was bankrolled by the governments of the US, Sweden and other major multinational institutions. But its highest cost was borne by the Russian people. A study in the British Medical Journal concluded: \u201cAn extra 2.5-3 million Russian adults died in middle age in the period 1992-2001 than would have been expected based on 1991 mortality.\u201d Meanwhile, the country\u2019s wealth was handed over to a tiny gang of men, who took whatever they could out of the country to be laundered in the US and the UK. It was one of the grandest and most deadly larcenies of modern times, overseen by Yeltsin and Putin and applauded and financed by the west. The western values that are being touted today helped enthrone the monster who is now shelling Ukrainian women and children. However corrupt and repressive his regime, Putin was tolerated by the west \u2013 until he became intolerable. In much the same way, until last month Roman Abramovich was perfectly fit and proper to own Chelsea football club. Now No 10 says he isn\u2019t. There are no values here, not even a serious strategy. Today, Boris Johnson claims Mohammed bin Salman is a valued friend and partner to the UK, and sells him arms to kill Yemenis and pretends not to notice those he has executed. Goodness knows what tomorrow will bring.  Aditya Chakrabortty is a Guardian columnist"}