{"headline": "The US supports illegal annexations by Israel and Morocco. Why the hypocrisy?", "standfirst": "America must be consistent. It cannot pick and choose when to follow international law", "author": "Peter Beinart", "date": "Thu 10 Mar 2022 12.09 CET", "text": "Last December, as Russian forces encircled Ukraine, the Biden administration and its allies delivered a stark warning to Vladimir Putin: \u201cAny use of force to change borders is strictly prohibited under international law.\u201d In January, as Russian troops massed even in even greater numbers, Secretary of State Antony Blinken added that \u201cthe inviolability of frontiers\u201d was among the \u201cguiding principles for international behavior.\u201d Last month, after Russia\u2019s parliament recognized the independence of two self-declared republics Moscow had cleaved from eastern Ukraine, Blinken called this infringement upon \u201cUkraine\u2019s sovereignty and territorial integrity\u201d a \u201cgross violation of international law.\u201d All this is indisputably true. Remaking borders by force violates a core principle of international law. Which is why the Biden administration must do more than resist Russia\u2019s aggression in Ukraine. It must stop violating that principle itself. In 2019, the Trump administration made the United States the only foreign country to recognize Israel\u2019s sovereignty of the Golan Heights, which Israel seized from Syria in the 1967 War. Tel Aviv University Law Professor Eliav Lieblich noted that the decision \u2013 which contradicted a unanimous United Nations Security Council resolution supported by the US itself \u2013 constituted a \u201csignificant departure from the bedrock legal prohibition of unilateral annexation.\u201d Yale Law School\u2019s Oona Hathaway called the move \u201coutrageous and potentially destabilizing to the postwar international order.\u201d The Russian government called it an \u201cindication of the contempt that Washington shows for the norms of international law.\u201d After Trump\u2019s move, Illinois Senator Richard Durbin asked Secretary of State Mike Pompeo to explain the legal difference between Israel\u2019s annexation of the Golan and Moscow\u2019s 2014 annexation of Crimea, which had led the US to impose sanctions. Pompeo replied that \u201cthere\u2019s international law doctrine on this very point. We don\u2019t have time to begin to go through it today. But [I\u2019m] happy to have a team go over and walk you through that.\u201d When journalists followed up, the State Department cited no international law doctrine at all. To the contrary, a department spokeswoman declared, nonsensically, that \u201cThe US policy continues to be that no country can change the borders of another by force.\u201d Then, in 2020, the Trump administration followed up by making the United States the only foreign country to recognize Morocco\u2019s annexation of Western Sahara, a territory Morocco invaded in 1975 after the territory\u2019s Spanish colonial rulers withdrew. Former Secretary of State James Baker III called the decision an \u201castounding retreat from the principles of international law.\u201d Once again, the United States contradicted Security Council resolutions it had supported itself. Once again, Russia blasted the US for transgressing a \u201cuniversally recognized international legal\u201d principle. Since taking office, the Biden administration has reversed neither of these Trump decisions. To the contrary, the US continues to provide Israel almost $4 billion in military aid per year absent any human rights conditions even as Human Rights Watch and Amnesty International allege that it is practicing apartheid. The Biden administration has also boosted arms sales to Morocco even though the US-based democracy watchdog Freedom House reports that people in Western Sahara enjoy fewer freedoms than people in China or Iran. Russia\u2019s full-scale invasion of Ukraine gives the Biden administration a chance to reconsider this dangerous path. It can harness the current global revulsion against Putin\u2019s aggression to rebuild the principle that no country should redraw another\u2019s borders by force. But only if it reverses Trump\u2019s decisions and proves that the US is willing to live by the standards it demands of Moscow. Politically, that won\u2019t be easy since Israel, which enjoys strong support in Washington, benefitted from both of Trump\u2019s decisions\u2014his decision on the Golan Heights and his decision on Western Sahara, which helped convince Morocco to normalize diplomatic relations with the Jewish state. But international norms only remain strong if countries abide by them when they\u2019re inconvenient. And if the US chooses continued hypocrisy, it will make Ukraine, Taiwan and every other weaker nation bordered by a rapacious neighbor more vulnerable. After Secretary of State Pompeo defended Trump\u2019s recognition of Israel\u2019s annexation of the Golan Heights, Senator Durbin warned that, \u201cI don\u2019t think the administration is thinking clearly about how this ends well.\u201d He was right. The continued erosion of the norm against international aggression will not end well. Russia\u2019s attack on Ukraine is just the latest sign. The Biden administration can stem that erosion now. But in addition to the military battle it is assisting in Ukraine, it must wage a political battle at home. Peter Beinart is professor of journalism and political science at The Newmark School of Journalism at the City University of New York. He is also editor-at-large of Jewish Currents and writes The Beinart Notebook, a weekly newsletter.  This article was amended on 26 April 2022, to clarify that the United States became the only foreign country to recognize Morocco\u2019s sovereignty of Western Sahara, rather than its annexation of Western Sahara as an earlier version said. "}