{"headline": "If you feel old, lonely and wary of the internet, do what I did \u2013 learn Zoom", "standfirst": "Video tech was my salvation during lockdown. The important thing is to take the first step. After that, it\u2019s like driving a car", "author": "Esther Rantzen", "date": "Thu 10 Mar 2022 13.00 CET", "text": "The last thing I\u2019d ever want to do is lecture my \u201celders and betters\u201d (as my grandmother called the older generation) about their behaviour. We oldies already know how to stay happy and healthy. We\u2019ve had our jabs, we take our exercise, we\u2019ve given up smoking and we eat our greens. So we don\u2019t need any young whippersnapper \u2013 or worse, elderly TV presenter \u2013 to tell us what to do. But I have learned an important lesson in the two years since Covid hit, and I thought maybe others could benefit from it too. It\u2019s about the internet. My generation is very wary of the internet \u2013 a view I understand and, to an extent, share. Every day there are new warnings about the dangers of cyberspace: the scams and the swindlers targeting older people. Callers to the Silver Line helpline, which I founded a decade ago as a resource for older people, often say that trying to navigate this jungle with a mouse, a keyboard and a mystifying screen is a challenge that has defeated them. In a 2019 Office for National Statistics survey, less than half of over-75s said that they had recently used the internet. That wouldn\u2019t be such a problem, except that so many things are now migrating online \u2013 and technology\u2019s triumphant march is leaving an awful lot of older people very isolated. Take shopping. My grandmother enjoyed pottering around the high street, exchanging gossip with shopkeepers who would greet her by name, ask after her family, and recognise and value her. Now, my high street is a tangle of charity shops and a few remaining chainstores and supermarkets. The human face has been replaced by a click on a screen. Even before the pandemic, Age UK found that in England, 1.4 million older people often felt lonely. It\u2019s not easy to admit, because loneliness carries a stigma. The word we hear most often from callers to the Silver Line helpline is the \u201cb\u201d word \u2013 \u201cburden\u201d. One wrote anonymously to me that since she lost her husband of 54 years, she sometimes goes \u201cfor three days at a time without talking to anyone. I am an optimist by nature and sometimes I need that to get through another pointless day when I feel as if I am a waste of space.\u201d No wonder loneliness causes serious damage to mental and physical health. I do not believe that there is a magic bullet to combat loneliness. But having seen how technology was cutting off older people, I learned to my surprise during lockdown that it could also offer a solution. When we were unable to meet face to face, it brought my family and friends into my home. We couldn\u2019t travel, or hug, but still every day we could laugh, chat and send each other pictures. Work continued \u2013 I attended weekly meetings via FaceTime and Skype. If only Boris Johnson had realised, as I did, that he could use Zoom to hold parties. It\u2019s convenient, easy, and I still do it. Even though I live deep in a forest, I still feel connected with the outside world, and the skills I learned during lockdown continue to prove their value to me day by day. The key is getting started. The University of the Third Age, U3A, conducted tutorials during lockdown to encourage members to use the internet, to upskill them and to have fun. In one session, 80 ukulele-playing U3A members joined in a virtual jam session. When Covid first drove me out of London into the wild beauty of the New Forest, I had only a very fragile three kilometres of copper wire linking my laptop with the outside world, so Zoom and Teams conferences and streaming video were impossible. I became only too aware how crucial high-quality broadband is. Even when, after six months, this did reach our village, I still had to learn how to actually use Zoom and Skype, but once you invent memorable passwords (and learn how to reinvent them when, as inevitably happens, they become unmemorable) they become your best friends. The good news I have discovered from the last 18 months of Zooming is that you only have to look respectable down to the waist, so you can spend the day in comfy slippers. And shopping online turns every day into Christmas as parcels arrive you have no memory of ordering but turn out to be exactly what you wanted, at least some of the time. And if you occasionally forget to unmute yourself, doesn\u2019t everyone? It\u2019s up to us oldies to take the first step. If any of us feel excluded or confused by technology, we must swallow our pride and ask for help. We need to encourage our friends, families, charities and volunteers to guide and mentor us into the brave new world. I suspect it will be far easier than we fear: if we can type, we can use a computer. And it\u2019s worth it. A review of the literature on the impact of the internet on older people found lots of evidence for \u201cthe positive effect of computer use on the psychological functioning and wellbeing of the older adults\u201d, and that internet use \u201chas also been associated with decreased loneliness and depression, better social connectedness, self-esteem and cognitive functioning, improved self-efficacy, self-control, self-determination, social interaction, education and skills development\u201d. Yes, there are new dangers, but any adventure has its risks. I would remind any reluctant fellow oldies that the invention of the car meant learning to drive, memorising the Highway Code, and fastening our seatbelts in order to stay safe. The same applies to navigating the internet: it\u2019s a challenge at first, but it\u2019s worth it. Like the car, the internet enables us to explore the world, to join our friends and loved ones, to celebrate together. And if at first the computer defeats us, it\u2019s a wonderful excuse to ring up our grandchildren and ask them for help. Esther Rantzen is a journalist and broadcaster who founded the child protection charity ChildLine and the free, confidential Silver Line helpline for older people (0800 4 70 80 90)"}