{"headline": "The Guardian view on Ukraine\u2019s cultural heritage: a second front", "standfirst": "Vladimir Putin\u2019s war against Ukraine is not just about territory. It\u2019s about who owns a nation\u2019s story", "author": "Editorial", "date": "Thu 10 Mar 2022 20.00 CET", "text": "Culture has long been a proxy in the assertion of power by one people over another. Recent egregious examples include the Chinese government\u2019s attempt to suppress Uyghur religion, literature, music, even food, and Islamic State\u2019s destruction of ancient monuments. In war, culture is a second front. At their most extreme, wars are about eradicating a people\u2019s cultural memory altogether, wiping them from the slate as if they had never been. That Vladimir Putin should have prefaced his invasion with a speech falsely framing Ukraine as essentially Russian is on the one hand a spurious justification for invasion, and on the other an attempt to seize, simplify and own a complex historical narrative about the two intertwined but distinct nations. However, Mr Putin has been outsmarted by his Ukrainian counterpart, Volodymyr Zelenskiy. The former comedian, who had never held office before his 2019 election, has, remarkably, been a persuasive rhetorician and war leader. On the other hand, a career in acting is perhaps exactly what was required for him to step so convincingly into this new role. He is not the only one to make such a leap. A potent symbol of the ploughshares-to-swords shift of Ukraine is the fact that ballet dancers from Kyiv\u2019s national opera house have joined the fight. Elsewhere, symbols of Ukrainian resistance \u2013 the sunflower, and the blue and yellow of the national flag \u2013 have been deployed internationally to moving effect. And acts of fellowship \u2013 making Ukrainian food, for example, as part of the UK-based Cook for Ukraine humanitarian fundraising effort \u2013 have their own simple and practical power. \u201cIf we lose our culture, we lose our identity,\u201d Lilya Onyshchenko, the head of Lviv\u2019s city council heritage protection office, told the Guardian. Ms Onyshchenko went on to emphasise that the city in western Ukraine had always been multicultural. It is not clear what Mr Putin\u2019s intentions are, precisely, in relation to Ukraine\u2019s assertion of its own identity. But the understandable fear is that Russian expansion seeks to colonise minds as well as places. In some ways, intentions are less important than effects, amid war\u2019s messy reality. A missile strike in Kyiv that reportedly killed five people was seemingly directed at the television tower, but it lies close to Babyn Yar, the site of the massacre of 150,000 people during the second world war, including 30,000 Jews \u2013 a great irony given Mr Putin\u2019s stated ambition to \u201cdenazify\u201d Ukraine. An attack on the town of Ivankiv, 50 miles north-west of Kyiv, set afire the town\u2019s Historical and Local History Museum, destroying precious works by the 20th-century folk artist Maria Prymachenko. The artist is an important symbol of Ukrainian art \u2013 and Ukrainian hope. Three decades ago, war in the former Yugoslavia saw sacred and beautiful places such as Dubrovnik or the Mostar bridge and old town targeted, sometimes with the intention of erasing the evidence that people of another religion or ethnicity had once lived there. Whether or not sites like Babyn Yar and Ivankiv\u2019s museum have been collateral damage rather than actual targets, the cultural front in war is never trivial. This is a conflict, like so many others, that\u2019s not just about controlling territory \u2013 but owning narrative."}