{"headline": "The cold war terrors are back, baby, and generation X finally has something to offer the young", "standfirst": "We weren\u2019t called the \u2018bleak\u2019 generation for nothing. The fear of annihilation saturated the cultural treasures of our youth", "author": "Van Badham", "date": "Thu 10 Mar 2022 05.33 CET", "text": "Vladimir Putin\u2019s disastrous invasion of Ukraine has been hampered by profound logistical failures, the unexpected ferocity of Ukraine\u2019s resistance and an unprecedented sanctions regime that has brought Russia to the brink of economic collapse. Little wonder Putin\u2019s already out rattling sabres and making veiled threats about the prospect of nuclear war. Much was made last week of the Russian dictator\u2019s announcement that strategic nuclear weapons forces had been placed on high alert. The pretext then was \u201caggressive statements\u201d towards Russia from Nato members. Whether Putin\u2019s threats are serious or hollow, or Ukraine\u2019s nuclear facilities under control or out of it, new generations of humanity are facing a fear that their elders remember too well. The cold war terrors are back, baby, and as the millennial and zoomer generations wig out about atomic incident monitoring and a new reality of \u201cescalation\u201d, it seems ol\u2019 generation X finally has cultural treasure to offer the young. Born between 1965 and 1980, generation X has fewer members than the boomers and millennials either side of us. We arrived when the bright optimism of the early postwar years faded as radioactivity\u2019s brutally transformative, long-term effects were observed. 1958\u2019s UN Scientific Committee on the Effects of Atomic Radiation reported on infant deaths caused by radiation, and cancers that had bloomed in those downwind to nuclear tests. Generation X teens coming of age in the 1980s also did so in the shadow of a prophesied \u201cnuclear winter\u201d; scientists realised the destruction of atomic war would pump so much soot into the atmosphere that descending cold darkness would cause global crop failure and famine. All this was learned at the height of a cold war, in which Chernobyl was melting down, and the then-Soviet states and the west had literally thousands of warheads pointed at one another. We were just kids \u2013 and generationally powerless to do anything about it. They didn\u2019t call gen X the \u201cbleak generation\u201d for nothing. The fear of annihilation saturates the cultural products consumed by gen X as young people. We were given children\u2019s books about nuclear horror \u2013 Z for Zachariah, Sadako and the Thousand Paper Cranes and the devastating graphic novel When the Wind Blows. They were terrifying \u2013 a desperate gambit from the adults who wrote them to frighten us away from making bad decisions in the future we\u2019re living in now. Those seeking empathy for reawakened terror today may wish to revisit tunes like Frankie Goes to Hollywood\u2019s Two Tribes, OMD\u2019s droll Enola Gay, or Billy Bragg\u2019s Help Save the Youth of America. Nena\u2019s hit 99 Luftballons ponders geopolitical tensions so delicate they might only take some loose balloons to provoke nuclear conflagration. The 1987 novelty dance hit Walk the Dinosaur is an ironic warning about bombing ourselves back to the stone age. And the eternal prom anthem Forever Young is really a German lament about preferring to die rather than live under perpetual clouds of nuclear-armed anxiety, waiting out Armageddon. Australia didn\u2019t have the proximity of our European or American cousins to the poised warheads, but apocalyptic local films like 1984\u2019s One Night Stand and the Mad Max franchise demonstrate they remained pointed at our minds. These join a genre of nuclear horror best exemplified by 1983 US film The Day After and 1984\u2019s British drama Threads. The first was watched by 100 million Americans, US president Ronald Reagan, Soviet leader Mikhail Gorbachev and subsequently the TV audience of the Soviet Union. Reagan himself reportedly credited The Day After as inspiring him to sign the Intermediate-range Nuclear Forces Treaty with Gorbachev in 1987, which greatly reduced the superpowers\u2019 nuclear arsenal. The film posits a best-case nuclear conflict scenario, where the survivors of a nuclear blast in Kansas suffer greatly and take several painful days to die. Threads is more horrific because some of its protagonists survive, emerging from the fallout shelters into a cold, dark and hungry world where hope itself has been exterminated. The show is now recognised as a masterpiece and an \u201cunforgettable lesson in true horror\u201d, and online activists suggest viewings be arranged for Putin. Would he be moved? Probably not. And yet the generation who saw it first are no longer powerless. In our 40s and 50s now, gen Xers are in senior positions of influence and command worldwide. The fate of the war in Ukraine \u2013 and the world \u2013 may yet depend on how much the bleak generation remembers of its childhood fears.  Van Badham is a Guardian Australia columnist  This article was amended on 11 March 2022. An earlier version referred to the graphic novel When the Wind Blows as Where the Wind Blows"}