{"headline": "So much has changed since 1938, but not the very British way of coping with crisis", "standfirst": "People knew the news was grave before the second world war. They feel that now. In both eras, we have developed strategies to get by", "author": "Ian Jack", "date": "Sat 19 Mar 2022 09.00 CET", "text": "Armed conflict, especially when fought against a more powerful enemy, produces the loftiest national rhetoric. It keeps our spirits up, and we tend to remember the best bits. In his speech to the Westminster parliament last week, Volodymyr Zelenskiy echoed Churchill\u2019s \u201cWe shall fight on the beaches\u201d passage from his post-Dunkirk oration, but the Ukrainian president might just as appositely have referenced one of Britain\u2019s most hostile critics. \u201cThese are the times that try men\u2019s souls,\u201d the English radical and American patriot Thomas Paine wrote in 1776, when the American revolutionary war was only a year old and its outcome far from certain. \u201cThe summer soldier and the sunshine patriot will, in this crisis, shrink from the service of their country,\u201d Paine continued, \u201cbut he that stands by it now, deserves the love and thanks of man and woman. Tyranny, like hell, is not easily conquered: yet we have this consolation with us, that the harder the conflict, the more glorious the triumph.\u201d The words began Paine\u2019s essay in a pamphlet \u2013 the first of 16 \u2013 that he hoped would inspire and sustain the colonists\u2019 opposition to London rule. Like a lot of rhetoric, it includes nonsense more apparent today than when it was first heard or read. King George III is now nobody\u2019s idea of a tyrant, and when Paine compares London\u2019s oppressive regulation to slavery \u2013 if it isn\u2019t slavery, he says, then \u201cthere is not such a thing as slavery upon Earth\u201d \u2013 he reveals a remarkable blindness to the real, non-metaphorical chattel slaves who underpinned so much of the American economy. Still, \u201cthe summer soldier and the sunshine patriot\u201d is a memorable phrase, the prose has an appealing rhythm, and, not the least of their attractions, the titles of the pamphlets place them firmly in the modern age. Some were called The American Crisis and others simply The Crisis. A more urgent era had begun. The word itself is ancient \u2013 from the Greek krisis meaning decision, used by Hippocrates to describe the turning point in the progress of a disease that leads either to recovery or death. By the 17th century its usage had begun to spread beyond medicine. In 1627, Sir Benjamin Rudyerd MP, trying to mediate between Charles I and parliament, spoke of the \u201ccrisis of parliaments; by this we shall know whether parliaments will live or die\u201d. Astrologers were soon using the word to describe a conjunction of the planets that was critical to human affairs. Gradually, it came to mean something more prolonged than a life-or-death moment. The factory owner and social reformer Robert Owen edited a short-lived newspaper, The Crisis, that promoted \u201cthe change from error and misery to truth and happiness\u201d, while Marx and Engels in the Communist Manifesto describe \u201ccrises that by their periodical return put the existence of the entire bourgeois society on its trial, each time more threateningly\u201d. In the 20th century, anxiety and feelings of powerlessness became central to the experience. Charles Madge and Tom Harrisson, founders of the Mass Observation movement in the crisis-afflicted 1930s, decided that the word had no very exact meaning, but had come to be one of those things, like epidemics and earthquakes, \u201cwhich suddenly arrive to threaten the security of our ordinary lives\u201d. National or international, a crisis was \u201ca kind of melting pot for boundaries, institutions, opinions\u201d. It was the last that most intrigued Madge and Harrisson: how opinions were formed, how they changed, what they were alleged to be, and what they actually were. The Munich crisis of September 1938 and the events leading up to it gave Mass Observation a marvellous chance to find out, and its 1,500 voluntary observers \u2013 interviewers and eavesdroppers in the cause of a primitive anthropology \u2013 were deployed to record both public and private moods. The results appeared in a Penguin Special published the next year, price sixpence. I bought a secondhand copy 50 years ago, and it remains a favourite book. There\u2019s so much life, variety and wit in it. (Observer to barmaid in Bolton: \u201cWhat do you think of the Austrian crisis?\u201d Barmaid: \u201cOh, I\u2019m not fussy.\u201d) Britain was a different country then \u2013 patriarchal, monocultural, with newspapers, BBC radio and rumour the only sources of information outside the personal experience of family and friends. Nonetheless, attitudes that were common then still persist. The bad news of 1938 produced reactions that have become familiar again in the past few years. One is that there is simply too much of it \u2013 too much news, too much of it bad. Mass Observation found the public\u2019s interest in crises was decreasing. After all, what could people do to change things? A clerk in 1938: \u201cI am getting tired of people talking about wars in Spain and China \u2026 if people start talking about another war I feel like saying, \u2018For goodness sake shut up.\u2019\u201d My neighbour in 2022: \u201cI buy the Week and read it once a week. That\u2019s it. I never read, watch or listen to any other news for the sake of my psychic health.\u201d Wife (to me) in 2022: \u201cShould we switch from the Today programme to Radio 3 in the morning like we did during Covid?\u201d Newspapers were by far the biggest opinion formers in 1938, though the people whose opinions they formed often didn\u2019t trust them. Madge and Harrisson pointed out the irony: \u201cIt is like being led through [a] strange country by a guide who may turn out to be a gangster. Hence most opinion, except the most fanatical, is tinged with uncertainty \u2026 \u201d Today, mainstream sources of news are flatly contested as well as distrusted. Walking to the tube to get to the Russian embassy the other day, and carrying a placard (STOP PUTIN, STOP WAR), my wife had two encounters. A man by an ice-cream van shouted to her: \u201cYou\u2019ve got to be careful about your sources of information \u2026 CNN is putting out poison \u2026 You\u2019ve got to keep your radar spinning.\u201d Then, at the station, a woman who turned out to be Russian approached, trembling and hyperventilating. \u201cNo, no, it\u2019s lies, it\u2019s American lies,\u201d she said. \u201cThe Ukrainians have been killing people for years \u2026 in the war they would shoot children.\u201d My wife said that in Russia they couldn\u2019t be having this conversation, and the woman said frankly that was true. \u201cBut the Americans will soon make it like that here, too.\u201d Russia had better things to do than invade Ukraine, morally and practically. The permafrost is melting all the way across Siberia, swelling the land as if it had boils and releasing huge quantities of methane. A force of nature, it may well be unstoppable \u2013 impossible, unlike the burning of fossil fuels and chopping down of rainforests, to moderate by changing human behaviour. This is a crisis to end crises, and a rhetoric has still to be found to match it. Ian Jack is a Guardian columnist"}