{"headline": "Facebook\u2019s solidarity with Ukraine is impressive. Now extend it to others", "standfirst": "Powerful tech platforms like Facebook and Instagram act very differently when people make even mild criticisms of, say, Israeli occupation of Palestine", "author": "Moustafa Bayoumi", "date": "Sat 19 Mar 2022 11.33 CET", "text": "Last week, we learned that Meta \u2013 the parent company of Facebook and Instagram \u2013 had temporarily changed its rules to allow certain posts calling for violence to remain on its platforms. Users of Facebook and Instagram who live in countries close to Ukraine would be permitted to post calls for violence against Russian soldiers and even for the deaths of the Russian president, Vladimir Putin, and his Belarusian counterpart, Alexander Lukashenko \u2013 though without specifics of location or method, the company stipulated. \u201cAs a result of the Russian invasion of Ukraine we have temporarily made allowances for forms of political expression that would normally violate our rules, like violent speech such as \u2018death to the Russian invaders\u2019. We still won\u2019t allow credible calls for violence against Russian civilians,\u201d Meta said in a statement (which was followed this week with an update to clarify that \u201ccalls for the death of a head of state\u201d would also be outside the permitted scope). Meta may be the biggest social media company to make changes to its operations, though it\u2019s hardly the only one. You won\u2019t find any Russian state-funded media videos on YouTube any longer, as Google, YouTube\u2019s parent company, has blocked access to any channel that hosts those videos. TikTok, owned by the Chinese company ByteDance, announced that it would block livestreaming and uploading of new content in Russia after the Kremlin passed a new law criminalizing what it considers to be \u201cfake\u201d news about its invasion of Ukraine. But Meta\u2019s announcement, which has the company allowing more content rather than less, sets it apart from the others. In some ways, this brazen announcement is a welcome one, but not for its encouragement of violence. (The use of violence here is at bottom a moral question, though the right to armed resistance against a belligerent occupation is generally recognized under international law.) Meta\u2019s statement is welcome because it clarifies something that many of us have already known for some time. When it comes to political speech, Facebook\u2019s policies have never been applied evenly. Palestinians know this double standard better than most. Last May, when the Israeli government was seeking to forcibly uproot Palestinian families from their homes in Sheikh Jarrah, protests broke out on the streets of Jerusalem and on screens across the world. Facebook and Instagram were hardly neutral spaces for information-sharing during this period, and Facebook was definitely not on the side of the occupied in that situation. \u201cFacebook has suppressed content posted by Palestinians and their supporters speaking out about human rights issues in Israel and Palestine,\u201d Human Rights Watch wrote in a scathing report issued in October 2021. The suppressed speech that Human Rights Watch refers to was not even violent speech. Often, it was simply \u201creposts of content from mainstream news organizations\u201d by Palestinians. \u201cIn one instance,\u201d the report says, \u201cInstagram removed a screenshot of headlines and photos from three New York Times opinion articles for which the Instagram user added commentary that urged Palestinians to \u2018never concede\u2019 their rights. The post did not transform the material in any way that could reasonably be construed as incitement to violence or hatred.\u201d All in all, social media watchdog groups found more than 700 examples of content being deleted, hashtags being hidden, accounts being closed, archived content being deleted, and more. Facebook and Instagram, the report notes, accounted for 85% of those restrictions. Palestinians have become accustomed to fighting against this type of national erasure, though that doesn\u2019t make it any less exhausting to confront. With its latest move, however, Facebook is not only acknowledging that it plays an important role in directing global politics, but is also now taking a very public position against foreign military occupation. This is an excellent development. Is Facebook now committing to transparency and to the principles of international law? Surely, we must hope so. Otherwise, the internet behemoth will come off merely as a corporate partisan of American and Western European positions rather than as a potential vehicle to uphold universally agreed-upon values. Therein lies the difference between Facebook\u2019s Ukraine and Palestine stances. In other words, Facebook\u2019s announcement could and should help us make the connections between besieged and occupied people everywhere and increase the desire to fight for them equally, and we should and will now be expecting Facebook to do the same. That\u2019s why pointing out Facebook\u2019s double standard between Ukraine and Palestine is about more than exposing a hypocritical past. It\u2019s about raising the bar on everyone\u2019s behavior. As such, it\u2019s also the opposite of \u201cwhataboutism.\u201d In case you\u2019re not familiar with \u201cwhataboutism,\u201d this is a term that refers to a rhetorical strategy of skillful deflection. Whataboutism aims to move the subject of conversation away from one party\u2019s evil actions by pointing out the sins of another. Let\u2019s say you are angry about what Russia is doing in Ukraine. Then, someone asks you, \u201cbut what about what the US is doing in Somalia?\u201d Soon, the conversation is no longer about Russia and only about the United States. Whataboutism = deflect, distract, demobilize. Whataboutism has permeated so much of today\u2019s discourse around Russia\u2019s invasion, and often at Russia\u2019s behest. Perhaps you saw that map circulating on social media the day Russia began its most recent invasion of Ukraine. The graphic, titled \u201cAirstrikes in the last 48 Hours,\u201d purported to show areas around the world that had recently been bombed by various powers on the same day of Russia\u2019s incursion. The image, shared thousands of times on social media, was distributed by the Berlin-based media group Redfish in a classic example of whataboutism. (And, as it turns out, Redfish is sponsored by none other than the Kremlin.) In an article about this specific map, Vice quoted Idrees Ahmad, a lecturer in digital journalism at the University of Stirling, who explained that in cases of Whataboutism, \u201cthe hypocrisy being alluded to is often real, and can trigger righteous fury in the audience.\u201d But people, Ahmad said, \u201care duped because the aim is not to generate greater sympathy for a different conflict but to deflect attention from the one at hand.\u201d Facebook\u2019s announcement of its newfound political bravery should awaken us to the fact that we need new terminologies that connect - rather than misdirect us from \u2013 the common human struggles for liberty that we see and experience around us. \u201cAnd-also-ism\u201d is my (admittedly poor) candidate for a term that captures this idea, but I recognize that there may be a simpler way around the issue. Come to think of it, how\u2019s this for a word: Freedom. Freedom for Ukrainians. Freedom for Palestinians. Freedom from invasion. Freedom from occupation. Freedom for one. Freedom for all. Freedom. Freedom. Freedom. Moustafa Bayoumi is the author of the award-winning books How Does It Feel To Be a Problem?: Being Young and Arab in America and This Muslim American Life: Dispatches from the War on Terror. He is professor of English at Brooklyn College, City University of New York. He is a contributing opinion writer at Guardian US  This article was amended on 24 March 2022 to reflect that Meta issued an update to its initial statement on violent speech to clarify that calls for the death of a head of state would not be allowed."}