{"headline": "Who pays the P&O ferryman? The 800 staff thrown overboard, of course", "standfirst": "The Dubai-owned ferry company\u2019s treatment of its former employees has managed to appal even the UK government", "author": "Marina Hyde", "date": "Sat 19 Mar 2022 16.40 CET", "text": "Mesmerising work by P&O Ferries, whose decision to sack 800 seafaring staff over a Microsoft Teams meeting makes them slightly more distasteful boat owners than several people on the international sanctions list. Indeed, for the duration of the HR chief\u2019s message on Thursday, there may even have been people smugglers in the Channel who would have been more palatable. Certainly, they seem to operate some of the same routes more reliably. And so to how the day unfolded. On Thursday morning, P&O Ferries recalled its vessels to port with the most ominous words in the shipping forecast \u2013 \u201call-colleague announcement\u201d \u2013 promising that \u201clong-term viability\u201d was about to be secured. Sounds good! At which point, the human resources guy delivered a pre-recorded message from some kind of middle-management bunker, as though he were coordinating the resistance of a besieged eastern European country and not just avoiding having to look any of the staff in the eye when he tells them they\u2019re being \u201crestructured\u201d with immediate effect. The former employees were informed their jobs would be promptly taken over by cheaper agency workers. Whether this is even legal is a matter of some debate; suffice to say the implications of the story continue to unfurl themselves like the petals of a stinking corpse lily. Having made their peace with losing out on Employers of the Year 2022, P&O Ferries apparently followed up the video message by sending balaclava-wearing, handcuff-trained private security guards on to the boats to clear away all remaining \u2026 colleagues, is it? Some staff refused to leave their vessels but eventually dispersed when it was suggested that they were risking their severance. Justified outrage is apparently above their paygrade. Sorry \u2013 ex-paygrade. Even the government seems appalled, while a lot of people have a lot of questions. None of which are, \u201cOoh, is that HR guy single?\u201d For the video alone, he must be judged the worst person associated with ferries since Chris Grayling. (Although, as I know you\u2019ll recall, Chris was more associated with firms that didn\u2019t have any ferries. That was kind of the problem. All right, all right \u2013 one of the problems.) I can tell you that a mere four months ago, a P&O honcho was on LinkedIn pushing a video celebrating the company as an employer who wanted to \u201cdo things differently\u201d. As this uplifting film explained of working at the company \u2013 \u201cIt\u2019s not just a job; it\u2019s a career. It\u2019s not just a job; it\u2019s the future of seafaring. It\u2019s not just a job; it\u2019s family.\u201d Righto. Unfortunately, it\u2019s the Roy family. What a crew this is. Dimly and belatedly realising that perhaps he ought to say something, P&O Ferries\u2019 chief executive, Peter Hebblethwaite, wrote to staff on Friday morning, touching euphemistically on what he called \u201cchanges we\u2019re making to our crewing model\u201d. Why do people talk like this even in their employees\u2019 hour of anguish? It\u2019s not \u201cchanges to a crewing model\u201d \u2013 it\u2019s sacking them. I see he\u2019s also claiming it is \u201cessential\u201d that staff \u201cavoid posting any comments or views on social media\u201d. So I\u2019m happy to point out that Peter will be paid hundreds of thousands of pounds a year to be this much of a cowardly arse. Of course, it\u2019s not just Peter and the P&O family guys we see \u2013 in many ways they\u2019re the monkeys as opposed to the organ-grinder. As you\u2019d expect of any self-respecting island nation, Britain\u2019s P&O Ferries is now owned by the Dubai-based DP World. Things we know about DP World? They have a \u00a3146m unpaid debt with the Merchant Navy Ratings pension fund, which is supposed to offer P&O Ferries staff security in their retirement. And they\u2019ve also just spaffed \u00a3147m sponsoring golf\u2019s European tour. Which seems a little on the nose, even by the debased standards of the age. As for the age, it continues to feel not-as-billed. The movies might have led you to believe that late stage capitalism would feature a charismatically monstrous overlord, shot on a multimillion-dollar lighting budget. In fact, it\u2019s just a HR guy reading off his Notes app, as he explains that your immediate financial devastation is \u201cwell beyond the statutory requirements\u201d. Hard to imagine how this could have been more excruciating, unless he had prefaced it with a poem by Bono, as the House speaker, Nancy Pelosi, did the same day in her St Patrick\u2019s Day remarks. Affectlessly aware that they can do whatever they want, executives like our HR guy talk like the hold music to the underworld. Perhaps appropriately. After all, in ancient Greek mythology, Charon the ferryman would carry the newly deceased souls across the River Styx. It was a fairly turbo-capitalist transit system itself, actually \u2013 if you didn\u2019t have the fare you had to wander the shores for a hundred years, probably while a lot of spectral figures explained how you could easily have saved for a house deposit if you\u2019d just had the drive to live a bit longer. Charon was described as a \u201csordid god\u201d by Virgil (who was not the poet Bono is, but still quite good), though that was all thousands of years ago. These days, we should expect our passage to the other side to be helmed by someone very like our HR guy, probably droning \u201cget in the hole\u201d as he watches European tour highlights on his phone. Might as well start sucking it up, passengers \u2013 you\u2019re a long time dead. Marina Hyde is a Guardian columnist"}