{"headline": "There could never be an \u2018Elona\u2019 Musk \u2013 women are held to far higher standards than men", "standfirst": "We are socially conditioned to think of brilliance and genius as male traits, but the bar is also a lot lower for men", "author": "Arwa Mahdawi", "date": "Sat 19 Mar 2022 14.00 CET", "text": "Elon Musk may not be a diplomat but, as everyone knows, he is a genius. And, true to form, the man has come up with a genius way to end Russia\u2019s invasion of Ukraine. (The United Nations, I hope you\u2019re listening!) Here we go \u2026 he wants to fight Vladimir Putin. Just him and Putin, man-to-man, battling it out. \u201cI hereby challenge [Vladimir Putin] to single combat,\u201d Musk tweeted on Monday. \u201cStakes are [Ukraine].\u201d Putin was a little too busy committing war crimes to reply but, don\u2019t worry, Musk still got the attention he so desperately craves. On Tuesday, the billionaire shared a post from the messaging app Telegram written by Ramzan Kadyrov, the pro-Putin head of the Chechen Republic. Kadyrov told Musk that he was in a completely different league from Putin and needed to \u201cpump up those muscles in order to change from the gentle (effeminate) Elona into the brutal Elon you need to be\u201d. Not one to let a humanitarian crisis distract him from a bit of banter Musk then changed his display name on Twitter from \u201cElon Musk\u201d to \u201cElonaMusk\u201c. (He has since changed it back.) All of this is completely idiotic, of course, but I have to admit that Musk is on to something here. Wouldn\u2019t it be wonderful if we replaced wars with wrestling matches between world leaders? Instead of killing innocent civilians, leaders could just duke it out among themselves. They get to stroke their egos and feel like Real Men\u2122 without everyone else paying for it. It\u2019s a nice idea but, of course, it\u2019s impossible to imagine it ever actually happening. You know what else is impossible to imagine? A real life Elona Musk. There could simply never be a female version of Musk. A woman could never act the childish way that Musk acts and still be revered as a brilliant entrepreneur. A female CEO could never get away with spending half her day shitposting on Twitter and cracking juvenile jokes in the way that Musk does. People wouldn\u2019t take her seriously. That\u2019s not just my hypothesis \u2013 research shows that women are routinely held to far higher standards than men. A Rockefeller Foundation-commissioned study, for example, found 80% of news reports about female CEOs involved in a crisis cited the CEO as the problem. When a man was CEO, however, only 31% of stories blamed him for the company\u2019s issues. In a similar vein, a 2016 study found female lawyers receive far harsher punishments than their male counterparts for ethical violations at work. The study looked at disciplinary punishments handed out by the American Bar Association and found that women had a 106% higher likelihood of being disbarred than a man for committing the same ethical infraction. And even women in prison get held to higher standards than men in prison: across the US women are disciplined at higher rates than men for smaller infractions of prison rules. Even if a hypothetical Elona Musk didn\u2019t spend half her time insulting people with names like \u201cpedo guy\u201d, engaging in possible violations of securities law, and firing off sexist tweets about \u201cTITS\u201d, it\u2019s unlikely she\u2019d be lauded as a genius in the way Elon is. We are socially conditioned to think of brilliance and genius as male traits. Indeed a 2017 study found that girls as young as six are more likely to associate brilliance with the opposite sex. That builds on previous research which found parents and teachers attribute good marks in maths to hard work for girls, but to natural ability for boys. A certain sort of person is constantly going on about how it would be great to have more women in power, but it\u2019s really important not to lower the bar. Here\u2019s the thing: the bar is a hell of a lot lower for men than it is for women. It\u2019s easier to imagine Mars being colonized in our lifetimes than an Elona Musk being taken seriously. Last year, Texas introduced an extreme abortion law that gave private citizens the right to sue anyone who aided or abetted an abortion for at least $10,000 in \u201cstatutory damages\u201d. Since then, a number of Republican-led states have seemingly been in competition to try to come up with even more dystopian legislation. Leading the charge is Idaho, which has just passed a bill that would effectively allow certain family members of a \u201cpreborn child\u201d to veto an abortion and sue anyone who aids or abets an abortion for damages starting at $20,000. As Slate reports: \u201cThe bill\u2019s sponsor, Republican state Representative Steven Harris, has confirmed that if a rapist has 10 siblings, each can sue for $20,000.\u201d Essentially then, the legislation financially incentivizes rape. And this wasn\u2019t even seen as particularly controversial: the bill was passed in the Idaho House of Representatives in a 51-to-14 vote. The governor is expected to sign it into a law, and it may go into effect next month. Yoon Suk-yeol exploited the country\u2019s heated gender wars in order to gain support from angry young male voters. It worked: he won a tightly contested election last week. However, Yoon might not be able to turn back the clock on women\u2019s rights as he much as he had hoped. One of the president-elect\u2019s big campaign promises was abolishing the government\u2019s ministry of gender equality and family \u2013 however, that requires approval from parliament, which is controlled by the Democratic party. And they\u2019ve just appointed as its new interim leader a 26-year-old feminist who has been very critical of Yoon\u2019s policies. According to a YouGov survey commissioned by the dating app, 74% of adults think that, when it comes to romantic relationships and dating, different behaviours are expected based on your gender identity. People still expect men to take the lead, for example. And 33% of women said they had changed their behaviour to make someone feel more powerful while dating or in a relationship Time for some good mews, I reckon! So, please meet Stepan: a 13-year-old tabby cat with more than a million followers on TikTok. Stepan and his owner, Anna, are Ukrainian but recently managed to escape to safety in France. \u201cWhen you\u2019ve got that many followers you can use them as a network to provide aid, find shelter or even help find escape routes in a war zone,\u201d a humanitarian expert told the Washington Post. \u201cHaving an online network will help you survive difficult times.\u201d Someone should probably tell the kids in Yemen that if they just get an Instagram-famous cat the world might give more of a damn about them, eh? Arwa Mahdawi\u2019s new book, Strong Female Lead, is available for order"}