{"headline": "Wanted: Russian revolution to topple tyrant. Internal applicants welcome", "standfirst": "Putin\u2019s murderous reign can only be ended from within. Western powers must now do all they can to encourage a coup\n\nRussia-Ukraine war: latest news\n", "author": "Simon Tisdall", "date": "Sat 26 Mar 2022 19.22 CET", "text": "Openly acknowledged or not, regime change in Moscow \u2013 meaning the overthrow of Vladimir Putin \u2013 must be the western democracies\u2019 ultimate objective as they help to thwart his conquest of Ukraine. Pursuing imperial fantasies, a tsar-like Putin has gone too far this time. Now he\u2019s got to go. Urgently required: a new Russian revolution to topple the tyrant, led from within and assisted from without. The idea of Putin remaining in power, even if a Ukraine settlement is eventually patched together, is both impractical and obscene. By his inhuman actions, Russia\u2019s dictator has placed himself beyond the pale. He\u2019s a menace to universal order, an affront to common decency. He simply cannot be trusted. Despite resounding international condemnation, the damaging impact of western sanctions on Russia\u2019s people, the resulting threat to global food and energy supplies, and daily evidence that his ill-led armed forces are in deep trouble, Putin appears determined to fight on, even to escalate. Last week\u2019s disappointing Nato summit will have done little to dissuade him. US president Joe Biden warns this blind fanaticism could bring on a death struggle, leading to Russian use of chemical, biological or even battlefield nuclear weapons. The Kremlin does not rule it out. Such crude blackmail is no basis for any kind of sane relationship. Washington has now formally accused Russia of war crimes, for which Putin bears command responsibility, and vowed to bring him to justice. The UN\u2019s highest court has ordered him to stop. Biden deems him a \u201cwar criminal\u201d and a \u201cpure thug\u201d. Who, in their hearts, honestly disagrees? Even his Chinese chums look askance. For as long as he holds power, Putin will pose a potentially existential threat to the security of Europe and the wider world. His contempt for human life, rights, international law and the UN charter disqualify him from any future leadership role. For who can doubt the Ukraine war would halt if he were unseated? There will be no peace while Putin\u2019s around. He\u2019s unfit. He\u2019s an outlaw. He\u2019s a second Bashar al-Assad. He must fall. Logically, practically and morally speaking, the US and its allies have no alternative but to actively seek his overthrow. They cannot directly intervene in Russia. But they can and should make it plain to Russia\u2019s elites and wider public that Putin is a liability, a deadweight and a danger, primarily to them \u2013 and that the west will back them if they move against him. People often say revolution will never happen. But they said that about Nicolae Ceau\u0219escu, Erich Honecker, Hosni Mubarak, Ferdinand Marcos, Anastasio Somoza,the Shah of Iran \u2013 and Tsar Nicholas II. So maybe they\u2019re wrong about Putin too. There\u2019s good reason to believe all those billionaire oligarchs, state industry bosses, sycophantic Duma politicians, braided generals and Oblomov-like bureaucrats who have done well under Putin are having second thoughts now as sanctions bite, assets freeze, foreign travel halts, houses and yachts are seized, and the rouble crashes. Its governing class has much to lose as Russia hurtles into recession and isolation \u2013 and it\u2019s showing. Bypassed Kremlin insiders and FSB spooks are reportedly seething with anger. Putin\u2019s bumbling defence minister, Sergei Shoigu, and army chief of staff have disappeared from view. A senior envoy, Anatoly Chubais, jumped ship last week. Meanwhile, Ukraine reports 1917-style desertions by Russia\u2019s demoralised frontline troops. As for the long-suffering, much-bamboozled Russian people, no amount of regime propaganda can hide their new daily reality of food queues, rising prices, medical shortages and closed banks. Thousands have demonstrated against the invasion, braving police brutality. Thousands more young professionals \u2013 Russia\u2019s future \u2013 are moving abroad as paranoid Putin rails against a traitorous \u201cfifth column\u201d. The longer the war, the higher the casualties and costs, the more public anger may be directed at Putin. The west should increase the pressure and facilitate his demolition through tighter, deeper sanctions (including, crucially, on energy exports), offensive military aid to Kyiv and expanded broadcast and social media information campaigns inside Russia. Any future leader seems most likely to come from within the Kremlin apparatus. A transitional figure could emerge in much the same way as did Putin himself in the dying days of Boris Yeltsin\u2019s presidency. At the other end of the opposition spectrum, the always defiant Alexei Navalny is a potent rallying force. The toppling of Putin may prove a long-term aspiration or could happen very quickly. Historically, change in Russia often occurs abruptly. The hope would be for a subsequent move to free, democratic elections. Yet what happens ultimately depends on Russians themselves. To maximise the chances of success, the western powers should consider all overt and covert methods of encouraging new leadership, including political incentives, security guarantees and perhaps even a \u201cmoney back\u201d scheme for repentant oligarchs. If appeals to principle do not work, appeals to self-interest may. EU and Nato members must agree, too, that Putin is not someone they can ever do business with again. Let\u2019s hope France and Germany get the message. Liz Truss, Britain\u2019s foreign secretary, is concerned they may let Putin off the hook by offering a revised, Minsk-type compromise over the Ukrainians\u2019 heads, similar to their failed Crimea initiative. Meanwhile, backsliding, fence-sitting, ostensibly pro-western governments in Israel, India, Turkey, Saudi Arabia and the UAE that refuse to sanction Russia, must be firmly reminded who their real friends are \u2013 and how their interests are best served. It\u2019s not by sucking up to a war criminal. It\u2019s not by rationalising or minimising an unprovoked war of aggression against a sovereign democracy. It\u2019s by doing all they can to help Russians and their friends in the west bring Putin\u2019s murderous reign to an end. As Bolshevik revolutionaries once cried, so must Russia\u2019s people cry again: \u201cPeace! Land! Bread!\u201d"}