{"headline": "The decline of the girlboss? Post-pandemic, she\u2019s more ubiquitous than ever", "standfirst": "The mantra of this pinkwashed career queen is about changing yourself rather than reality. Time to say, no, that\u2019s not my job", "author": "Rhiannon Lucy Cosslett", "date": "Tue 1 Mar 2022 15.00 CET", "text": "A few months after graduating, mid-recession, on to the dole and shortly before I started writing for the Guardian, I worked very briefly for an online magazine as an editorial assistant. It was on my first day there that my older, female boss taught me a lesson I have never forgotten. After running through my various duties, she added this advice: \u201cThe men upstairs,\u201d she said, \u201care going to think you are their secretary. They are going to ask you to do their photocopying and answer their phones. And it is very important that when they do, you say the following phrase: \u2018No. That\u2019s not my job.\u2019\u201d Then she made me repeat it several times, until I said it with confidence. It\u2019s a simple refusal, and an effective one, but the first time I said it I was nervous. On repetition, however, it became second nature, and being able to say \u201cno\u201d without apology or excuse has stood me in good stead ever since. I am what many would consider an assertive person, but like many women I still sometimes have to force myself to stand up for what I want. I\u2019ve been thinking about this because Anne Dickson\u2019s A Woman in Your Own Right, the classic assertiveness bible first published in 1982, is being rereleased next month. My mother first gave me a copy when I was a teenager and, having worked with women\u2019s groups in the 1980s, schooled me in assertiveness and self-defence at a time when \u201cgirlboss\u201d culture was barely a glint in Margaret Thatcher\u2019s eye. Girlboss culture is the latest incarnation of the assertiveness and empowerment guides of the 1980s. A girlboss, for those who don\u2019t know, is a 21st-century working woman \u201cwhose success is defined in opposition to the masculine business world in which she swims upstream\u201d (this, according to the businesswoman and #Girlboss author Sophia Amoruso). The girlboss is essentially a power-suited working girl for the Instagram era, a pinkwashed hypercapitalist career queen who \u201cleans in\u201d. She is reportedly on her way out, and not before time. Her place in fourth wave feminism has been mired by controversy: on the one hand, she has been accused of rebranding personal power and success as a quest for equality while doing nothing to challenge structural inequalities; on the other, she has at times served as a powerful archetype for women of colour such as the entrepreneur Otegha Uwagba, in terms of achieving success in areas dominated by white men. All of which begs the question, do we really need assertiveness training these days, when everywhere you look women are loudly professing how empowered and confident they are? If we are smashing glass ceilings, are we really likely to cave in to pressure from our family to not order the jalfrezi for fear it will be too spicy, as one scenario in A Woman in Your Own Right plays out? Dickson argues that awareness and action are not the same thing. \u201cIt is easier to recognise inequality, to be aware of it, than it is to know how to change our behaviour,\u201d she tells me. \u201cWe simply don\u2019t know how to alter our speech or approach, so again the skills in this book are essential for personal change.\u201d She also notes that, despite huge advances, sexism hasn\u2019t gone away, \u201cjust underground\u201d, and that women are still struggling to assert themselves equally because \u201cwe have many inner attitudes to overcome\u201d including \u201ca dependence on outside approval, uncertainty about how to express a difference of opinion or to ask someone to change their behaviour\u201d. This focus on women\u2019s behaviour has made assertiveness training a precursor to what Rosalind Gill and Shani Orgad call \u201cconfidence culture\u201d. Confidence culture, as Gill and Orgad explain in their new book of the same title, posits that \u201cwomen suffer from an internal \u2018defect\u2019, namely a \u2018confidence gap\u2019, which holds them back in the world of work\u201d. A woman\u2019s job, indeed her labour, is to remedy that, often at the expense of challenging the unequal sexist and racist structures that obstruct women\u2019s careers. Books such as Sheryl Sandberg\u2019s Lean In exemplify this \u201ccult\u201d, which encourages women to internalise the problem of inequality as individualised. In other words, you work on changing yourself within the existing capitalist, corporate reality, rather than trying to transform that reality. Suddenly, well-meaning slogans about a woman\u2019s need to \u201cstop apologising\u201d or \u201cnever ask permission\u201d don\u2019t seem so empowering. None of this is to say that we should never work on ourselves. I have found the power of no very useful in my career. Nevertheless, the feminist imperative of the 1980s towards assertiveness has in the intervening decades morphed into a culture that prizes confidence as meme, as marketing tactic, and as a distraction from fighting for real political change. A Woman in Her Own Right and similar philosophies focused on language and behaviour as a way of helping women feel better equipped to survive in sexist environments. Today\u2019s confidence culture expects a woman to remake her whole self. Far from being liberating, it all seems like a lot of, well, work. Which is why I suspect that you might be better off with A Woman in Your Own Right than any of the modern girlboss manuals that claim to be able to transform you wholesale into a kickass corporate woman. Despite claims that the pandemic has led to the decline of the girlboss, in fact what we are seeing is the opposite: confidence culture and its mantras only seem to be strengthening. Gill and Orgad noted, as a depressing example, an article in the Boston Globe which encourages women to not feel guilt at dropping out of the workforce because of the pandemic \u2013 rather than confronting the structural reasons they\u2019ve been forced to. How much more are we expected to work on ourselves? Perhaps it\u2019s time to turn to these girlbosses and tell them: \u201cNo. That\u2019s not my job.\u201d Rhiannon Lucy Cosslett is a Guardian columnist"}