{"headline": "The Guardian view on Vladimir Putin\u2019s crimes: Ukraine\u2019s growing tragedy", "standfirst": "Civilians are already paying the ultimate price for a Russian invasion in breach of international law", "author": "Editorial", "date": "Tue 1 Mar 2022 19.53 CET", "text": "Vladimir Putin is not only piling body on body in Ukraine. He is also piling crime upon crime. His unprovoked and illegal invasion of a democratic state has already caused substantial civilian casualties, as well as the deaths of Russian soldiers. The failure to achieve the swift victory he anticipated is increasing its cruelty. The office of the UN high commissioner for human rights said on Tuesday morning that it had recorded 136 civilian deaths, including 13 children, and 400 injured, but believed the true toll to be much higher; it grew in the hours following that announcement. Human rights groups report the use of cluster bombs \u2013 banned by many countries \u2013 which hit a preschool and close to a hospital. In Kharkiv, missiles struck the regional government building in Freedom Square, rained down upon homes and killed people fleeing or seeking food and water. Thermobaric weapons, so powerful they can vaporise bodies, have been photographed in Ukraine, and its ambassador to the US says Russia has already used them. On Tuesday afternoon, Russia\u2019s defence ministry told Kyiv residents to leave their homes, an acknowledgment that the \u201cprecision strikes\u201d they were announcing against security service targets would be nothing of the kind. The city\u2019s television tower has been attacked (with a bomb in Mr Putin\u2019s \u201cdenazification\u201d offensive striking the neighbouring Holocaust memorial site at Babyn Yar, where German invaders massacred 34,000 Jews in the second world war). A disinformation drive is under way, designed to induce panic. A 40-mile long convoy of troops is making its way towards the capital. The brutality of Russian tactics has been documented from Grozny (the \u201cmost destroyed city on Earth\u201d) to Aleppo. Already in Ukraine we are witnessing \u201cserial criminalities\u201d, believes the human rights lawyer Philippe Sands. Mr Putin\u2019s initial crime of aggression is clear. The prosecutor of the international criminal court in The Hague announced on Monday that he would launch an investigation into possible war crimes or crimes against humanity; Ukraine is not a member of the ICC, but has awarded it jurisdiction. However distant the prospects of justice are, it must be pursued. The war that Mr Putin is waging now looks likely to become far more horrific. Despite that horror, and while hundreds of thousands of Ukrainians are fleeing, many ordinary people have resolved to stand and fight, and unarmed civilians are still confronting and challenging Russian troops. Given this asymmetry, the Ukrainian president, Volodymyr Zelenskiy, has urged the west to consider imposing a no-fly zone in addition to supplying arms. The US, UK and others have made it clear they will not. No-fly zones have saved lives in the past. But they have done so in utterly different circumstances. The danger of western forces firing at the aircraft of a ruthless and rattled man who has already made nuclear threats is both obvious and immense: a conflagration on a far greater scale, with a much higher death toll. The Russian president is already escalating his ruthless assault. It is increasingly hard to see how he would feel able to extract his country from this war with anything short of Ukraine becoming a vassal state. An isolated and dangerous man has no exit, does not want to be shown one, and risks losing everything. Though the initial slowness of the offensive has set back Mr Putin\u2019s plans to end Ukrainian independence, this does not reduce the danger to Ukrainian civilians, but increases it."}