{"headline": "Alexander Downer is the wrong choice to review the UK\u2019s border force \u2013 Australia\u2019s record is nothing to emulate", "standfirst": "Downer\u2019s appointment is clearly a political move aimed at boosting Boris Johnson\u2019s government\u2019s chances of re-election\n\nFollow the Australia news live blog \nGet our free news app; get our morning email briefing\n", "author": "Daniel Ghezelbash", "date": "Fri 18 Feb 2022 22.55 CET", "text": " When it comes to harsh border policies, Australia has become an unexpected and unfortunate role model. And so it was again this week, when former Australian foreign affairs minister Alexander Downer was appointed to lead the review of the UK\u2019s border force. To be clear, this is a political move aimed at boosting Boris Johnson\u2019s government\u2019s chances of re-election. The fanfare with which the appointment was announced seems to indicate that the government believes that being seen to emulate Australia will give it a boost at the polls. But, as they say, it takes two to tango. While the UK wants to copy, Australian politicians have been trying to export Australia\u2019s push-back and offshore processing policies for years to validate their own harsh stance. Britain has been one of the main targets of such efforts, which now seem to finally be paying off with Downer\u2019s appointment. Downer comes from one of Australia\u2019s most prominent political dynasties. His grandfather was one of the founding fathers of the Australian commonwealth, and his father was the minister for immigration from 1958 to 1963. Downer led Australia\u2019s conservative Liberal party for a brief period in 1994-95, holding the record for the shortest-serving Liberal leader in the party\u2019s history. He resigned after a series of gaffes that thwarted his chances of becoming prime minister and led to him becoming the first Liberal leader to fail to lead the party to an election. Downer nevertheless went on to become Australia\u2019s longest serving foreign affairs minister from 1996 to 2007 and followed in his father\u2019s footsteps to become Australia\u2019s high commissioner to the UK from 2014 to 2018. As foreign affairs minister, Downer played a pivotal role in negotiating the so-called \u201cPacific Solution\u201d. The policy involved pushing back asylum seeker boats attempting to reach Australia, and detaining asylum seekers in offshore camps. Downer led the negotiations with Nauru and Papua New Guinea and secured their agreement to host the processing centres. The policy was operated from 2001 and 2007 and laid the groundwork for Australia\u2019s current offshore processing and boat push-back policies that were reintroduced in 2012/13 and continue to this day. In an opinion piece published last year, Downer threw his full support behind UK home secretary Priti Patel\u2019s proposal to carry out push-back operations in the English Channel, stating \u201cfrom my experience as Australia\u2019s former minister for foreign affairs, I know that a \u2018push-back\u2019 policy can work\u201d. This proposal appears to have been further developed in a report released on Wednesday by the Policy Exchange thinktank, which Downer chairs. The report sets out two proposals, a \u201cPlan A\u201d which involves co-operation with France to accept the return of migrants intercepted in the Channel, and a \u201cPlan B\u201d, which could be carried out unilaterally and would involve transferring migrants attempting to cross the Channel by boat for processing to offshore locations. Possible suggested locations include UK offshore territories and military bases, and also Australia\u2019s long standing partner Nauru. In other words, migrants trying to get into the UK by boat will be sent away, for the short term at least. But the Australian approach should not be held up as a model to emulate. Claims that it has been a success by politicians such as Downer should be approached with scepticism and ignore the significant harm and costs that flowed from the policies. Offshore processing in Australia has been cruel, costly and ineffective. It has inflicted devastating physical and psychological damage to asylum seekers, and created endemic social problems in the communities of Nauru and Manus Island which have hosted Australia\u2019s offshore camps. More importantly, the policy has failed in its objective of deterring boat migration and saving lives at sea. This has all come at an exorbitant financial cost. The cost of holding each person on Nauru is currently more than $4m a year, or over $11,000 per person per day. Rather than saving lives, Australia\u2019s boat push-back operations have endangered the asylum seekers and led to numerous deaths. Operations can be chaotic, with asylum seekers panicking and jumping in the water, or inadvertently capsizing vessels. There have also been incidents where asylum seekers have deliberately damaged their vessel to prevent their return, resulting in significant loss of life. Others have lost their lives after their vessels have been towed outside of Australian territorial waters and left adrift at sea. Naval officers involved in border policing operations in Australia have reported significant trauma arising from their experiences, including developing post-traumatic stress disorder after having to pull the bodies of deceased asylum seekers from the ocean. Australia\u2019s offshore processing and boat-pushback policies have also been repeatedly condemned by the UN as violating international law. If Downer\u2019s appointment results in these policies being exported to the UK, it would greatly undermine the international refugee protection regime. It will fuel the competition we see around the world with states implementing progressively harsher border control policies to keep asylum seekers away. As I document in my book Refuge Lost, the logical end point of this race to the bottom is the end of the hard one institution of asylum, with individuals in immediate danger unable to cross borders to access safety. The protections set out in the Refugee Convention and other human rights treaties are only words. Their effectiveness in the real world is shaped by the actions of states. Implementing international law into practice requires leadership \u2013 it needs states to step up and lead by example to persuade other states abide by their obligations. The UK has traditionally been one of the states that has taken on this leadership role and led by example when it comes to refugee protection. But being harsh on borders can be a vote winner \u2013 John Howard turned the 2001 Australian elections around by implementing the \u201cPacific Solution\u201d. As the election looms in the UK, there\u2019s no doubt Johnson is trying the same tricks and he\u2019s using Downer to help him. But it\u2019s a dangerous game. We are at a crucial tipping point. If Downer leads the UK down the same path as Australia and other states that have taken measures block and deter asylum seekers, it could potentially be inflicting a mortal wound on the universal principle of asylum and the international refugee protection regime more broadly.  Dr Daniel Ghezelbash is associate professor at Macquarie Law School. He is the author of Refuge Lost: Asylum Law in an Interdependent World"}