{"headline": "British police are hounding a journalist for his sources \u2013 it\u2019s vital he resists", "standfirst": "Chris Mullin\u2019s exposure of the Birmingham Six\u2019s wrongful conviction was only possible because he was able to protect his sources", "author": "Duncan Campbell", "date": "Fri 18 Feb 2022 09.00 CET", "text": "It is a memorable photograph. Outside the Old Bailey on 14 March 1991 stand the Birmingham Six, free at last after 16 years in prison for a mass murder in which they played no part. At the centre of this happy band, scarf askew and beaming with pleasure and pride, is the man whose diligence as an investigative journalist and later MP has led to their victory in the court of appeal. Now, more than 30 years later, that same man, Chris Mullin, will himself be back at the Old Bailey on 23 February facing an action brought against him under the Terrorism Act of 2000 to make him reveal the sources of his information all those years ago. The Birmingham Six were jailed for life in 1975 for an IRA bomb attack on two pubs the previous year, which killed 21 people and injured more than 200. It was a grim, unforgivable crime and understandably the police were anxious to nail those responsible. They swiftly arrested five men on their way to Ireland for a funeral and a sixth the following day. After days of brutal interrogation, four \u201cconfessed\u201d, admissions that were immediately retracted once their violent ordeal ended. The government\u2019s forensic scientist claimed that at least two of them had been in touch with the explosive nitroglycerine. That evidence was discredited by the time of the trial \u2013 many household products and notably the pack of cards with which the men had been playing on their train journey before their arrest gave similar results \u2013 but the Six were convicted and jailed for life. The late Peter Chippindale, who covered the trial for the Guardian, told his journalist friend Mullin that he felt that the police had got the wrong people. A spark was lit. While working for Granada Television\u2019s World in Action programme, Mullin set about trying to discover the truth by tracking down those really responsible. If it was possible to prove that others had carried out the attack, the Six could be shown to be innocent. Eventually he found the real men involved and interviewed them on the understanding that he would not identify them. In 1986, he published his account, Error of Judgement, and the following year became an MP for Sunderland South and continued to campaign. The Sun noted his persistence thus: \u201cLoony MP backs bomb gang\u201d. Other Irish cases \u2013 the Guildford Four, the Maguire Seven, Judith Ward \u2013 were also being exposed as miscarriages of justice. At their appeal on that fateful day in 1991, the Six were cleared. Some of them, Billy Power and Paddy Hill, in particular, have since lent their names and energies to free others wrongly convicted. Then in 2018, under pressure from relatives of those killed and the organisation Justice 4 the 21, came a decision to reinvestigate the case. The West Midlands police, a very different crew from the disgraced Serious Crime Squad of the 1970s, embarked on a fresh inquiry. Mullin was asked to surrender all his data: notebooks, manuscripts and so on. He provided the notes of his interview with one of the men, Michael Murray, who was the bomb-maker and who had died 20 years ago, but declined to provide anything that would break his agreement. The police now seek a court order from a judge to force him to comply or face jail. There are precedents. In 1963, Reg Foster, the Daily Sketch\u2019s crime reporter and Brendan Mulholland of the Daily Mail were jailed for contempt of court for three and six months respectively for refusing to reveal the sources for stories about John Vassall, who had been convicted the previous year of being a Soviet spy. At the inquiry into the affair Foster delivered an impassioned speech in which he said: \u201cI have been in journalism for 40 years. From the first I was taught always to respect sources of information.\u201d He added that he had lost many Fleet Street colleagues in the second world war and \u201cI would feel guilty of the greatest possible treachery to them if I were to assist \u2026 in this matter.\u201d The Guardian faced its own crisis in the case of the civil servant Sarah Tisdall, who was jailed for six months in 1984 after leaking details to the paper about the arrival of American cruise missiles in Britain. The then editor of the Guardian, the late Peter Preston, was prepared to go to prison to defy a court order to provide material that would identify her, but was advised that it was more likely that an ever-increasing fine would be imposed on the newspaper. He described passing on the information as the \u201cworst day\u201d of his editorship and offered his resignation. While Mullin has the strong support of the National Union of Journalists and from politicians ranging from Labour\u2019s Jack Straw and Charlie Falconer to the Conservatives\u2019 David Davis, he has been called \u201cscum\u201d by relatives of the victims and asked, \u201cHow do you sleep at night?\u201d While one has great sympathy for the bereaved, the betrayal of sources \u2013 which in this case would be very unlikely to lead to any convictions \u2013 is not the path to be taken in any pursuit of justice. Journalists already enjoy little public respect. An Ipsos Mori poll in 2020 put the percentage of people who trust journalists to tell the truth at 23%; only politicians rank lower. Mullin is absolutely right to stand firm \u2013 especially at a time when attempts are being made to amend the Official Secrets Act to make punishing whistleblowers easier. If journalists routinely betray sources and break their word why should anyone ever trust them and how will scandals like that of the Birmingham Six \u2013 the likes of which continue to this day \u2013 ever be uncovered? Duncan Campbell is the former crime correspondent of the Guardian"}