{"headline": "It\u2019s Trump\u2019s time to tell the truth, the whole truth and nothing but the truth", "standfirst": "A New York judge has ruled Trump will have to testify in his fraud investigation, leaving Trump sweating and his investors shaking their heads", "author": "Lloyd Green", "date": "Fri 18 Feb 2022 14.41 CET", "text": "Donald Trump\u2019s bad luck continues. On Thursday afternoon, Arthur Engoron, a Manhattan judge, gave the thumbs up to subpoenas issued to Trump, favorite child Ivanka, and Donald Trump Jr, by Tish James, New York\u2019s attorney general. The court\u2019s ruling follows a decision by Trump\u2019s accountants to walk away from the one-term president and disavow years of financial statements issued by his company. Much as the Trump trio tried, they could not shut down James\u2019s investigation into the Trump Organization\u2019s business practices, which could lead to a civil suit by James. Unlike a criminal prosecution, a civil action comes with a lower burden of proof for the government. At the same time, civil lawsuits can drag on \u2013 like right into 2024. Barring a stay, Trump and his two children have been ordered to appear at deposition within 21 days. If they tell the truth, the whole truth, and nothing but the truth, who knows what liability may result? On the other hand, if they invoke their right to remain silent, they will probably be portrayed as criminals. \u201cYou see, the mob takes the fifth,\u201d Trump observed on the campaign trail in 2016. \u201cIf you\u2019re innocent, why are you taking the fifth amendment?\u201d Time sure flies. And if the Trump family refuses to appear at deposition or simply stays mum when grilled, they risk being charged with contempt, a distinction presently held by Steve Bannon, Trump\u2019s White House counselor and 2016 campaign guru. At this moment, Trump must be sweating while his lenders have to be shaking their collective heads. How much is Trump worth and how bad can things get are no longer hypothetical issues. In the absence of operative financial statements, restructurings and bank-called defaults have spilled into the realm of the real. As one Trump insider confided: \u201cHey, this might be serious. Could Donald Trump [and his business] be screwed? I don\u2019t know, but I\u2019m not as confident as I once was in saying, \u2018No\u2019.\u201d Meanwhile, 2024 Republican presidential aspirants are likely stifling a collective smirk. Trump\u2019s legal woes stand to broaden the Republican party\u2019s presidential field, and for some it is downright personal. For Mike Pence, Trump\u2019s hapless vice-president, these recent developments may well trigger a sense of schadenfreude. It wasn\u2019t that long ago when Trump\u2019s loyalists came with makeshift gallows for Pence as they stormed the Capitol, and Trump said nothing to deter the mob. Instead, he demanded loyalty from his No 2. As for Ron DeSantis, Florida\u2019s governor, Trump\u2019s troubles could not come at a better time. Trump has all but called DeSantis a coward for refusing to say whether he was vaccinated. Beyond that, Florida\u2019s recent per capita Covid mortality rate is the seventh highest in the US, and DeSantis is having a hard time denouncing neo-Nazi violence. \u201cSo what I\u2019m going to say is these people, these Democrats who are trying to use this as some type of political issue to try to smear me as if I had something to do with that,\u201d the Sunshine state governor declared. \u201cWe\u2019re not playing their game.\u201d To be sure, Trump\u2019s Maga base would stick with him through thick-and-thin. The party\u2019s deep-pocketed donors are a different story. Trump may have delivered them a trove of tax cuts and ambassadorships, but he\u2019s emotionally draining. Beyond that, his antics in the run-up to the 2020 Georgia runoff elections cost the Republicans control of the Senate. There are reasons Mitch McConnell rejects Trump\u2019s lie that the election was stolen and is seeking to bypass the 45th president. Thursday\u2019s ruling was scathing. At one point, the court concluded that the attorney general had uncovered \u201ccopious evidence of possible financial fraud\u201d. Elsewhere, the judge excoriated Trump & Co for their flight to fantasy and fiction, invoking Alice in Wonderland, 1984 and Kellyanne Conway all in a single sentence. \u201cThe idea that an accounting firm\u2019s announcement that no one should rely on a decade\u2019s worth of financial statements that it issued based on numbers submitted by an entity somehow exonerates that entity and renders an investigation into its past practices moot is reminiscent of Lewis Carroll (\u2018When I use a word, Humpty Dumpty said ... it means just what I chose it to mean \u2013 neither more nor less\u2019); George Orwell (\u2018War is peace, freedom is slavery, ignorance is strength\u2019); and \u2018alternative facts.\u2019\u201d In the past, Trump managed to weather storms surrounding his finances and credibility. Trump University did not stop the ex-reality show host\u2019s political ascent. What happens next remains to be seen. Right now, Joe Biden\u2019s poll numbers are in the low 40s, inflation is on the loose, and Nancy Pelosi is poised to lose the speaker\u2019s gavel. Against that tableau, Trump poses a distraction from Republican ambitions, an unwelcome detour from anticipated outcome. Lloyd Green is an attorney in New York. He was opposition research counsel to George HW Bush\u2019s 1988 campaign and served in the Department of Justice from 1990 to 1992"}