{"headline": "One year on from Australia\u2019s showdown with Facebook over the news media code, there\u2019s still a lot we don\u2019t know ", "standfirst": "In forcing an accommodation between big tech and big media, the mastheads may have ended up even more reliant and integrated than ever", "author": "Peter Lewis", "date": "Fri 18 Feb 2022 05.42 CET", "text": "A year ago this morning Australians woke to discover the company formerly known as Facebook had unfriended them, a globally significant strike on democratically elected lawmakers attempting to regulate in the public interest. For catch-up viewers Facebook removed all news content, along with a trove of pages from civil society and government, including a domestic violence service, in response to legislation that would force it to compensate news sites for the value their networks derived from journalism. The showdown concerned the news media bargaining code, an intervention deigned by the competition regulator, the Australian Competition and Consumer Commission (ACCC) to force social media platforms to compensate news organisations for the value of their journalism in publishing links to and snippets from articles. I was supportive of the code as part of a comprehensive set of reforms to recognise the impact of the social media platforms\u2019 monopoly and their destructive impact on public interest journalism. The code has become a reference point for other governments with the Canadian government advancing an iteration of the code, and in the US where senator Amy Klobuchar has cited it as a working model. So one year on as we prepare to put on the party hats and blow out the candle it is worth asking whether that is a chocolate mud cake or something else altogether. We know that more journalists have been employed by mastheads across Australia, with Guardian Australia investing in new rounds and older media players like Nine-Fairfax and News Corp reversing a decades-long trend of cutting staff. We also know ABC secured a deal that is being targeted at rural and regional reporting. What we don\u2019t know are the terms of these deals \u2013 and critically how much of the income has gone to employing new staff or not sacking journos \u2013 because these are deemed to be \u201ccommercial in confidence\u201d. That\u2019s because the final deal Facebook struck with the treasurer to end its news shutdown included an agreement that it would not be covered by the news bargaining code. Over a week of Zoom diplomacy the Morrison government traded down its legislation, arriving at a position where the platforms would strike their own deals rather than being forced to by the legislation that ultimately passed the House. This means we have not been able to test the actual operation of its code, which gave the Australian Communications and Media Authority (ACMA) the power to determine whether a publisher should be compensated. This is bad news for the smaller publishers who Google and Facebook have not yet negotiated compensation with, including more than 20 publishers that have passed the ACMA but are yet to finalise agreements. SBS and the Conversation have settled terms with Google, but not Facebook. Some specialist publications such as the public health news service Croakey have not received compensation from either of the behemoths. We also don\u2019t know the broader terms of the arrangements and what is expected from the media companies in return for the deals in terms of repackaging their content to fit the preferred models of the platforms. This is the grand trade-off for the code\u2019s implementation; in forcing an accommodation between big tech and big media, the mastheads may have ended up even more reliant and integrated. But that\u2019s also commercial in confidence, so we just don\u2019t know. We also don\u2019t know the full details of the emerging wave of big tech media partnerships such as the Google News Initiative. These are no doubt well-intentioned, but feel just a little bit like the tobacco companies that funded health research through the second half of the 20th century \u2013 particularly at a time when the platforms are cutting off real scrutiny of their models by withdrawing access to academics to network data. Finally, the news media bargaining code has been the only element of the broader ACCC digital platform inquiry\u2019s 23 recommendations that has been pursued with any sense of urgency. It is hard not be cynical about why. The 12 months has been a long time for the corporate protagonist formerly known as Facebook; Mark Zuckerberg is burning dollars, losing users and share price in the process, but he is in no shortage of any of these. Rebranded to \u201cMeta\u201d in a calculated play to dominate the next realm of digital connection through building a virtual reality marketplace, he is also quite possibly creating a new realm of online harms. My fear is that, thanks to the code, this company is now more embedded in Australia\u2019s media landscape, embedding the fundamental contradiction between social networks that monetise engagement turbo-charged by content that angers and excites; and an industry charged with building a central base of truth. So has the code been worth it? Like the secret algorithms that drive the platforms we really need more information to understand what is going on.  Peter Lewis will discuss the News Media Bargaining Code with Guardian Australia managing director Dan Stinton and Digital Rights Watch chair Lizzie O\u2019Shea in the Burning Platforms webinar at 1pm on Friday - register here"}