{"headline": "Amnesty says Israel is an apartheid state. Many Israeli politicians agree", "standfirst": "While some in Washington DC and US media decry Amnesty\u2019s conclusions, it\u2019s a different story among some Israeli leaders", "author": "Chris McGreal", "date": "Sat 5 Feb 2022 12.22 CET", "text": "Who speaks for Israel? Rightwing lobby groups in Washington and US politicians would have Americans believe that it is them \u2013 and not Israel\u2019s own former prime ministers and others who actually live in the Jewish state. Earlier this week Amnesty International released a report making a 280-page case that Israel\u2019s treatment of Palestinians constitutes apartheid. The response in the US was a wave of orchestrated outrage \u2013 outrage that not only denies what many prominent Israelis say is true but, in effect, denies their right to say it. A joint statement by American groups that claim to be pro-Israel \u2013 including the American Israel Public Affairs Committee (Aipac), a powerful rightwing lobby organisation \u2013 accused Amnesty of seeking to \u201cdemonize and delegitimize the Jewish and democratic State of Israel\u201d, a formulation frequently used to imply antisemitism. Groups that made little criticism of Israel\u2019s military collaboration with South Africa\u2019s white minority regime now profess concern that Amnesty\u2019s report diminishes the suffering of black Africans under apartheid. As the Guardian\u2019s correspondent in Jerusalem during the Palestinian uprising of the early 2000s, the second intifada, after covering the end of white rule in South Africa, I was struck by how frequently prominent Israelis drew comparisons between the occupation and apartheid. I also noticed how hard pro-Israel groups in the US fought to delegitimize any such discussion. Yet Amnesty explicitly said that it is not drawing direct parallels with the old South Africa. Its report accuses Israel of crimes against humanity under international laws, including the 1973 Apartheid Convention and the 1998 Rome statute of the international criminal court, which defines apartheid as systematic racial domination. That did not stop American politicians from piling in with accusations that Amnesty \u201chates Israel\u201d, although not always to the best effect. The Republican senator Tom Cotton of Arkansas exposed his tenuous grasp on the situation by denouncing the human rights group for \u201cattacking a free democracy where Jews, Christians, and Muslims live in peace\u201d. If the critics of the report have read it at all, they rarely engage with its detailing of Israel\u2019s system of military rule, segregation and forced removals that treats Palestinians as an inferior racial group. Instead critics are more focused on smearing Amnesty. A Wall Street Journal editorial, ignoring the report\u2019s substance, called it a \u201clibel\u201d against Israel and claimed that Amnesty is in the company of Hamas, Hezbollah and Iran because the human rights group \u201call but says the Jewish state shouldn\u2019t exist\u201d. For those charges to stand up, you have to believe Israel has been led by antisemites who hate their own country. In smearing those who lay out a reasoned case that Israel is guilty of apartheid under international law, American critics are conveniently sidestepping years of damning judgments by Israeli leaders. As Yossi Sarid, a former Israeli cabinet minister, ex-leader of the opposition, and member of the Knesset for 32 years, put it in 2008: \u201cWhat acts like apartheid, is run like apartheid and harasses like apartheid, is not a duck \u2013 it is apartheid.\u201d Leading Israeli politicians have warned for years that their country was sliding into apartheid. They include two former prime ministers, Ehud Barak and Ehud Olmert, who can hardly be dismissed as antisemites or hating Israel. \u201cAs long as in this territory west of the Jordan river there is only one political entity called Israel it is going to be either non-Jewish or non-democratic,\u201d Barak said in 2010. \u201cIf this bloc of millions of Palestinians cannot vote, that will be an apartheid state.\u201d Israel\u2019s former attorney general, Michael Ben-Yair, was even clearer. \u201cWe established an apartheid regime in the occupied territories immediately following their capture. That oppressive regime exists to this day,\u201d he said in 2002. Ami Ayalon, the former head of Israel\u2019s Shin Bet intelligence service, has said his country has \u201capartheid characteristics\u201d. Shulamit Aloni, the second woman to serve as an Israeli cabinet minister after Golda Meir, and Alon Liel, Israel\u2019s former ambassador to South Africa, both told me that their country practices a form of apartheid. Israel\u2019s leading human rights group, B\u2019Tselem, published a groundbreaking report last year that described \u201ca regime of Jewish supremacy\u201d over Palestinians that amounted to apartheid. Another Israeli group, Yesh Din, gave a legal opinion that \u201cthe crime against humanity of apartheid is being committed in the West Bank\u201d. The reckoning is not confined to the political class. \u201cThe cancer today is apartheid in the West Bank,\u201d AB Yehoshua, one of Israel\u2019s greatest living writers, said in 2020. \u201cThis apartheid is digging more and more deeply into Israeli society and impacting Israel\u2019s humanity.\u201d Those views may be disputed by many in Israel, even a majority. But Aipac and other US groups \u2013 which have spent years shoring up support in America for rightwing Israeli governments intent on maintaining their particular form of apartheid \u2013 are not concerned about truth. Hardline pro-Israel groups are lashing out now in fear that the narrative in America is finally shifting. Americans no longer uncritically accept the idea that Israel is desperate for peace and that the occupation is temporary. More and more Americans now see the system Israel has constructed as oppressive and its governments as disingenuous. Perhaps most worryingly for the Israeli government\u2019s apologists, an increasing number of Jewish Americans share that judgment. A survey of Jewish voters in the US last year found that 25% agreed that \u201cIsrael is an apartheid state\u201d. The days of rightwing apologists for Israel imposing their false narrative may finally be numbered. Chris McGreal is the former Guardian correspondent in Jerusalem and Johannesburg"}