{"headline": "Lied and need your reputation laundered? Just go on a reality TV show", "standfirst": "Rewarding people like Rudy Giuliani with TV appearances sends a message that lying and cheating is fine \u2013 and gives them carte blanche ", "author": "Arwa Mahdawi", "date": "Sat 5 Feb 2022 15.00 CET", "text": "Actions have consequences. Unless, of course, you\u2019re rich and powerful, in which case it seems you can just go ahead and do whatever you like. Lie, cheat, stick your hand down your trousers when you find yourself in a hotel room with a woman young enough to be your granddaughter. Knock yourself out! The chances you\u2019ll face any meaningful repercussions are low. The chances you\u2019ll be asked on a reality TV show and have your reputation laundered, on the other hand, are high. Exhibit no 476, Rudy Giuliani: the guy who was once considered \u201cAmerica\u2019s mayor\u201d and a candidate for the Republican presidential nomination but then proceeded to set his reputation on fire and stomp on the ashes. Donald Trump\u2019s former personal lawyer. The guy who helped Trump with all his unhinged and very undemocratic attempts to overturn the 2020 election. That guy. Well that guy has managed to thrust his way into the headlines once again \u2013 in one of the most inane ways possible \u2013 after he was unmasked as a contestant during a taping of the Fox show The Masked Singer. Unfamiliar with The Masked Singer? It\u2019s a ridiculously popular competition in which celebrities sign and dance in costumes that hide their identities; at the end of each episode the losing celebrity\u2019s identity is revealed and everyone is stunned. This season\u2019s panel of celebrity judges were certainly stunned when Giuliani revealed himself: two of the judges, Ken Jeong and Robin Thicke, walked off the stage in protest. (Thicke, by the way, is not exactly a social justice warrior. He\u2019s a singer whose most famous song, Blurred Lines, has been described as \u201ckinda rapey\u201d. The model Emily Ratajkowski, who appeared in the video for Blurred Lines, has also accused Thicke of sexually assaulting her while the video was being filmed. As a number of people have observed, you know you\u2019ve messed up when you\u2019ve offended Thicke\u2019s moral sensibilities.) Thicke and Jeong aren\u2019t the only ones outraged over Giuliani\u2019s musical number. It has attracted the ire of a few late-night TV hosts. \u201cThe guy who\u2019s trying to destroy our country? He\u2019s singing on a show!\u201d Jimmy Kimmel scoffed on his own show. \u201cNo headline has captured the national zeitgeist of existential dread combined with ridicu-stupo-lousiness better than this,\u201d said Stephen Colbert of Giuliani\u2019s Masked Singer appearance. Getting an overwhelming sense of deja vu? I certainly am. From Sarah Palin to Sean Spicer to Anne Widdecombe, a wide variety of odious figures have gone on the reality TV show circuit to reinvent themselves. If they don\u2019t get a gig on reality TV, they get a gig on Fox News, which is essentially the same thing. There\u2019s a little bit of outrage but it quickly dies down. The reputation laundering works. Just look at George W Bush, for example. He may not have gone on reality TV but he hung out with Ellen DeGeneres and painted a few terrible portraits. Now an embarrassing number of liberals have forgotten all about that nasty Iraq business and think of Bush fondly. He\u2019s morphed from man-accused-of-war-crimes into cuddly grandpa in a scarily short period of time. I\u2019m all for giving people second chances. I\u2019m all for giving people the chance to rehabilitate themselves. But that doesn\u2019t mean forgetting and forgiving just like that; accountability is important. When you reward liars and cheats with TV appearances then you send a message that lying and cheating is fine (hilarious even!) as long as the right sort of person is doing it. You give the worst sort of people carte blanche. You help pave the way for monsters. This isn\u2019t a complicated issue: the lines are by no means blurred. Giuliani, under Trump\u2019s orders, tried to get the Department of Homeland Security to seize voting machines in an attempt to overthrow the 2020 election. We all know what happened to him next. Now compare his case with Pamela Moses, an activist in Memphis. Last November Moses was convicted for trying to register to vote while she was ineligible. On Monday she was sentenced to six years and one day in prison. Meanwhile, behind the scenes, Tennessee officials have conceded that they had made a series of mistakes concerning Moses\u2019 voting eligibility. Everyone\u2019s equal under the eyes of the law, eh? \u201c[H]ospitals disproportionately [drug] test and report pregnant and postpartum patients of color,\u201d a representative from National Advocates for Pregnant Women told ReWire News Group. One study found that despite similar rates of substance use among Black patients and white patients, Black women were reported to social services at about 10 times the rate of white women. The Guardian reviews Nan Sloane\u2019s new book, which profiles the working-class female radicals overlooked by history. One reason why these women have been \u201chidden from history\u201d, Sloane suggests, is that a lot of feminist history is focused on voting rights. These women were more concerned about feeding their families than the right to vote: they marched for bread and smashed machinery in protest at unregulated capitalism. \u201cThe vote, for them, is a luxury that [would] have to wait.\u201d In certain instances anyway. During a recent press briefing Associated Press reporter Matt Lee asked the Biden administration to explain its rejection of Amnesty International\u2019s new report on Israel, which explicitly said its US-backed policies amount to apartheid. \u201cWhy is it that all criticism of Israel from these [human rights] groups is almost always rejected by the United States and yet accepted, welcomed and endorsed when the criticism is of other countries?\u201d Lee asked. It\u2019s an essential question: if you undermine human rights groups when it comes to their work on Israel-Palestine, you undermine all of their work. I barely go on social media any more because the amount of online harassment I get. My experience, of course, isn\u2019t unusual. If you\u2019re a woman, particularly a woman of colour, with any sort of platform you are expected to deal with grotesque levels of harassment \u2013 it\u2019s part of the job description! Aubrey Hirsch covers the exhaustion of existing as a woman online beautifully in this essay, That\u2019s How It Works When You\u2019re a Woman on the Internet. A British weekly magazine asked women that question in 1889 and got some very witty answers. Years of domesticity has done a number on cats\u2019 brains, according to a new study. A bunch of researchers measured cats\u2019 heads (which one imagines was no easy feat) and concluded that the brain size of domestic cats is smaller than their African ancestors. Size isn\u2019t everything, of course. They may have tiny little heads but you should never underestimate a cat. Arwa Mahdawi\u2019s new book, Strong Female Lead, is available for order"}