{"headline": "Spotify\u2019s attempt to use the Facebook playbook over Joe Rogan won\u2019t wash", "standfirst": "Founder Daniel Ek\u2019s bid to make the anti-vaxxer controversy go away ignores the fact that it is paying the US comedian to appear on its service ", "author": "John Naughton", "date": "Sat 5 Feb 2022 17.00 CET", "text": "Two decades ago, the late and much-lamented David Bowie said something that was eerily prophetic. \u201cMusic itself,\u201d he observed, \u201cis going to become like running water or electricity.\u201d His point was that in 2002 we were still carrying our music in little bottles called iPods, just as Victorian travellers in India carried bottles of drinking water because you couldn\u2019t rely on their being a safe and sanitary public supply. Spool forward 20 years and Spotify, the Swedish audio streaming and media services provider founded in 2006 by Daniel Ek and Martin Lorentzon, is, in Bowie\u2019s terms, the global music authority, providing sanitised recorded music everywhere, on demand. At the moment, it has something like 406 million active monthly users, of whom more than 180 million pay for its \u201cpremium\u201d (advertising-free) service. Given its dominance in the distribution of music, Spotify has inevitably been at the centre of controversies about the royalties musicians get paid for having their work streamed on the platform. In 2009, for example, it was reported that Lady Gaga\u2019s hit song Poker Face had been streamed 1m times on Spotify, for which she received the princely royalty of $167! In May 2015, Spotify, seeing that Apple and Amazon were getting into the music streaming business, decided that it was also going to diversify into podcasts. And in May 2020 the company persuaded the popular American comedian Joe Rogan to move his podcast, The Joe Rogan Experience, exclusively to Spotify in return for a reported $100m. In January this year, an episode of the Rogan show prompted an open letter signed by 270 health care professionals calling on Spotify to develop a counter-misinformation policy on the platform. The complainants especially objected to an episode that had featured Robert W Malone, a medical researcher whom Twitter had permanently suspended from its platform, citing \u201crepeated violations of our Covid-19 misinformation policy\u201d, together with a comment Rogan made where he stated that he believed that young, healthy people do not need a Covid-19 vaccine. At this point, Spotify experienced a sudden collision between its interests in music and podcasting. The musical superstar Neil Young gave the company an ultimatum: it could have his music or Joe Rogan\u2019s podcast but not both. \u201cI am doing this,\u201d he wrote, \u201cbecause Spotify is spreading fake information about vaccines, potentially causing death to those who believe the disinformation being spread by them.\u201d Shortly afterwards, Joni Mitchell announced that she was taking the same line. Faced with these ultimatums, why did Spotify do? You only have to ask the question to know the answer. I mean to say, a hundred million bucks is a lot of money, even in the debased currency of the tech industry. And in his attempt to \u201cmanage\u201d the controversy, Spotify\u2019s co-founder Ek consulted the Facebook playbook. He vowed to provide \u201cgreater transparency\u201d on the company\u2019s content rules. And, of course, he wanted to support free speech \u2013 \u201cwhile balancing it with the safety of our users\u201d. And, just like Facebook, Spotify would henceforth be labelling content with warnings and directing users to a Covid-19 information hub with inputs from scientists and health experts. Etc, etc. There are, however, a couple of problems with this fatuous virtue-signalling. The first is what philosophers would call a category mistake \u2013 \u201cassigning to something a quality or action which can only properly be assigned to things of another category\u201d. Spotify is not Facebook. Whatever you might say about the latter, one thing it does not do is pay its users for what they post on its platform. Ek, on the other hand, has paid Joe Rogan $100m to broadcast from Spotify\u2019s platform. Which makes him, I would say, a publisher and therefore someone not entitled to the legal protections enjoyed by Facebook, Twitter et al in the US. And on top of that, there is Ek\u2019s naivety in thinking that labelling content about contentious matters is a way of doing good. From what we have learned so far about combating mis- and disinformation, labelling is as likely to boost bad stuff as it is to correct errors. So while Spotify may have succeeded in taming \u2013 or suborning \u2013 the mighty music industry, when it comes to handling political extremism and conspiracy theorists it\u2019s clearly out of its depth. Not over yetCovid-19: Endemic Doesn\u2019t Mean Harmless is the title of a sobering article in Nature by Aris Katzourakis. A good antidote to complacency about Omicron. Your number\u2019s upThere\u2019s a terrific blog post for 1 February by Cory Doctorow on his Pluralistic site, about the glossy accountancy and posh legal firms that enable money laundering by oligarchs and crooks. Coded messageThe transcript at metacpc.org of a fascinating (and intermittently baffling) conversation between Yanis Varoufakis and Evgeny Morozov about \u201ccrypto, the left and techno-feudalism\u201d is larded with flashes of inspiration."}