{"headline": "The Guardian view on Middlemarch: a book for grownups", "standfirst": "George Eliot\u2019s wise, empathetic book speaks to us eloquently of our own times", "author": "Editorial", "date": "Fri 18 Mar 2022 19.25 CET", "text": "Middlemarch, George Eliot\u2019s capacious imagining of the life of a Midlands town, is one of the masterpieces of 19th-century English literature. Though less popular than Jane Austen\u2019s slices of penetrating wit, and less frequently adapted than Dickens\u2019s teeming, socially engaged sagas, Middlemarch continues to exert its hold on readers. \u201cIt is one of the few English books written for grownup people,\u201d wrote Virginia Woolf. There are many ways to understand that pithy assessment. One is that Eliot did not avoid exploring the consequences of disappointment: Dorothea\u2019s poor choices in marriage; Dr Lydgate\u2019s idealism and talent, so tarnished by compromise. Middlemarch stays with us because it has so much to say now: about politics, about social change, about science, about love; about the web of connections that binds people together in a community. BBC Radio 3 will on Sunday broadcast a series called Middlemarch Monologues \u2013 new dramas by writers including Tanika Gupta and Sabiha Mank that translate Eliot\u2019s concerns into a modern context, touching on issues affecting the Midlands in our own time: the building of HS2, Black Lives Matter and Covid-19. The works are part of the programme for Coventry\u2019s year as the UK\u2019s City of Culture. That city, where Eliot went to school, provided her with a model for her fictional town, and its streets will also form the backdrop for Dash Arts\u2019 immersive adaptation of the book, The Great Middlemarch Mystery, which will be staged early next month. The writers of this version have also chosen to modernise the novel, placing the action in 1982 \u2013 a moment, they argue, that echoes the social and political flux of the novel\u2019s setting in the early 1830s. The specificity of Middlemarch to its locale is important. The Nuneaton-born Eliot was writing about a town in the middle of England \u2013 one that might seem marginal or on the edge of things (as in \u201cthe marches\u201d, or the borderlands) \u2013 but that in fact demands to be seen as the centre of its world, and the opposite of peripheral in its calls on our attention. The novel, so intellectually rigorous, is often concerned with perspective: with who is looking at whom, and with what intent. When Will Ladislaw happens upon Dorothea at the Vatican, where she is on her unhappy honeymoon with her pedant of a husband, Casaubon, she is in a reverie, not looking at the ancient statue of the sleeping Ariadne she stands beside \u2013 she has turned away from the overwhelming carnal spectacle the city offers, since she is in denial about her own sensuality. At another moment the novel tells us, when we are asked to observe Dorothea weeping six weeks after her marriage, \u201cIf we had a keen vision and feeling of all ordinary human life, it would be like hearing the grass grow and the squirrel\u2019s heart beat, and we should die of that roar which lies on the other side of silence.\u201d So the novel deftly and wittily reminds us that we are surrounded by personal tragedy, which can be glimpsed only fleetingly by our coarse minds, when gently steered towards it, by a writer of Eliot\u2019s capabilities."}