{"headline": "Johnson\u2019s hypocrisy and lies are emblematic of the British establishment ", "standfirst": "Now the prime minister is a liability, we must resist attempts by his former allies to paint him as an aberration", "author": "Owen Jones", "date": "Thu 3 Feb 2022 09.00 CET", "text": "For several weeks, millions of Britons have said or heard words to the effect of: \u201cSurely Boris Johnson can\u2019t survive this.\u201d And yet he has, batting away Sue Gray\u2019s non-report after the Metropolitan police helped gut it, morphing daily into a plummy-mouthed Donald Trump, littering an already mucky political world with lies and entirely bogus smears about Keir Starmer and Jimmy Savile. Yet Johnson is now treated by his growing band of critics as a freakish aberration who has disgraced the esteemed office of prime minister. His predecessor, Theresa May, who built her own career on bashing migrants \u2013 an approach that culminated in the Windrush scandal \u2013 has won plaudits for castigating Johnson in the House of Commons. But Johnson is no grotesque interloper: his behaviour and attitudes are emblematic of the British establishment. If our ruling institutions have a shared culture, it\u2019s entitlement and shamelessness, a conviction that wrongdoing should meet consequences only if you are poor and powerless. When Johnson solemnly lectured the nation to abide by the rules while presiding over illicit parties in his Ha\u00e7ienda-on-Thames, his thought process is not hard to imagine. He must have believed that the rules had to accommodate his needs, rather than vice versa. It\u2019s the same attitude that drove the expenses scandal: the MPs who railed against \u201cbenefit cheats\u201d while milking hard-pressed taxpayers believed they were not sufficiently remunerated, certainly not compared with the party donors \u2013 the City hotshots and top lawyers they clinked champagne glasses with. Why shouldn\u2019t they just help themselves to extras they deserved? A handful of MPs went to prison, but for most, being personally winded by some adverse newspaper headlines did not prove a roadblock to their future political careers. The revolving door between the fourth estate and politics has enjoyed a bit-part in this scandal. The career of the former journalist Allegra Stratton did not survive being demoted to being Johnson\u2019s human shield. But perhaps she felt invincible after her false portrayal of a single mother as a benefit \u201cscrounger\u201d on Newsnight in 2012 led to 27,000 complaints and a BBC apology, but did nothing to impede her media career. Compare and contrast that with Newsnight colleagues who attempted to scrutinise the wealthy, well-connected Jimmy Savile just months before, and claimed they paid with their BBC careers. But spreading myths and outright lies about benefit claimants, refugees or Muslims is largely consequence-free. It\u2019s quite a different story when media figures target the powerful. When, in December, Boris Johnson sought to distract from \u201cpartygate\u201d by escalating the war on \u201cmiddle-class drug users\u201d, he merely emphasised the establishment\u2019s unofficial motto: rules for thee and not for me. It made his recent suggestion in parliament that the Labour frontbench are drug takers all the more bizarre: he\u2019s admitted to taking drugs; so has his deputy, Dominic Raab; and so has Michael Gove \u2013 to cocaine, indeed, on several occasions. Coke may coat parliamentary latrines, but our country remains one in which Black drugs offenders are 1.5 times more likely to be jailed than a white offender, not that the latter group will include politicians. Our scandal-convulsed prime minister once boasted that nobody \u201cstuck up for the bankers as much as I did\u201d after the crash. Indeed, Johnson has been a longstanding and unapologetic champion of the wealthiest, who he once described as a \u201cput-upon minority\u201d who made a \u201cheroic contribution\u201d. They barely needed his defence. Following the financial crisis, 324 financiers were convicted of crimes after the financial system nearly collapsed in the US. In the UK, the number of bankers who went to prison was just five. Again: terrible behaviour, minimal consequences. There are good reasons why members of the establishment may believe their power and connections are a bullet-proof vest. Consider the fact that in the UK, you are 23 times more likely to be prosecuted for benefit fraud than tax fraud . Benefit fraud may inflict far less economic and social harm, but our society hysterically demands that it\u2019s the sins of the poor that must be punished. When Cressida Dick faced demands to resign after her officers attacked a vigil for Sarah Everard last March \u2013 a rather more heavy-handed approach than the officers stationed at No 10 offered when government officials boozily frolicked \u2013 she must have known she\u2019d brazen it out. After all, the Met had already avoided full accountability for police spies having relationships with women under false pretences and stealing the identities of dead children , the unlawful killing in 2009 of Ian Tomlinson, and the 2005 shooting of Jean Charles de Menezes \u2013 the latter in an operation headed by none other than Dick herself. Johnson may understandably be bewildered that he is suddenly facing the level of scrutiny he always deserved after getting away with so much for so long. In fact, much of the fourth estate has conspired to help construct his jovial, amiable persona. From the Evening Standard editor who was a personal friend when he was London mayor to Theresa May appointing him foreign secretary, he has always been helped to power. Now he is viewed as a liability. His support is melting away like a marshmallow over a flame. But self-serving attempts to paint him as an anomaly should be fiercely resisted. Johnson is the British establishment in its undiluted and unapologetic form. If he gets away with this, it will be another illustration of the truth that is as old as the establishment itself: that consequences are for the little guy, not for the powerful. Owen Jones is a Guardian columnist "}