{"headline": "Do not go gentle into that hot tub! A luxury spa is the wrong way to remember Dylan Thomas", "standfirst": "Just up the road from the poet\u2019s austere grave, I found an upmarket tourist development bearing his name. It feels so wrong", "author": "Adrian Chiles", "date": "Thu 3 Feb 2022 08.00 CET", "text": "Dylan Thomas\u2019s grave is an extravagantly simple affair. He\u2019s buried in the overspill graveyard at St Martin\u2019s church in Laugharne on the Carmarthenshire coast. There\u2019s no gravestone, just a white wooden cross with his name on one side and, on the other, that of his wife, Caitlin, who lies there with him. I don\u2019t recall seeing a humbler resting place for any such celebrated person. I wonder if the man who famously raged against the dying of the light would be so enraged about his light dying that he would like his grave this way, having something so basic in which he could sulk for eternity. Rightly or wrongly, the simplicity of it suggested humility; the man went up in my estimation. If you take the muddy track from the top of that graveyard towards the sea, you soon come across something rather grander bearing his name. The Dylan Coastal Resort is an upmarket development of \u201cluxury self-catering properties with hot tubs, world-class spa and dining facilities\u201d. It all looked very nice indeed, but the name felt terribly wrong. Perhaps it was coming across it moments after seeing that same name etched on to a simple wooden cross. For me the sight was a visual representation of the sound of nails screeching down a blackboard. I have since established that a week in May in one of the very nice Milk Wood Lodges would set me back more than \u00a32,500. I imagine folk in those Milk Wood Lodges reading Under Milk Wood while the ghost of Dylan rages away at the dissonance of it all.  Adrian Chiles is a broadcaster, writer and Guardian columnist"}