{"headline": "Sunak\u2019s energy rebates won\u2019t even come close to helping people with soaring bills", "standfirst": "A financial shock is about to hit a country already battered and bruised by years of austerity", "author": "Polly Toynbee", "date": "Thu 3 Feb 2022 18.50 CET", "text": "This may destroy them, a cost of living explosion such as few have known in their lifetimes. The \u00a3350 of support for most households, announced today by Rishi Sunak, the chancellor amounts to only a fraction of the extra bills heading towards most households. It came on the day that the Bank of England raised interest rates, and on the day Shell boasted of a \u201cmomentous\u201d 14-fold rise in its profits to \u00a312bn. Labour\u2019s promise of a windfall on soaring energy company profits never looked more prudent. Expect people to understand all too well that these easements Sunak offers are nothing more than disguised loans. This \u201cheat now, freeze later\u201d debt will be clawed back from every future energy bill until 2027 \u2013 and prices may rise again. Labour\u2019s Chris Bryant spelled out in parliament why \u00a3350 doesn\u2019t \u201ctouch the sides\u201d of the problem for his constituents in Rhondda: household costs are increasing by \u00a32,875 a year, he said, in a constituency where the average wage is \u00a327,000. How crafty to shift some of the payment of this temporary relief on to local authorities, through the rebate on council tax bills. Prof Tony Travers, of the London School of Economics, warns that as this is just a one-off, when council tax bills soar next year the blame is likely to fall on hard-pressed local authorities, not on Westminster. \u201cMany councils will try to make more cuts to keep that rise down,\u201d he tells me \u2013 but there is no more to cut. Just before the 2010 election, I first heard a soon-to-be Tory minister tell colleagues with glee they would \u201cdevolve the axe\u201d to councils \u2013 and so they did, with local authorities bearing the brunt of austerity. In this week\u2019s \u201clevelling up\u201d white paper, with its lyrical evocations of localism in Jericho and a hymn to the Medicis, Gove absurdly promised to \u201cturbo-charge the whole of the country\u201d on less than a shoestring. He said nothing of the last decade\u2019s devastation of local libraries, swimming pools, bin collections and pothole repairs. Labour\u2019s Lisa Nandy says levelling up would make up for just \u00a31 for every \u00a313 lost by councils since 2010. \u201cWe get a partial refund and they expect us to be grateful.\u201d Everything about this energy policy is wrongheaded. The Social Market Foundation and the Joseph Rowntree Foundation want any subsidy delivered as cash directly into people\u2019s pockets \u2013 \u00a3500 to all on low incomes on universal credit, which was an efficient way during the pandemic of paying out that \u00a320 uplift (and then snatching it back). It\u2019s greener and more dignified to give people money to spend as they choose, not forcing it on to their energy bills: with out-of-work benefits their lowest for 30 years, hard-pressed families may need to choose to spend less on energy and more on other necessities. I regularly keep in touch with the Big Help project in Merseyside\u2019s Knowsley, one of the very poorest authorities in England, with seven food banks and 11 food clubs. Toni Bell, one of the managers, says already existing price rises are drawing in more full-time workers who have never asked for help, often needing debt advice as well as energy vouchers and food. Rock-solid Labour Knowsley has had no levelling up money to date, unlike many wealthy Tory seats, such as Sajid Javid\u2019s Bromsgrove, which was given \u00a315m. Here\u2019s the question: are public attitudes changing towards the poorest in society, as British Social Attitudes has recently begun indicating? Nearly half of households on universal credit have suffered what\u2019s politely called \u201cfood insecurity\u201d. That means sometimes going hungry, as Marcus Rashford has described so movingly about his childhood. One in three children now live below the poverty line, according to the government\u2019s own report, 700,000 more since 2012. That\u2019s been a hard fact for most people to believe: one in three children you see in the street. Really? Just possibly, the price shocks this year, felt by almost everyone, will bring home to more voters how severe poverty is in Britain. Maybe the experience will put an end to brutal Benefits Street-style TV shows and imagery of feckless layabouts, with Middle England itself feeling the pinch. The reason so many children half starve, have no holidays or treats and lack the basics to share the same ordinary lives as schoolfriends is quite simple: not enough voters care enough about it. Could that be on the turn now? Might the Tories in their callousness find themselves on the wrong side of history, wrongfooted by a surge in public sympathy? I note a story from this week in the Bournemouth Echo: \u201cDorset MP questions food bank use as numbers rocket.\u201d The local food bank reports a 43% rise in the number of clients. But Poole\u2019s MP, Sir Robert Syms, said: \u201cWell, I\u2019m a bit surprised because at the moment unemployment continues to fall and the economy is continuing to grow and I can\u2019t see any particular reason why [the number of food bank users] would pick up \u2026 I can\u2019t see yet how energy bills would have made that much of an impact on people\u2019s finances.\u201d The news story went on: \u201cSir Robert added he would \u2018have a word\u2019 with the Department for Work and Pensions to see if there were more people applying for help.\u201d Well, as MP for the millionaires of Sandbanks he may not know much about the DWP, and his Dorset is among the regions that have had the fewest cuts in the last decade, while Liverpool has had the most. There\u2019s a lot of levelling up to be done, not least in hearts and minds and Tory attitudes. Polly Toynbee is a Guardian columnist"}