{"headline": "The Guardian view on a Downing Street resignation: a smear too far", "standfirst": "The departure of the prime minister\u2019s most trusted aide does nothing to dispel the fin de r\u00e9gime aura of this Conservative government", "author": "Editorial", "date": "Thu 3 Feb 2022 20.15 CET", "text": "The departure of Munira Mirza, Downing Street\u2019s head of policy, suggests that time is running out for Boris Johnson\u2019s government. Sliding in opinion polls and under investigation by the police over illegal lockdown parties in No 10, the administration has a fin de r\u00e9gime aura. Ms Mirza, reputed to be the prime minister\u2019s most trusted and influential aide, said that she was quitting over a matter of principle \u2013 a rare thing in Mr Johnson\u2019s shrinking circle. She was unwilling to stay silent over his scurrilous slur against Labour\u2019s Sir Keir Starmer. After working with Mr Johnson for 14 years, Ms Mirza must have been acquainted with his modus operandi. But his claim that Sir Keir spent \u201cmore time prosecuting journalists and failing to prosecute Jimmy Savile\u201d from the dispatch box was a smear too far. Sir Keir had been director of public prosecutions when Savile was questioned under caution by police in 2009. But he was not involved in the decision not to pursue the case and there is nothing to suggest he knew that Savile was a serial sexual abuser and failed to prosecute him. A day after Mr Johnson\u2019s deplorable attack, he was rebuked by the Commons Speaker, but refused to backtrack. This appears to have been the final straw for Ms Mirza. Her resignation letter reveals that she understood the damage that peddling such conspiracy theories could do, even when her boss did not. Ms Mirza wrote that \u201cthis was not the usual cut and thrust of politics; it was an inappropriate and partisan reference to a horrendous case of child sex abuse\u201d. She called on Mr Johnson to apologise: \u201cI appreciate that our political culture is not forgiving when people say sorry, but regardless, it is the right thing to do.\u201d This plea went unanswered. During a visit to Blackpool, Mr Johnson claimed that his comments were about Sir Keir\u2019s \u201cresponsibility for the [CPS] as a whole\u201d. This is a justification, not an apology. The prime minister is constitutionally incapable of expressing remorse for what he has done wrong. The deliberate and intentional misleading of fellow lawmakers and the public is a serious matter. Parliamentary privilege confers immunity in respect of what MPs say. It can be a valuable tool. It is not an excuse for lying in parliament. Mr Johnson rose to the top by flouting such conventions, but his way of shaping taunts has come back to haunt him. While others were unable to see dying parents, he attended parties, then claimed shock that they were social events. The pain-free Brexit he promised cannot be delivered. Britain won\u2019t be levelled up anytime soon. Tellingly, Downing Street\u2019s press chief also left on Thursday. As Tory MPs continue to pen letters demanding that the prime minister goes, these departures are evidence that he is running out of people to betray."}