{"headline": " I knew Abramovich was taking the piss", "standfirst": "The Long Ryders song Ivory Tower once sparked a brief, urinal-based encounter between me and the Russian oligarch", "author": "Stewart Lee", "date": "Sun 6 Mar 2022 11.00 CET", "text": "Superyachts seek safe havens. Property portfolios dissolve. Lawyers are engaged, accountants contracted. Politicians confect plausible denials over ostentatious donations. Tory party co-chairman Ben Elliot deletes online boasts of his company\u2019s \u201c15 years\u2019 experience providing luxury lifestyle management services to Russia\u2019s elite and corporate members\u201d. It seems there were oligarchs everywhere, all along. We\u2019ve been living in an oligarchy, and no one knew, except all the silenced journalists and stifled inquiries that tried to tell us. Six years ago, after meeting him at a urinal, I briefly befriended the now penitent oligarch Roman Abramovich. Ten songs into a brilliant set by Americana legends the Long Ryders at Under the Bridge, the venue attached to the football ground Abramovich owned, I dashed to the gents, just after Ivory Tower and during The Light Gets in the Way, my prostate gland and my enthusiasm for plangent country rock in mortal combat. \u201cThat Ivory Tower song is so good. We do live in an Ivory Tower,\u201d the urinating oligarch next to me moaned drunkenly in an anglicised Russian accent, \u201cAnd an Ivory Tower can fall down, any time, my friend! Fantasticheskiy!\u201d And with that, the edified oligarch began to weep hot tears that splashed down into the urinal bowl, diluting the champagne-flavoured micturate his tiny penis had squirted weakly there. I am not a fan of football, kleptocracies or smelting. I did not know I was being addressed by the oligarch, and newly converted Long Ryders fan, Roman Abramovich. \u201cI agree,\u201d I said, innocently. \u201cThe Long Ryders work within the country rock genre, I suppose, but they invest it with levels of real tenderness, insight and originality, magically greater than the sum of its parts.\u201d \u201cYou are an intellectual, my fat companion. A shoe-shine boy of the elite. You overanalyse,\u201d said my new oligarch friend, suddenly stabilising. \u201cI never knew this group before, but the sound is Clash, but on a farm! Makes Robbie Williams seem shit.\u201d \u201cHave you seen Robbie Williams live?\u201d I asked politely, zipping up my flies, and wondering how a Russian Robbie Williams fan had found his way into a reunion show by some not well-known 80s alternative country pioneers. \u201cWilliams played the New Year\u2019s Eve party I threw for Vladimir Putin two years ago. Then he writes an offensive song obviously about me and the loans-for-shares privatisation programme: \u2018It takes a certain kind of man with a certain reputation to alleviate the cash from a whole entire nation.\u2019 Happy to take my money though, eh? Asshole! I should sue him. Like Catherine Belton and HarperCollins in the future. At least I was never in Take That!\u201d Now I was confused. \u201cYou threw a party for Putin? Who are you?\u201d Without washing his hands, my oligarch companion clasped my face in his palms. \u201cYou do not know who I am? Ha! Fantasticheskiy!\u201d And then he kissed each of my cheeks in turn. \u201cCome Shoe-shine! We\u2019ll drink champagne. You explain this \u2018alternative country\u2019 to me and watch the cowboy farm band, yes?\u201d As we were served, very quickly, at the bar, the Long Ryders kicked into the countrified powerpop of their signature NRBQ cover, I Want You Bad. \u201cFantasticheskiy,\u201d enthused Abramovich, as a woman poured us champagne, \u201cBut I have never heard them before. Their failure to penetrate the wider marketplace is surely due to poor business decisions by record labels in the 80s. All is business. I bought a painting of a big woman for \u00a317m. George Lucas, yes? I invited him to see the Red Hot Chili Peppers play at my 2011 New Year\u2019s party. Ideal party band. Those Ewoks in Return of Jedi, yes? They are no fucking good. I asked Lucas, \u2018The Ewoks are Wookiees, yes, from the other two films, the good films? Compare the meerkat. You changed Wookiees for the new small creatures to sell more toys to morons?\u2019 Lucas said nothing. All is business. What song is the group playing now?\u201d \u201cState of My Union,\u201d I reply, fizzing, \u201cI suppose, both musically and lyrically, it has an ironic relationship with rock\u2019n\u2019roll songs that eulogise a particular place, like the Beach Boys\u2019 California Girls, the humour here deriving from the fact that it concerns the unglamorous state of Kentucky.\u201d \u201cEnough, Shoe-shine!\u201d honked Abramovich, \u201cthey\u2019re leaving the stage. Clap for an encore.\u201d \u201cIvory Tower! Ivory Tower!\u201d commanded Abramovich, a man not used to having his wishes disobeyed, but the spritely roots veterans sprang instead into a spirited reading of their near hit, the British invasion hued American history lesson Looking for Lewis and Clark. \u201cThis song is good. The harmonica break excites me,\u201d concluded Abramovich as the Long Ryders left that stage, and we headed to the exits. \u201cBut it\u2019s no Ivory Tower. Hey! Shoe-shine,\u201d and Abramovich threw his arm around me as we walked through the Chelsea grounds in the cool summer night, \u201cIvory Tower. Sing that song for me, now.\u201d \u201cReally,\u201d I asked, \u201cjust here now, unaccompanied? I don\u2019t know if \u2026 \u201d \u201cSing the fucking song, Shoe-shine, and earn your champagne!\u201d growled Abramovich, so I summoned some inner strength, stood up straight and sang: \u201cMy friend lives in an ivory tower. She don\u2019t listen when you try to tell her: \u2018it\u2019s too late, your ivory tower\u2019s falling down.\u2019\u201d The notes faded and Abramovich sat down near a seagull on top of a dirty bin, gazing at the stars. He seemed momentarily moved, as if about to admit something, but then snapped back into certainty. \u201cHmm,\u201d concluded Abramovich, \u201cThis Ivory Tower needs a checkpoint entry, crash barriers, iron gates, like Kensington Palace Gardens. Or expensive litigation lawyers. Some donations to a charitable fund. Etc. Then the Ivory Tower will not fall. Go home Shoe-shine. Home to your stinking book-lined cave.\u201d Rescheduled national 2022 dates of Stewart\u2019s 2020 tour, Snowflake Tornado, are on sale now; as are Edinburgh fringe shows. The Long Ryders return to Under the Bridge, London, on 17 and 18 June"}