{"headline": "The people of Ukraine need our solidarity. But not just because they\u2019re \u2018like us\u2019", "standfirst": "The outpouring of sympathy and help for Ukrainian refugees has prompted debate about European attitudes to identity and ethnicity", "author": "Kenan Malik", "date": "Sun 6 Mar 2022 10.00 CET", "text": "In 1857, the English poet and Chartist leader Ernest Jones wrote a series of articles in the People\u2019s Paper about the \u201cIndian Mutiny\u201d of that year. It was, he observed, no \u201cmutiny\u201d but a \u201cnational insurrection\u201d that Britons should support as much as they had supported similar struggles in Europe. Britons were \u201con the side of Poland\u201d when it \u201cstruggled for its freedom against Russia\u201d. If Poland was \u201cright\u201d, Jones insisted, then \u201cso is Hindostan\u201d. I was reminded of his argument as I read and listened to some of the commentary about Ukrainian resistance to the Russian invasion. The invasion is brutal and unacceptable, an assault on democracy and sovereignty. We should oppose it just as we should oppose the Saudi assault on Yemen. We should support the people of Ukraine just as we should the people of Syria. Not so, says the Telegraph\u2019s Tim Stanley. On BBC Radio 4\u2019s Thought for the Day slot, he insisted that Ukraine moves us more than Syria or Yemen because it is \u201ca European country\u201d and \u201cthe young men volunteering or being conscripted could be our sons or fathers\u201d. Apparently, it\u2019s so much more difficult to imagine what a father or son must feel facing the prospect of war in Yemen or Iraq. For the Tory lord and former MEP Daniel Hannan the Ukraine conflict is shocking because \u201cthey seem so like us\u201d, living in \u201ca European country\u201d where \u201cpeople watch Netflix and have Instagram accounts\u201d. \u201cCivilisation itself is under attack in Ukraine,\u201d he concluded. Unlike in the destruction of Syria or Afghanistan. Many others on both sides of the Atlantic have proffered similar views. What is expressed here is not simply the shock of witnessing a brutal conflict in a relatively peaceful and prosperous continent like Europe (though it\u2019s barely 30 years since the Balkans were ripped apart by an even more vicious conflict). It is, rather, the belief that our capacity to empathise with people\u2019s hopes, fears and suffering is defined by whether they are \u201clike us\u201d. It\u2019s an argument that circumscribes solidarity along lines of identity. One of the ironies of much rightwing criticism of identity politics is the obliviousness to their own wallowing in the swamp of identity. There is an irony, too, in that the place of eastern Europeans and of Russians in the western imagination has always been ambiguous. Today, Europeans might embrace Ukrainians as \u201cone of us\u201d. It has not always been so. There is a long history of bigotry towards Slavs, of viewing them as primitive and \u201cAsiatic\u201d. For the influential 19th-century German historian Heinrich von Treitschke, \u201chatred of Slavs\u2026 is deep in our blood\u201d because the Slav is \u201ca born slave\u201d. Edward Ross, one of America\u2019s leading sociologists at the turn of the 20th century, called for Slavic migrants to be barred from America because they \u201cbelong in skins in wattled huts at the close of the Great Ice Age\u201d. \u201cA Slav can live in dirt that would kill a white man\u201d, he wrote. The 1917 Russian Revolution was cast by many in racial terms. The prominent white supremacist Lothrop Stoddard viewed the Russian population as \u201cmade up chiefly of primitive racial strains\u2026 which have always shown an instinctive hostility to civilisation\u201d. Another American writer, Clinton Stoddard Burr, saw Bolshevism as \u201cfundamentally an Asiatic conception which is repugnant to the western mind\u201d. For Hitler, the \u201creal frontier\u201d was not between Europe and Asia but \u201cthe one that separates the Germanic world from the Slav world\u201d. He saw Ukrainians as the \u201credskins\u201d of Europe: \u201cWe\u2019ll supply the Ukrainians with scarves, glass beads and everything that colonial people like\u201d, he contemptuously remarked. Such sentiments still find expression. In 2018, the Wall Street Journal published an article on Putin\u2019s diplomacy headlined \u201cRussia\u2019s Turn to Its Asian Past\u201d. The boundaries of those who are \u201clike us\u201d, of those who are European, of even those who are considered \u201cwhite\u201d, are not fixed but shift according to political and social need. And those ever-changing boundaries are defined as much by those deemed to be not like us as by those whom we acknowledge are. This is most noticeable in discussions about refugees. In the space of a week, a million refugees have fled Ukraine, half of them to Poland. That figure could rise in the coming weeks to four million. There has been much chaos and desperation in the rush to leave Ukraine. But in the receiving countries, the refugees have been met with great generosity, with open arms and open borders. (A notable exception is Britain, where the public supports a liberal policy but the government continues to drag its feet.) Compare this to the debate on the \u201crefugee crisis\u201d of 2015 when Europe was apparently overwhelmed by an \u201cinvasion\u201d. That year, Europe received 1.3m asylum applications, a sharp jump in numbers because of the Syrian war. The figures before and since have been much lower. Yet that one year, in which the total number of asylum seekers was barely more than that in a week from Ukraine, has become totemic of an overwhelmed continent, the reason for strengthening Fortress Europe and for holding hundreds of thousands inthe most appalling conditions on both sides of the Mediterranean. The issue is one not of numbers but of political will and of the social and imaginative boundaries we draw. The EU president Ursula von der Leyen last week insisted that Ukraine \u201cbelongs in the European family\u201d. One of her first acts on becoming EU president in 2019 was to move responsibility for immigration into a new portfolio for \u201cPromoting Our European Way of Life\u201d, the task of which included protecting it from \u201cirregular migration\u201d. Refugees from Ukraine are part of the \u201cEuropean way of life\u201d. Those from beyond are not. That is how boundaries are marked to delimit empathy and solidarity. In 1857, an editorial in the People\u2019s Paper acknowledged that \u201cwe have avowedly shown ourselves on the Indian side\u201d because support for \u201cdemocracy must be consistent\u201d. Anyone who says: \u201c\u2018I am for Hungary, and against India\u2019\u201d, it observed, \u201c lies against himself, against principle, against truth, against honour.\u201d Ernest Jones and the People\u2019s Paper understood that solidarity means little if it is constrained by race and identity. There are many today who still need to learn that lesson.  Kenan Malik is an Observer columnist"}