{"headline": "Here at the Polish-Ukrainian border, I see nothing but humanity towards refugees", "standfirst": "Polish people are hosting Ukrainians in their apartments, driving them to places, or simply giving them money to cover basic needsAnastasia Lapatina is a journalist at the Kyiv Independent", "author": "Anastasia Lapatina", "date": "Sun 6 Mar 2022 15.52 CET", "text": "When I hopped on a train from Krak\u00f3w to Przemy\u015bl, a small Polish town near the Ukrainian border, I expected to be confronted with a humanitarian catastrophe, produced by a million people fleeing their homes due to war. But what I saw was instead the best of humanity. As Russia has launched a bloody full-scale war against my country, thousands of Ukrainians have escaped by train to this railway station. There, they are met by an enormous banner in front of its entrance that reads, in both Polish and Ukrainian: \u201cYou are safe here.\u201d Inside, dozens of Polish volunteers provide Ukrainian refugees with \u201ceverything for free\u201d, as another sign says \u2013 food, water, clothes, phones with prepaid plans, accommodation, legal advice. While I was there, the volunteers mingled among the crowds, helping displaced Ukrainians find food, hot beverages and somewhere to sit. Little islands of people surrounded power extensions, clinging to their phones for news and texts from loved ones who were still in Ukraine. \u201cI\u2019ve never seen anything like this,\u201d said one Ukrainian woman in her sixties, bursting into tears. \u201cI was crying from how they met us. Everything was very well organised at every step. We were told where to go, what to do. I was shocked that they even carried our luggage. It is so touching.\u201d More than 1.5 million people have fled Ukraine in just 10 days, with about 1 million of them crossing into Poland. No specific funding legislation has been passed yet in response to the effort, but local government in the Polish Podkarpackie region, which covers about half of the Ukrainian-Polish border, has spent more than \u20ac10m to date. Meanwhile, the European Commission has said it will allow EU states to use resources from a large Covid-19 recovery package to help Ukrainian refugees. On Wednesday the UN launched a $1.7bn appeal to provide assistance both in Ukraine and in the countries welcoming Ukrainian refugees, while the UNHCR is also present, helping to register and provide accommodation for refugees at the Polish border. Yet it\u2019s the response of ordinary Polish people that has been most astounding \u2013 with more than 90% of Poles in a recent survey supporting the admission of Ukrainian refugees into Poland, and 65% saying they are willing to help them personally. At the station, about 20 people stood in a line for free sim cards. One of them, Viktoria, 30, had escaped from Kharkiv \u2013 Ukraine\u2019s second largest city, in the country\u2019s east. To reach the train station there safely, she told me, she had walked through the city\u2019s underground metro tunnels. She escaped alone and had to leave behind her mother, too elderly to travel. \u201cMy stomach hurts so bad,\u201d Viktoria told me, her voice cut with exhaustion. \u201cWe drank water from fountains in the metro, now everyone has stomach pains, so maybe we caught something.\u201d As a Ukrainian, I felt many emotions at the scenes in front of me. There was shock at the sight of dozens of children playing with toys on the floor as their mothers tried to collect their belongings and their thoughts, figuring out what to do next in a foreign country. Then there was guilt \u2013 I came to Poland from France, where I studied, while my mother was hiding from missiles near Kyiv. Still, my suffering could not be compared to that of the refugees I saw in Przemy\u015bl. Most importantly, I was surprised by the generosity of Poles themselves. Since the war began, thousands have gone above and beyond to help in any possible way \u2013 hosting Ukrainians in their apartments, driving them to places, or simply giving them money to cover basic needs. Restaurants and stores around the country give Ukrainians discounts, while any services \u2013 including the train I took \u2013 are provided for free. \u201cI myself was amazed at the amount of support,\u201d said Nazar, a 30-year-old Ukrainian who has lived in Poland for nine years. He now spends all his time volunteering and helping Ukrainian refugees resettle in Poland. He thinks one of the reasons for Polish generosity is pragmatic: Vladimir Putin may well not stop at Ukraine. \u201cIf we don\u2019t help Ukraine defend itself, Poland is Russia\u2019s next neighbour. Poles understand very well that this is about their security too,\u201d Nazar said. A number of factors may explain Poland\u2019s generous response to Ukraine\u2019s refugees. In the last few years a number have migrated to Poland and resettled, so Ukrainians are seen not as strangers but friends. Of course, there is the simple fact of geography \u2013 be it Turkey, hosting 3 million Syrian refugees, or Lebanon welcoming over a million, the Polish government has little choice but to adapt to the challenge. Up until Thursday, Hungary has welcomed about 140,000 people; Moldova, 97,000; Romania, 51,000; and Slovakia, 72,000. More than 100,000 still went further on to European countries that don\u2019t share a border with Ukraine. Undoubtedly, Poland will have to bear the brunt of refugee resettlement \u2013 when a humanitarian crisis is on your doorstep, there\u2019s little time for discussion; the instinct to help instead kicks in. Sadly, not all Poles have been as generous and there have been reports of far-right violence against non-white refugees, chanting \u201cgo back to your country\u201d. According to reports, three Indians were beaten up, leaving one of them having to be taken to hospital. But this should not be seen as representative of Poland\u2019s response, and the compassion they have shown my fellow country people. As I moved from one room to another at Przemy\u015bl station, I stopped to chat to a woman who was visibly distressed. She refused to speak on the record. Her son, who looked about seven, turned to me, however, and asked: \u201cHas the war ended?\u201d I felt as if I had been punched in the stomach. \u201cIt will, very soon,\u201d I told him, gently, as if there was anything else I could have possibly said. \u201cVery soon, we will all be home.\u201d The little boy seemed, in that moment, to believe me. Anastasia Lapatina is a journalist at the Kyiv Independent"}