{"headline": "The Guardian view on privatised children\u2019s services: deregulation failures", "standfirst": "The failings uncovered in a Bolton children\u2019s home were extreme. But the weak oversight that enabled them were an everyday occurrence", "author": "Editorial", "date": "Sun 6 Mar 2022 19.25 CET", "text": "Who will stand up for the children in care who are being let down, as evidenced by repeated scandals? The home owned by Robert McGuinness in Bolton, and closed in January after Ofsted discovered a child who had not changed his clothes or bathed for months, is an egregious example of the casual neglect that has spread like a stain across the sector. Mr McGuinness, the Guardian revealed last week, spent thousands from a community interest company set up for educational purposes on bars and holidays. The company claimed that the spending was a legitimate form of salary sacrifice. But while his behaviour was extreme, the official neglect of vulnerable children that made it possible is far from isolated. Alternative provision settings that educate pupils excluded from mainstream schools in England do not all have to register with Ofsted. Business owners do not even undergo basic checks. Mr McGuinness\u2019s company already has planning permission for eight studio flats for care leavers aged 16 to 18. This is the type of accommodation where, between 2018 and 2020, 22 children died. The former children\u2019s commissioner for England Anne Longfield described the government\u2019s attitude to the most vulnerable young people in our society as \u201cdeep-rooted institutional ambivalence\u201d. The Howard League for Penal Reform has warned that moving children long distances can \u201cplay into the hands of abusers\u201d. A ruling against the callous practice of placing children in non-care settings, including lightly supervised bedsits, in the judicial review brought by Article 39 would help. But the problems in the children\u2019s social care sector are wider than this. Funding cuts, and record numbers of children in care, have left councils desperate to shift the burden of responsibility. Increasingly, foster placements as well as children\u2019s homes are delivered by private providers, many of which have opaque ownership structures and extract huge profits. CareTech Group, for example, made nearly \u00a370m in pre-tax profits last year and awarded a \u00a312,000-a-month \u201crelocation allowance\u201d to its chief executive, Haroon Sheikh, for his move to the United Arab Emirates. This is the wrong model. While councils may initially reduce overheads by outsourcing difficult work, cutting corners by relying on low-paid, private-sector workers will do nothing to improve the prospects of a demographic who already face obstacles. The kinds of \u201chigh-quality life story work\u201d called for recently by MPs, because it helps young people to make sense of complex experiences, is impossible if placements and social workers are constantly changing. Care standards must be raised. Every setting and provider should be subject to rigorous regulation, with moves disallowed unless they are in a child\u2019s best interests. A review by Josh MacAlister, ordered by ministers, is expected soon. But while Mr MacAlister has criticised operator profits, he has so far declined to support the campaign to lift the care-leaving age, and the signs that he will demand the kind of overhaul that would place children\u2019s interests first, with a strengthened national framework for councils to adhere to, are not good. Campaigners, charities, MPs and everyone who thinks these children matter should prepare a robust response."}