{"headline": "Growing up in the 80s meant living in fear of the bomb \u2013 now, thanks to Putin, so are today\u2019s teens ", "standfirst": "The threat of Armageddon was always in the background \u2013 but now young people have to deal with the pandemic and climate crisis too", "author": "Adrian Chiles", "date": "Wed 2 Mar 2022 16.29 CET", "text": "Two people come to mind when I recall my teenage anxieties about being blown to kingdom come in a nuclear war. One is an ancient American farmer; the other is my chemistry teacher, Mr Fenwick. I was in the upper sixth and we were both in the school production of Cabaret. I was hopeless as the leading man; Mr Fenwick was brilliant as the MC, a role for which he wore tights. Honestly, the 80s \u2013 what were we like? I digress. After rehearsals I\u2019d give him a lift to Stourbridge Junction train station, and we\u2019d have a pint in a nearby pub. One time we somehow got on to his childhood memories of the Cuban missile crisis. \u201cI remember thinking, \u2018Fucking hell, we\u2019re all going to die,\u2019\u201d he said with feeling. This was the first and only time in my school years I heard a teacher use the F-word. He conveyed brilliantly the visceral fear he\u2019d felt more than 20 years earlier; for a fleeting moment he was back there and he\u2019d taken me with him. For all the horror I felt at that close shave humanity had had, even then it seemed like something rather quaint, a calamity my parents\u2019 generation had narrowly dodged. Good sense had prevailed, and would surely do so again if we ever again found ourselves so close to the abyss. This was February 1985. I was already on the third Soviet leader of my teenage years: Brezhnev had died just over two years earlier, to be followed, briefly, by Andropov, who was succeeded, even more briefly, by Chernenko. All three of them, in their severe, grey way, had chilled me to the bone. My main preoccupations doubtless concerned all the standard adolescent agonies, but beneath it all the threat of Armageddon was always in the background, humming and clicking away like a Geiger counter. Even as Mr Fenwick and I chatted over our pints of Banks\u2019s bitter, I was dimly aware that there was probably a Soviet missile aimed at us. Perhaps it had \u201cStourbridge\u201d or \u201cthe Black Country\u201d scrawled on it in Cyrillic script. And yet I don\u2019t think I ever truly believed it would happen. I must have been a subscriber to the doctrine of mutually assured destruction, because I somehow found reassurance in the very madness of it all. I recall an item on television news about a large-scale rehearsal for a nuclear attack somewhere, I think in the American midwest. I\u2019m hazy on the details but I remember very clearly a vox pop with an old boy, a resident of a town in the area. He looked like someone out of a Steinbeck novel, and spoke in the kind of accent someone might speak in if they were mocking a country boy drawl. Asked if the simulation exercise had caused him to worry any more about the prospect of a nuclear winter, he chewed thoughtfully on whatever he was chewing, and then said something like: \u201cThe way I see it, there isn\u2019t one critter in this whole darned world crazy enough to start something like this.\u201d Yes, I thought: I think that\u2019s right. I hoped that was right. I still hope he was right. My daughters, only one of whom is a still a teenager, have both confessed to some alarm over Ukraine, and where this is all going to end. I\u2019ve said two things to them, neither particularly helpful. The first has been along the lines of: \u201cHa, you should have tried being a teenager when I was a teenager. We had this the whole time. Imagine that.\u201d Then, catching myself on, I\u2019ve tried to reassure them with a cobble-together of various bits of geopolitical wisdom I\u2019ve picked up from some of the wise owls I\u2019ve spoken to on the radio. Naturally, I\u2019ve edited out the alarming stuff I\u2019ve heard from those wise owls I know and trust \u2013 such as the former US presidential adviser on Russia Fiona Hill, and the journalist Misha Glenny \u2013 who aren\u2019t entirely sure that Putin won\u2019t press one of his nuclear buttons. I suppose one advantage, if you can call it that, our teenagers have is that they already have experience of dealing with not one but two existential threats to humanity. That\u2019s certainly what the pandemic felt like in its darkest days, and the climate emergency is deepening all the time. I didn\u2019t have any such concerns. All I had to worry about was nuclear war; I didn\u2019t know I was born. As my chemistry teacher and I drained our pints in the Labour in Vain pub near the train station, Chernenko wasn\u2019t long for this world. The following month he was replaced by Gorbachev, who looked less grey and forbidding than any of his predecessors. He certainly didn\u2019t look like the kind of guy who would press the button. One thing led to another and, before the 80s were out, the Berlin wall had come down, the iron curtain had lifted and the danger seemed to have passed for ever. Bar perhaps the chubby North Korean with the flappy trousers, no contender for the title of nuclear-armed crazy critter for the ages presented himself. I assumed we were out of the woods; I never thought I\u2019d be as scared as Mr Fenwick had been over Cuba. How wrong I was. I wonder if he\u2019s as scared now as he was back then. If he wants to meet up in the Labour in Vain to share his feelings, I\u2019ll buy the first round. This article was amended on 11 March 2022 to site the pub near the train station rather than across the road. Adrian Chiles is a broadcaster, writer and Guardian columnist"}