{"headline": "They are \u2018civilised\u2019 and \u2018look like us\u2019: the racist coverage of Ukraine", "standfirst": "Are Ukrainians more deserving of sympathy than Afghans and Iraqis? Many seem to think so", "author": "Moustafa Bayoumi", "date": "Wed 2 Mar 2022 16.35 CET", "text": "While on air, CBS News senior foreign correspondent Charlie D\u2019Agata stated last week that Ukraine \u201cisn\u2019t a place, with all due respect, like Iraq or Afghanistan, that has seen conflict raging for decades. This is a relatively civilized, relatively European \u2013 I have to choose those words carefully, too \u2013 city, one where you wouldn\u2019t expect that, or hope that it\u2019s going to happen\u201d. If this is D\u2019Agata choosing his words carefully, I shudder to think about his impromptu utterances. After all, by describing Ukraine as \u201ccivilized\u201d, isn\u2019t he really telling us that Ukrainians, unlike Afghans and Iraqis, are more deserving of our sympathy than Iraqis or Afghans? Righteous outrage immediately mounted online, as it should have in this case, and the veteran correspondent quickly apologized, but since Russia began its large-scale invasion on 24 February, D\u2019Agata has hardly been the only journalist to see the plight of Ukrainians in decidedly chauvinistic terms. The BBC interviewed a former deputy prosecutor general of Ukraine, who told the network: \u201cIt\u2019s very emotional for me because I see European people with blue eyes and blond hair \u2026 being killed every day.\u201d Rather than question or challenge the comment, the BBC host flatly replied, \u201cI understand and respect the emotion.\u201d On France\u2019s BFM TV, journalist Phillipe Corb\u00e9 stated this about Ukraine: \u201cWe\u2019re not talking here about Syrians fleeing the bombing of the Syrian regime backed by Putin. We\u2019re talking about Europeans leaving in cars that look like ours to save their lives.\u201d In other words, not only do Ukrainians look like \u201cus\u201d; even their cars look like \u201cour\u201d cars. And that trite observation is seriously being trotted out as a reason for why we should care about Ukrainians. There\u2019s more, unfortunately. An ITV journalist reporting from Poland said: \u201cNow the unthinkable has happened to them. And this is not a developing, third world nation. This is Europe!\u201d As if war is always and forever an ordinary routine limited to developing, third world nations. (By the way, there\u2019s also been a hot war in Ukraine since 2014. Also, the first world war and second world war.) Referring to refugee seekers, an Al Jazeera anchor chimed in with this: \u201cLooking at them, the way they are dressed, these are prosperous \u2026 I\u2019m loath to use the expression \u2026 middle-class people. These are not obviously refugees looking to get away from areas in the Middle East that are still in a big state of war. These are not people trying to get away from areas in North Africa. They look like any.\u201d Apparently looking \u201cmiddle class\u201d equals \u201cthe European family living next door\u201d. And writing in the Telegraph, Daniel Hannan explained: \u201cThey seem so like us. That is what makes it so shocking. Ukraine is a European country. Its people watch Netflix and have Instagram accounts, vote in free elections and read uncensored newspapers. War is no longer something visited upon impoverished and remote populations.\u201d What all these petty, superficial differences \u2013 from owning cars and clothes to having Netflix and Instagram accounts \u2013 add up to is not real human solidarity for an oppressed people. In fact, it\u2019s the opposite. It\u2019s tribalism. These comments point to a pernicious racism that permeates today\u2019s war coverage and seeps into its fabric like a stain that won\u2019t go away. The implication is clear: war is a natural state for people of color, while white people naturally gravitate toward peace. It\u2019s not just me who found these clips disturbing. The US-based Arab and Middle Eastern Journalists Association was also deeply troubled by the coverage, recently issuing a statement on the matter: \u201cAmeja condemns and categorically rejects orientalist and racist implications that any population or country is \u2018uncivilized\u2019 or bears economic factors that make it worthy of conflict,\u201d reads the statement. \u201cThis type of commentary reflects the pervasive mentality in western journalism of normalizing tragedy in parts of the world such as the Middle East, Africa, south Asia, and Latin America.\u201d Such coverage, the report correctly noted, \u201cdehumanizes and renders their experience with war as somehow normal and expected\u201d. More troubling still is that this kind of slanted and racist media coverage extends beyond our screens and newspapers and easily bleeds and blends into our politics. Consider how Ukraine\u2019s neighbors are now opening their doors to refugee flows, after demonizing and abusing refugees, especially Muslim and African refugees, for years. \u201cAnyone fleeing from bombs, from Russian rifles, can count on the support of the Polish state,\u201d the Polish interior minister, Mariusz Kaminski, recently stated. Meanwhile, however, Nigeria has complained that African students are being obstructed within Ukraine from reaching Polish border crossings; some have also encountered problems on the Polish side of the frontier. In Austria, Chancellor Karl Nehammer stated that \u201cof course we will take in refugees, if necessary\u201d. Meanwhile, just last fall and in his then-role as interior minister, Nehammer was known as a hardliner against resettling Afghan refugees in Austria and as a politician who insisted on Austria\u2019s right to forcibly deport rejected Afghan asylum seekers, even if that meant returning them to the Taliban. \u201cIt\u2019s different in Ukraine than in countries like Afghanistan,\u201d he told Austrian TV. \u201cWe\u2019re talking about neighborhood help.\u201d Yes, that makes sense, you might say. Neighbor helping neighbor. But what these journalists and politicians all seem to want to miss is that the very concept of providing refuge is not and should not be based on factors such as physical proximity or skin color, and for a very good reason. If our sympathy is activated only for welcoming people who look like us or pray like us, then we are doomed to replicate the very sort of narrow, ignorant nationalism that war promotes in the first place. The idea of granting asylum, of providing someone with a life free from political persecution, must never be founded on anything but helping innocent people who need protection. That\u2019s where the core principle of asylum is located. Today, Ukrainians are living under a credible threat of violence and death coming directly from Russia\u2019s criminal invasion, and we absolutely should be providing Ukrainians with life-saving security wherever and whenever we can. (Though let\u2019s also recognize that it\u2019s always easier to provide asylum to people who are victims of another\u2019s aggression rather than of our own policies.) But if we decide to help Ukrainians in their desperate time of need because they happen to look like \u201cus\u201d or dress like \u201cus\u201d or pray like \u201cus,\u201d or if we reserve our help exclusively for them while denying the same help to others, then we have not only chosen the wrong reasons to support another human being. We have also, and I\u2019m choosing these words carefully, shown ourselves as giving up on civilization and opting for barbarism instead. Moustafa Bayoumi is the author of the award-winning books How Does It Feel To Be a Problem?: Being Young and Arab in America and This Muslim American Life: Dispatches from the War on Terror. He is professor of English at Brooklyn College, City University of New York. He is a contributing opinion writer at Guardian US"}