{"headline": "The Guardian view on Russian dissent: a slide to totalitarianism", "standfirst": "In seeking to crush Ukrainian nationhood, Vladimir Putin is also waging war on Russians who aspire to peace and freedom ", "author": "Editorial", "date": "Wed 2 Mar 2022 19.56 CET", "text": "Vladimir Putin\u2019s aggression against Ukraine is not limited to territorial objectives. The target is Ukrainian nationhood itself \u2013 a warped dimension to the Russian president\u2019s thinking that was underestimated by many western analysts in the buildup to war. Mr Putin\u2019s enthusiasm for ultranationalist historiography and quasi-religious ideas of Slavic identity was already known. But the extent to which those doctrines informed his policy was not widely enough appreciated before the televised address last month in which he claimed (wrongly) that modern Ukraine was an invention of the Bolsheviks, and denied the country\u2019s right to statehood. He sees post-Soviet borders as injuries on the body of a greater Russian motherland that must be avenged. It is the language not just of authoritarian menace but tyrannical derangement. If any hope can be salvaged from the Russian president\u2019s estrangement from reality, it is that he might also lose touch with his own people and alienate the soldiers and civilian cronies who take his orders. Opposition polling currently suggests majority support for the \u201cspecial operation\u201d in Ukraine, although there is a divide between generations. Among Russians under the age of 30, support and opposition are more evenly split. That is before the effect of sanctions has been felt. The cost could have differential impacts. Some will see it through Mr Putin\u2019s lens \u2013 as proof of western aggression. But a generation that has grown up enjoying fluid contacts with Europe might find cultural isolation and economic autarky hard to tolerate. There are signs that the Kremlin is not confident of keeping public opinion onside by the usual propaganda methods. What little independent media has hitherto been tolerated is being silenced. Gestures of solidarity with Ukraine are being criminalised. Accounts of schoolchildren and their parents detained in police cells after laying flowers at the Ukrainian embassy suggest escalation to totalitarian levels of repression. Under these circumstances, demonstrations against the war are acts of tremendous courage. The many Russians who are outraged and ashamed at what is being done in their name count also among the victims of Putinism. Another variable is the disillusionment of Russian soldiers in Ukraine, distressed and disoriented, discovering that the story they were told \u2013 of a grateful captive people eager for liberation \u2013 was a cruel lie. Their falling morale and the anger of their parents back home did not feature in Mr Putin\u2019s calculations. Disagreement within the regime itself will be much harder to detect. The Kremlin power structures combine neo-Soviet statecraft and oligarchic gangster capitalism. The balance of power has shifted over years from private sector bandits to their security service protectors, but it is all part of the same kleptocracy. If the money stops flowing, Mr Putin\u2019s ideological fantasies will not compensate those who find themselves out of pocket. That makes the internal situation more brittle and volatile than it perhaps looks from the outside. But the self-interest of lesser thugs who might think their boss has gone too far is not a dependable source of restraint. The Putin regime, for all its rhetoric of national revival, does not represent the interests of anyone beyond the circle that is enriched and empowered by its vicious methods. In targeting Ukrainian nationhood, Mr Putin wages war also against the better Russia that cannot express itself as long as he is in power."}