{"headline": "Trigger warning: this column contains reporting of rightwing stupidity", "standfirst": "Advising that a Hemingway novel contains \u2018graphic fishing scenes\u2019 sounds overzealous \u2013 but being over-sensitive is hardly the worst problem we face today", "author": "Arwa Mahdawi", "date": "Wed 2 Mar 2022 08.00 CET", "text": "Forecasting the future is a fool\u2019s game. Nevertheless, I would put money on the fact that, even when the apocalypse is nigh, the conservative press will never lose sight of what is really important. The ice caps are melting? Rightwingers will remind us that it is snowflakes on the left we should be worried about. The threat of nuclear war? They will explain that it is not the nukes that should keep us up at night, but the woke brigade and their pesky trigger warnings. If you think I am exaggerating, I suggest taking a look at the Daily Mail. You would think that the very real war in Ukraine might have temporarily distracted the keyboard combatants at the Mail from their obsession with the culture wars. Alas, no: the Mail seems immune to outrage fatigue. It certainly hasn\u2019t allowed the geopolitical situation to stop it from summoning up righteous indignation at a university\u2019s use of content warnings. The paper of regressive record is very upset about the fact that the University of the Highlands and Islands in Scotland has apparently put a content warning on Ernest Hemingway\u2019s novel The Old Man and the Sea stating that it contains \u201cgraphic fishing scenes\u201d. Is warning students about literary violence against fish ridiculous? Yes, of course it is. I am not even going to try to argue that it isn\u2019t. But let\u2019s be clear: an overzealous attempt to inform students about content they may find upsetting is not something to be outraged by. Nobody has tried to ban students from reading Hemingway. Nobody is burning the book because they don\u2019t like its message. Nobody is dropping bombs on civilians because they read a book with \u201cgraphic fishing scenes\u201d. Someone was just a little bit too worried about their students\u2019 feelings. I don\u2019t know about you, but the idea of living in a world where the biggest cause of outrage is people being overly sensitive sounds like a dream to me.  Arwa Mahdawi is a Guardian columnist"}