{"headline": "The real \u2013 and far scarier \u2013 reason Republicans think Biden is illegitimate", "standfirst": "Many conservatives don\u2019t think the 2020 election was stolen. But they believe democracy itself has betrayed America, by allowing the \u2018wrong\u2019 people to take charge", "author": "Thomas Zimmer", "date": "Mon 21 Mar 2022 14.08 CET", "text": "Earlier this month, Team Trump claimed in court that their efforts to nullify Joe Biden\u2019s victory could not possibly have been fraudulent or be described as a criminal conspiracy, because those in and around the White House had merely been acting on the basis of sincerely held suspicions. This sparked the latest round in the never-ending debate over whether or not Republicans actually believe that the election was stolen from them. Politically, it is important to push back against the opportunistic ways in which Republicans up and down the country have been using the \u201cbig lie\u201d. But if we are trying to understand what is animating the right\u2019s rapidly accelerating radicalization against democracy, binary assumptions of Republicans as either true believers or power-hungry cynics are not very helpful and actually obscure more than they illuminate. In some fundamental way, Republicans are both. What we really need to grapple with is why so many Republicans are convinced the outcome of the election was illegitimate regardless of whether or not there were specific procedural irregularities. Surveys have consistently indicated that a clear majority, probably about two-thirds, of Republicans consider Biden an illegitimate president. It\u2019s highly likely that many of them are well aware that some of the specific conspiratorial claims emanating from the right \u2013 fake ballots? Lost ballots? \u201cIllegals\u201d voting? \u2013 are bogus. But they don\u2019t seem to care about the specifics. They just believe Biden shouldn\u2019t be president. What is most alarming is the underlying ideology that leads so many on the right to consider Democratic victories invalid \u2013 even if they concede there was nothing technically wrong with how the election was conducted. It has become a core tenet of the Republican worldview to consider the Democratic party as not simply a political opponent, but an enemy pursuing an \u201cun-American\u201d project of turning what is supposed to be a white Christian patriarchal nation into a land of godless multiracial pluralism. Conversely, Republicans see themselves as the sole proponents of \u201creal\u201d America, defending the country from the forces of radical leftism, liberalism and wokeism. Even if they don\u2019t subscribe to the more outlandish conspiracies propagated by Trumpists, many Republicans agree that the Democratic party is a fundamentally illegitimate political faction \u2013 and that any election outcome that would lead to Democratic governance must be rejected as illegitimate as well. Republicans didn\u2019t start from an assessment of how the 2020 election went down and come away from that exercise with sincerely held doubts. The rationalization worked backwards: They looked at the outcome and decided it must not stand. In other words, accusations of fraud gain plausibility among conservatives not because of empirical evidence, but because they adhere to the \u201chigher truth\u201d of who is and who is not legitimately representing \u2013 and therefore entitled to rule \u2013 \u201creal\u201d America. It is worth paying attention to how reactionary intellectuals have been dealing with the 2020 election. We certainly wouldn\u2019t expect Trump, most Republican officials, or the conservative base to devour rightwing treatises. As much as they would like to believe it, these reactionary thinkers are not leading the movement. But they tend to articulate the radicalizing authoritarian spirit that is threatening American democracy in strikingly stark terms. In this way, the rightwing intellectual sphere provides a crucial window into the energies and anxieties that are animating the right more broadly. In March 2021, the magazine American Mind published a particularly instructive essay by Glenn Ellmers, entitled \u201c\u2018Conservatism\u2019 is No Longer Enough\u201d. American Mind is a publication of the Claremont Institute, a rightwing thinktank in California that has become home to some of the most outrightly pro-Trumpian intellectuals. It is notable that Ellmers makes no claim that the 2020 election was \u201cstolen\u201d \u2013 he doesn\u2019t allege manipulation, voter fraud, or conspiracy, and in fact explicitly acknowledges that more people voted for Biden than for Trump. He does not peddle conspiracy theories. Yet Ellmers maintains that the outcome of the 2020 election is illegitimate and must not be accepted. According to Ellmers, Biden\u2019s presidency represents an \u201cun-American\u201d idea of multiracial pluralism \u2013 something that is fundamentally in conflict with what he refers to as \u201cauthentic America\u201d. In his view, everyone who voted for Joe Biden and his \u201cprogressive project of narcotizing the American people and turning us into a nation of slaves\u201d is also \u201cun-American\u201d and therefore not worthy of inclusion in the body politic. Ellmers declares that \u201cmost people living in the United States \u2013 certainly more than half \u2013 are not Americans in any meaningful sense of the term\u201d. Only \u201cauthentic Americans\u201d are allowed in Glenn Ellmers\u2019 United States \u2013 a racialized idea of \u201cthe people,\u201d most clearly represented by \u201cthe vast numbers of heartland voters\u201d. On the other side are \u201cun-American\u201d enemies, not coincidentally characterized by their blind admiration for a young Black artist: \u201cIf you are a zombie or a human rodent who wants a shadow-life of timid conformity, then put away this essay and go memorize the poetry of Amanda Gorman.\u201d Ellmers\u2019 racist, anti-pluralistic vision is remarkably radical: he wants to redraw the boundaries of citizenship and exclude over half the population. Ellmers is outraged precisely because he accepts the fact that a majority voted for Biden, that \u201cauthentic Americans\u201d have become the minority in a country which they are supposedly entitled to dominate. Here we have a striking glimpse of the depth of despair underlying the pervasive siege mentality on the right. What\u2019s scandalous about the 2020 election, in this interpretation, is not that it was \u201cstolen\u201d, but that \u201cun-American\u201d forces straightforwardly won. Reactionaries like Ellmers have internalized the idea that they represent a persecuted minority, fighting with their backs against the wall in a desperate effort to defend \u201cauthentic America\u201d. They dispute the legitimacy of the 2020 election not necessarily on the basis of fraud and conspiracy but because democracy itself subverted the will of \u201creal America\u201d by allowing the \u201cwrong\u201d people too much of an influence on the fate of the country. Trump\u2019s incessant lies represent a vulgar, clumsy, narcissistic strand of conspiratorial thinking; those lies are shared by some, opportunistically used by many, and widely accepted on the right because they adhere to a \u201chigher truth\u201d: \u201cwe\u201d are entitled to rule in America. That\u2019s what is behind the widespread support for, or willingness to accept, any kind of suspicion, regardless of whether or not there is any shred of empirical evidence. If an election doesn\u2019t result in \u201cus\u201d being in power, it must be illegitimate, as we are \u201creal America\u201d; if it puts \u201cthem\u201d in charge, it cannot be accepted, as they are out to destroy the nation. Whether or not Republicans actually believe conspiracy theories about the 2020 election, most are absolutely convinced the result was illegitimate \u2013 and they are all too willing to use allegations of fraud or ally with conspiracy theorists if it helps prevent future \u201cillegitimate\u201d outcomes. It is precisely the mixture of deeply held ideological convictions of white Christian patriarchal dominance, of what \u201creal America\u201d is supposed to be and who gets to rule there, and the cynical opportunism with which these beliefs are enforced that makes the assault on democracy so dangerous. Thomas Zimmer is a visiting professor at Georgetown University, focused on the history of democracy and its discontents in the United States, and a Guardian US contributing opinion writer"}