{"headline": "Like Martin Lewis, our charity is running out of tools in the cost of living crisis", "standfirst": "Rishi Sunak has to act now on soaring bills \u2013 millions of people can no longer afford the essentials of lifePhil Andrew is the CEO of StepChange Debt Charity", "author": "Phil Andrew", "date": "Mon 21 Mar 2022 17.42 CET", "text": "As we approach Rishi Sunak\u2019s spring statement on Wednesday, Britain is facing a dramatic cost-of-living crisis. Even as a debt charity used to helping those who are unable to make ends meet, we\u2019re finding the situation daunting. Our advisers have been taking an increasing number of calls from people who fear they won\u2019t be able to keep up with their debt repayments, and this is expected to get worse: one in five people are predicted to fall into problem debt this year. We\u2019re also expecting an influx of demand for debt advice from those who have been tipped over the edge financially by the rising cost of living. The consequences of failing to direct more support at the least well-off households would be dire. We already know that 11 million households are facing \u00a325bn of Covid-related debt. Four million people are using credit to pay for essentials because they simply can\u2019t make ends meet otherwise. For these households, rises in energy bills and the increasing cost of essentials are not things that make the difference between being able to afford luxuries or not; they\u2019re the things that genuinely make the difference between heating and eating. Among our clients, energy bills were a source of very real worry even before this crisis \u2013 one in 10 UK adults were already behind on electricity and gas bills. One in three bill payers seeking help from StepChange have fallen into arrears on electricity and gas, up from one in seven before the pandemic. A recurring theme for people in problem debt is the impact on mental health. One of our clients, who lost his job in the pandemic and subsequently experienced financial and mental health problems, recently explained that the consequence of his energy bill increasing by \u00a3800 a year and the price of his regular food bill going up means he can no longer afford to visit his elderly, vulnerable mother regularly, with further consequences for his own anxiety. Behind every case of debt is a very human story. Currently, around one in three of our new clients already has what we call a \u201cnegative budget\u201d \u2013 that is, not enough income to meet priority bills such as rent or mortgage, council tax, energy bills and essentials. Frighteningly, our modelling suggests this may be the scenario that could face nearly half of the people who turn to us for help, if there is no further intervention. In England and Wales, the government introduced a statutory \u201cbreathing space\u201d scheme for debt nearly a year ago (following an existing statutory moratorium scheme already operational in Scotland). This can give eligible people 60 days of protection from creditors while they take advice and put a plan in place to deal with their debt. While this doesn\u2019t help people with the fundamental problem of a lack of money, it does prompt people to get help. Goodness knows, plenty more people are going to need that in the months ahead. Unless the chancellor finds a way to mitigate the alarming prospect of rising numbers of people with negative household budgets, personal debt management will inevitably become more difficult over the coming months. Increased costs to health and public services go with that. A government that deserves credit for having done much to try to improve the public policy approach to how personal debt is managed surely cannot settle for being satisfied with this prospect. As Martin Lewis of MoneySavingExpert commented this weekend, those of us who help people manage their finances are reaching the limits of our arsenal \u2013 we need the chancellor to recognise the plight of the most financially vulnerable and offer them support. Phil Andrew is the CEO of StepChange Debt Charity Guardian Newsroom: The cost of living crisis Join Hugh Muir, Richard Partington and Anneliese Dodds MP for a livestreamed event on the cost of living crisis on Thursday, 14 April 2022, at 8pm BST | 9pm CEST | 12pm PDT | 3pm EDT. Book tickets here "}