{"headline": "The Guardian view on fuel duty cuts: expediency over the environment", "standfirst": "If he goes ahead, Rishi Sunak would be handing money to people in proportion to how much they drive and how fuel-inefficient their car was", "author": "Editorial", "date": "Mon 21 Mar 2022 19.29 CET", "text": "Raising taxes on petrol and diesel is an important policy that governments can use to put the brakes on runaway climate change. However, it appears that the chancellor, Rishi Sunak, wants to accelerate rather than slow the pace of planetary damage. In this week\u2019s mini-budget, he looks likely to announce a temporary 5p per litre reduction on fuel duty. This could cut the cost of filling an average family car by around \u00a32.75 and might help some who have suffered as pump prices jumped in the wake of the Russian invasion of Ukraine. However, this is a false economy. Even with the pandemic lockdowns, transport remained the largest emitting sector, responsible for 24% of all UK greenhouse gas emissions. Cutting fuel duty flies in the face of the government\u2019s claim to be a green leader. It is also a regressive measure. The New Economics Foundation says that only 7% of the savings from cutting fuel duty will go to the poorest fifth of households \u2013 while one-third will go to the richest fifth. If he were to go ahead with the policy, Mr Sunak would be handing money to people in proportion to how much they drive and how fuel-inefficient their car was. Labour has supported Mr Sunak. This is a triumph of political expediency over the environment. Neither party thinks it can afford to upset a significant number of voters. Polls suggest that an election held today would result in a government without a parliamentary majority. If the government did cut fuel duty as suggested, the Treasury could lose about \u00a34bn a year in tax receipts. Surely, it would be better for the government to spend such sums on stepping up investment in secure, clean energy such as solar and onshore wind or to fund policies that reduce energy demand in homes and industry. Short-term costs to the Treasury translate into much larger long-term benefits for the country, by staving off the climate emergency. Reducing taxes on fuel would simply make the UK more dependent on Russia, which supplies 13% of all diesel. By contrast, the thinktank E3G suggests that energy efficiency measures for homes could cut Russian gas imports by 80% this year. This would see households, on average, be between \u00a3130 and \u00a3170 a year better off. Combined with a renewables drive, E3G says the UK could eliminate Russia from its gas supply completely in 2022. While growth will be lower and inflation higher than expected, Mr Sunak has cash to spend \u2013 even within the Treasury\u2019s self-imposed fiscal rules. Goldman Sachs, Mr Sunak\u2019s former employer, says that the government will have \u201cbetween \u00a345bn and \u00a375bn of fiscal headroom\u201d. The investment bank thinks that Mr Sunak will focus on levelling up the country and, given the war in Ukraine, boost the UK defence budget by \u00a39bn. Ministers could be more imaginative by, say, introducing cheap, or even free, public transport \u2013 such as the scheme introduced in Estonia\u2019s capital, Tallinn, or that being trialled in Boston in the US. If Mr Sunak wanted such policies to be fiscally neutral, he could tax car drivers and use the cash to fund public transport. Fuel duty has not increased since 2010. During this period the volume of traffic has grown, producing more air pollution and greenhouse gas emissions. Increasing costs for motorists is politically difficult because it involves political risk. But not increasing costs for them risks ruining the planet."}