{"headline": "Fathers are condemning their children to poverty. Why do ministers let them get away with it?", "standfirst": "The child maintenance system is still heavily biased against women \u2013 and our system for addressing that is a shambles", "author": "Polly Toynbee", "date": "Thu 3 Mar 2022 18.29 CET", "text": "Men allow men to behave badly to women. That pervasive misogynist bias is often obscured by the optics of more women in boardrooms, in politics, and as public experts. But follow the money: it always tells you where power lies. From its misbegotten conception in 1993, I have followed the fate of the notorious Child Support Agency, now rebranded but worsened as the Child Maintenance Service (CMS). Pretending to lever maintenance for children from absent fathers to give to mothers, it fails again and again. There is a deep political, cultural and legal bias that lets fathers get away with it. It\u2019s the same women-are-to-blame instinct that tilts the benefit system against single mothers. Half of single parents and their children are consigned to life below the poverty line, a penury that 60% of them would escape if fathers paid the maintenance due. Figures from single parents\u2019 charity Gingerbread show that 90% of single parents are women. From the National Audit Office today comes yet another report on the CMS\u2019s abysmal performance. The audit office gets more complaints on this \u201cthan any other single issue\u201d. Hardly surprising, when only a third of mothers receive full maintenance and just 56% have any maintenance arrangements in place at all. Vast arrears from absent parents grow. The audit office notes, with some dryness, that the Department for Work and Pensions \u201chas reduced the legacy of debt relating to old Child Support Agency arrangements by \u00a32.6bn\u201d. Good news? Hardly. It was done \u201clargely by writing it off\u201d, and \u201cunless it writes off more debt\u201d arrears are now \u201cforecast to reach \u00a31bn by 2031\u201d. Departments don\u2019t usually predict future failure with such sanguinity. Large numbers of fathers have always sat on their hands. Through lack of will or instinctive empathy, the state fails to pursue them, though if they refused to pay tax, fixed-penalty notices or court fines, the police or bailiffs would surely come to the door. Debts to their children evade that strong arm of the law: call it unconscious bias if you like. Whatever you call it, we know that men command the culture that permits this behaviour. There is a continuum on which one finds financial control and coercion and then violence and even murder. A report out today from the End Violence Against Women coalition shows more women were killed by men last year, with 141 known cases. Strong male emotions about money \u2013 who has it, who controls it and who spends it \u2013 spill over from bad marriages into a weapon in bad divorces, with results of varying ferocity. Aggressive demonstrations by Fathers4Justice targeting the private homes of female politicians highlight the visceral outrage some men feel about being obliged to pay. The last time I wrote about this, someone posted my private address as that of the CMS, and occasionally I still get letters meant for the service, which I pass on. Luckily, I\u2019ve had no visitors. But it should also be said that many fathers also have good reason to object to their treatment by the CMS, enduring the same incompetence and maladministration that drives mothers to despair. The NAO says many mothers, tired by incompetence and attrition, give up and walk away in frustration with no maintenance arrangement. To sign up for the collect and pay system, where the CMS promises to collect the money itself and pass it on, mothers have to pay fees amounting to 4% of any maintenance they get, and fathers pay 20% \u2013 money that could go to their children. But, despite this incentivised \u201creform\u201d, the proportion of single mothers with no maintenance arrangement has risen from a quarter in 2011 to 44% now. The CMS has strong powers to deduct earnings at source from parents\u2019 pay packets. It can confiscate driving licences and passports \u2013 but so what? Last year it removed just three passports and one driving licence. Some fathers are adept at reducing their apparent income, and their liability, by becoming \u201cself-employed\u201d. Look at this unlikely figure: 46% of paying parents using the CMS declare their earnings below the \u00a312,570 tax threshold. Do so many really earn so little? The DWP tells the NAO that it has not estimated how many parents \u201cmisstate their income or circumstances\u201d. Compare that with the DWP\u2019s draconian pursuit of anyone slightly misstating their income for benefits. There, we see prosecutions at the drop of a hat and money clawed back, even it\u2019s the DWP at fault. Gingerbread is inundated with CMS complaints from mothers such Mia (not her real name), whom I interviewed this week. She has three children under five, and when her partner left she tried to get the CMS to collect maintenance. That took 10 months, and then he only paid for three months. At one point the CMS sent the money to the wrong mother and then refused to pay it back, offering instead just \u00a350 compensation. Her former partner knows all the tricks: he has changed his name, has several bank accounts and is now more than \u00a37,000 in arrears. He declares just \u00a312,000 in earnings, even though Mia knows he has a managerial job. \u201cHe\u2019s a master manipulator,\u201d she says. As for the CMS, she says it is part of the problem. She calls, hangs on for an hour and a half, starts to explain her case all over again, and very often the line goes dead. \u201cIt has me sobbing in sheer frustration. I just need someone to help,\u201d she said. Gareth Davies, the head of the NAO, notes acerbically: \u201cGovernment has succeeded in its goal of reducing both its involvement in child maintenance and the cost to the taxpayer\u201d, but that means \u201cmany separated parents are still left without maintenance payments.\u201d The CMS costs the taxpayer 40% less than it did in 2011. Here\u2019s how it did that: it made mothers needing help give up. Polly Toynbee is a Guardian columnist"}