{"headline": "Pacifists are being elbowed out of British politics just when we need them most", "standfirst": "Being anti-war doesn\u2019t mean being pro-Putin. Yet the peace movement has been demonised in the wake of the Ukraine crisis", "author": "Andy Beckett", "date": "Thu 3 Mar 2022 15.23 CET", "text": "It\u2019s a strange time to be a pacifist in Britain. Everywhere there are calls for an end to the war in Ukraine: from politicians to Premier League footballers to hand-painted pleas for peace in people\u2019s front windows. The illegitimacy and brutality of the Russian invasion make it very easy to condemn. Yet at the same time, some of Britain\u2019s most longstanding peace activists are being attacked and threatened. The Labour leader, Keir Starmer, has accused the Stop the War coalition, which has opposed conflicts for more than 20 years, of being \u201cat best \u2026 naive\u201d and \u201cat worst \u2026 showing solidarity with the aggressor\u201d. Eleven Labour MPs who signed a Stop the War statement about Ukraine, including veterans such as John McDonnell and recently elected leftwingers such as Zarah Sultana, were told that they could be expelled from their parliamentary party if they did not remove their names. All the MPs complied. From what was until recently quite a loosely managed political party, it was a strikingly aggressive disciplinary action. The statement in dispute does not seem outrageous. Published before the invasion, it \u201copposes any war over Ukraine\u201d, calls for \u201ca diplomatic settlement\u201d, and criticises the British government for \u201caggressive posturing\u201d and Nato for its \u201ceastward expansion\u201d. There is less criticism of Russia than its own, much more violent, expansionism merits; but little sign of the alleged \u201csolidarity with the aggressor\u201d. \u201cWe do not endorse the nature or conduct of either the Russian or Ukrainian regimes,\u201d the statement says. \u201cThe crisis should be settled on a basis which recognises the right of the Ukrainian people to self-determination and addresses Russia\u2019s security concerns.\u201d Such even-handedness may seem horribly inappropriate now. But the interests of both sides may have to be satisfied if this crisis is ever going to end. That Stop the War\u2019s stance has provoked what its convenor, Lindsey German, described at a rally last weekend as \u201ca serious backlash\u201d \u2013 including a death threat against Sultana \u2013 suggests that the space in British politics for pacifism, or even for scepticism about military institutions such as Nato, is dramatically shrinking. Only two years ago, Labour was led by a peace campaigner and Nato critic, Jeremy Corbyn. Now his successor hails helping to found Nato as one of Labour\u2019s \u201cgreat achievements\u201d, on a par with creating the NHS. The vaguely defined \u201csecurity\u201d that Starmer has been offering voters, without much success, is suddenly coming into focus as a militaristic project. You may welcome this as Labour getting real again. The party has a tradition of supporting military action against extremists and aggressors, from the second world war to the Falklands, Afghanistan and Iraq. For a party often characterised regardless as unpatriotic, unrealistic and weak, supporting wars and increasing defence spending can be an appealing tactic. Recent research by the British Foreign Policy Group (BFPG) showed British military interventions most strongly supported by older, white, leave-voting men outside London: exactly the voters that Starmer has prioritised winning back. The more moral left-of-centre case for militarism was summed up in 1942 by George Orwell. \u201cPacifism is objectively pro-fascist,\u201d he wrote, as it effectively helped the Nazis. The idea that you could live \u201caloof\u201d from the war was an \u201cillusion\u201d: the war affected everyone\u2019s lives. Sometimes, a lack of perspective undermines pacifism in general. Anti-war activists don\u2019t always acknowledge how common violence is in peacetime \u2013 in coercive modern capitalism, for example. But more often, pacifists are more worldly than their critics claim. At a packed Stop the War rally in London on Wednesday, speakers talked about poverty, inequality and austerity as well as the military situation. Apologists for Russia were conspicuous by their absence. \u201cThere is nothing progressive about Putin\u2019s Russia,\u201d said the longstanding anti-war campaigner Tariq Ali, to loud applause. Corbyn accurately described it as a regime of \u201crobber barons\u201d. The idea that pacifists are dupes or tools of the enemy surfaces in Britain every time there is a war. Despite that, a lot of voters are consistently anti-war. In 2020, the BFPG found almost a fifth opposed British interventions under any circumstances. They are nearly always under-represented in parliament. Except for rare large rebellions such as those over Iraq and Syria, \u201cunity\u201d is prized during wars. Anyone who believes in democracy ought to be uneasy when they hear that word. Sometimes pacifists are naive, for example about Hitler in the 1930s. Yet the same criticism could be made of the supposed realists who backed the Afghan and Iraq wars. Often, not fighting is the least bad option, which is why most countries rarely do. British parochialism \u2013 and the shaping of opinion by our huge defence industry \u2013 stops us seeing how unusually warlike we are. For now, our politicians are resisting the temptation to directly confront the Russians. But it\u2019s a very bellicose kind of restraint \u2013 hence Starmer\u2019s fury at Stop the War, which opposes arming Ukraine. And the desire here for peace feels like it could easily flip over into its opposite. At last Saturday\u2019s demonstration outside Downing Street against the invasion, chants of \u201cStop the war\u201d were followed by other ones from the most Ukrainian parts of the crowd: \u201cShelter our sky\u201d \u2013 impose a no-fly zone \u2013 and \u201cArm Ukraine\u201d. With a new cold war or worse starting, the peace movement is going to become both more demonised and more vital. People who loudly refuse to accept that the world is divided into two camps, whatever horrors are being committed by one of them, can seem foolish, disloyal, even lacking in basic morality. But without them, our politics will be left to warmongers and their suppliers. Andy Beckett is a Guardian columnist"}