{"headline": "We have no illusions: we know Putin will try everything to bomb us into submission", "standfirst": "With our courage and unity, we Ukrainians believe victory is possible. But we know we will have to pay the highest price", "author": "Nataliya Gumenyuk", "date": "Thu 3 Mar 2022 09.00 CET", "text": "As soon as the curfew was lifted in Kyiv, I drove around to understand what had happened to our capital overnight. For two full days residents had not been allowed to go out, even during the daytime. Russian saboteur groups were identified, and random street fights took place. I did not recognise my city, with checkpoints in the old town, with people digging trenches, bridges being fortified and the subway turned into a bomb shelter. A huge crowd, up to 500 people, lined up to volunteer for the territorial defence unit in one of the neighbourhoods. \u201cDo you enrol everybody who shows up?\u201d we asked a young guy in charge. \u201cAlmost all, but I do not accept those under 18,\u201d he said. \u201cAnd there are a lot of them. I wouldn\u2019t be able to look their mothers in the eyes. I fought in 2014-2015 in Donbas, so I know what the war is.\u201d It\u2019s a predominantly male group but there are three women. The youngest is a lawyer. \u201cWhat Russia has already done to the civilians has made us act,\u201d she said. She had not told her family of her decision to fight. They live in a small town on the Ukrainian-Russian border, which has been partially destroyed. Another woman, in her 60s, said she was a nurse. Her husband had joined the defence units and she felt she needed to be with him. The last was a retired officer. She enrolled because her son had already joined the Ukrainian army. \u201cWhen our grandparents, who remember the second world war, were wishing for peace, we didn\u2019t understand why,\u201d she said. \u201cBut now I know.\u201d The figures say one thing, experience another. The official toll of civilian deaths is 350, but after seven days\u2019 fighting, there cannot be a single Ukrainian who doesn\u2019t know somebody who has been touched by tragedy. There are more than 1,600 wounded. \u201cThat\u2019s my classmate,\u201d one colleague wrote, on seeing the front page of the Guardian, with a photo showing a woman wounded by shrapnel during the first attacks in Chuguev, on the eastern border. Elena Kurilova is not well. She can\u2019t see with her left eye, and it\u2019s getting worse. Her daughter, whose Instagram account looks like that of a beauty blogger, now livestreams with her mother in bandages to prove to Russian commentators that the injuries are real; her mother is not a fake. One of the flats destroyed belongs to a colleague in Kyiv. It was hit by a rocket and she circulates the pictures, but first she complains how unfair it is that Russian media have used pictures of her flat to accuse Ukraine of bombing its own people. \u201cThose of you who have come to \u2018rescue us\u2019, just go away,\u201d cries a woman holding a baby at Kyiv\u2019s main station. \u201cWe were all right before you came. Just leave. All I have is some cash and a backpack.\u201d Like thousands of people here, her mission is to go somewhere else, anywhere. The Ukrainian railway allows everybody to ride without tickets, including foreign citizens, and is running extra trains to the west. We count the hours: seven, 20, 70, 100, 144: hours of the Ukrainian army on its own, its citizens holding off one of the mightiest armies in the world, which is now being bolstered by support from Belarus. The count becomes symbolic. For those under bombardment, each hour seems like a year. The primary Russian target is the capital, and that army has been struggling to take it, but the fight is also a fierce one in many small towns whose names are never mentioned in the headlines. Irpin, Hostomel, Bucha were all attacked, but not captured. In Vasylkiv, on the Stuhna river, the college where IT specialists, construction workers, chefs and barbers study and train has been destroyed. Luckily 18 people who were staying in the college\u2019s dorm were evacuated. The director of the college, Liudmyla Postolenko, walks through the debris, showing a damaged hall that had only recently been renovated. \u201cThank God, all are alive,\u201d she says. \u201cBut our hearts are broken. Our kids are crying \u2026 But, you know, among our students there are construction workers, welders \u2013 so we will rebuild. What we need to do is care, and support those who are fighting.\u201d Two weeks before the invasion, when things were still calm, I travelled to a town in Donbas and met a friend: a humanitarian worker from Kyiv, who had moved there after the start of the fighting. He took a day to walk around the city \u201cto say goodbye to the last peaceful days\u201d. He was confident, as were many, that the Ukrainian army, which managed to defend and take over towns in the area eight years ago, was in better shape. Still, while walking in a chilly but tranquil industrial town, he took pictures to remember. With every shot I felt more anger. I didn\u2019t want to accept the notion of saying goodbye to peace. Driving through Kyiv, I film the queues outside the pharmacies and shops. The scenes in heavily shelled areas are surreal. The post office window has been broken for four days but no one has looted it. The computers and parcels are all perfectly in place. I film the billboards above the roads. They\u2019re written in Russian, saying: \u201cRussian soldier, stop! How can you look into your kids\u2019 eyes? Remain human\u201d; \u201cRussian soldier, stop! Do not kill your soul for Putin\u2019s oligarchs. Leave without blood on your hands.\u201d There are details of the deal being offered by Ukraine\u2019s defence minister to Russian conscripts: 5m roubles for anybody prepared to lay down their arms. I take photos of random buildings: Kyiv zoo, the opera house, my former office. The next day, they may not be there. For months before Putin\u2019s air force attacked Ukraine, I was being asked by those abroad why Ukrainians were not panicking. I said we were not scared and that the source of our confidence was a belief that we could prove to Russia that in the long run we were unconquerable. And in the first days of the invasion, when civilians were killed by airstrikes that mainly missed their targets, it seemed clear that the Kremlin blitzkrieg was not working. But the cruise missiles that killed people in Freedom Square in Kharkiv, in the north-east, in the hospitals in Zhytomyr in the west, and in the residential areas in Mariupol in the south, showed us that the strategy has changed: now the plan is to terrify Ukrainians into submission. And this is just the beginning. Looking at the courage, unity, support and the heroics of our troops, 90% of Ukrainians believe Ukraine will win. The question is the price. Seven days were enough to get used to sirens and bomb shelters; a new reality in which I did not walk outside without a flak jacket. In a few days we might need to get used to life without electricity or running water. Ukrainians are ready for that. But the loss of all the lives feels different. These are losses that could and should have been prevented. They are something neither we nor the outside world should get used to. Nataliya Gumenyuk is a Ukrainian journalist specialising in foreign affairs and conflict reporting, and author of Lost Island: Tales from the Occupied Crimea "}