{"headline": "Jada Pinkett Smith wasn\u2019t the only one furious at Chris Rock\u2019s Oscars gag. I know how traumatic hair loss is", "standfirst": "If you\u2019re going to make fun of sensitive subjects, you\u2019d better be clever about it. \u2018Ha ha, she\u2019s bald and looks like GI Jane\u2019 just won\u2019t cut it", "author": "Arwa Mahdawi", "date": "Tue 29 Mar 2022 14.28 CEST", "text": "It was the slap that launched a thousand hot takes. Here\u2019s what Will Smith hitting Chris Rock at the Oscars tells us about the actor\u2019s early childhood. Here\u2019s what Smith\u2019s violent outburst can teach us about the war in Ukraine. Here\u2019s why the whole thing felt staged. Here\u2019s the history of public slapping in 10 gifs. Here\u2019s why the Academy is hypocritical for saying it doesn\u2019t condone violence, when Michael Moore got booed during the 2003 Oscars for criticising the Iraq war \u2013 and you don\u2019t get any more violent than war, do you? Look, you\u2019ve probably had enough of people talking smackgate by now. I\u2019m sure you\u2019re over this whole thing. I get it. The sensible little voice in my head is telling me: \u201cArwa, don\u2019t get involved. You don\u2019t need to wade into this sordid story and turn a celebrity fracas into a lesson about life, the universe, and everything.\u201d Alas, like Will Smith, I\u2019m afraid I just can\u2019t control myself. Just as he couldn\u2019t repress his urge to slap, I can\u2019t repress my urge to pundit. So I\u2019d like to take a minute; just sit right there, and I\u2019ll tell you why Chris Rock should never have made that stupid joke about Smith\u2019s wife, Jada Pinkett Smith\u2019s, hair. First things first, though: let me get the Violence Is Very Bad and Never the Answer disclaimer out of the way. I\u2019m not trying to victim blame here; it doesn\u2019t matter what Rock said, he obviously didn\u2019t deserve to be assaulted. Smith was very much in the wrong. But we can recognise that, while also acknowledging how cruel Rock\u2019s comments were. Pinkett Smith revealed a few years ago that she has alopecia; laughing about how she resembles GI Jane was in extremely bad taste. I\u2019m firmly of the opinion that you should be able to joke about anything \u2013 but if you\u2019re going to wade into sensitive territory, then you\u2019d better be clever about it. \u201cHa ha, she\u2019s bald and looks like GI Jane, ha ha ha,\u201d is the sort of comment a toddler makes. It\u2019s not funny, it\u2019s just mean. If you\u2019ve never lost your hair, it might be hard to wrap your head around how traumatising the experience can be. It might be hard to understand how a throwaway gag like Rock\u2019s can cut you to the core. I\u2019ve never experienced alopecia but, when I was 14, my hair started falling out because of my anorexia; I\u2019d pull big chunks of it out in the shower. Considering all the other ways starvation was hurting my body, losing a bit of ornamental dead matter from my scalp shouldn\u2019t really have been so distressing. But hair isn\u2019t just ornamental, is it? Like it or not, hair is tangled up in deeply rooted ideas about gender, identity and self-worth. Involuntarily losing your hair feels like losing part of yourself. And you don\u2019t just feel lacking on the inside; the outside world treats you differently. Hair is a hell of a lot more than dead matter; it has a massive impact on your self-confidence. And Black women\u2019s hair, of course, is even more loaded with cultural meaning. It\u2019s not like Rock doesn\u2019t know any of this: he\u2019s the guy, after all, who made a documentary in 2009 called Good Hair, which examined Black women\u2019s relationship with their hair, after his three-year-old daughter asked him why she didn\u2019t have \u201cgood hair\u201d. That was the most frustrating thing about his gag: he knows better; he knows a lot better. Anyway, now that I\u2019ve got my take in, and Smith has issued an official apology, I think we can all consider the matter closed and move on. Here\u2019s hoping next year\u2019s Oscars will be violence-free."}