{"headline": "Why do Putin, Trump, Tucker Carlson and the Republican party sound so alike?", "standfirst": "Putin\u2019s lies, and the lies coming from America\u2019s extreme right, are mutually supporting. There\u2019s a reason for that", "author": "Robert Reich", "date": "Tue 29 Mar 2022 12.18 CEST", "text": "In a speech delivered last Friday from his office in the Kremlin, Putin criticized the west\u2019s \u201ccancel culture\u201d, which, he charged, is \u201ccanceling\u201d Russia \u2013 \u201can entire thousand-year-old country, our people\u201d. It was the third time in recent months Putin has blasted the so-called \u201ccancel culture\u201d. Which is exactly what Trump, Tucker Carlson, and the Republican party have blasted for several years. \u201cThe goal of cancel culture is to make decent Americans live in fear of being fired, expelled, shamed, humiliated and driven from society as we know it,\u201d Trump said as he accepted his party\u2019s nomination at the Republican National Convention in 2020. Tucker Carlson, one of Fox News\u2019s most prominent personalities, has charged that liberals have been trying to cancel everything from Space Jam to the Fourth of July. Putin\u2019s fixation on transgender and gay people has also been echoed on the American right. Republican state bills aimed at limiting LGBTQ rights or discussion in schools are soaring. Last fall \u2013 months before Texas\u2019s Republican governor Greg Abbott threatened to criminalize parents who give their transgender children gender-affirming care \u2013 Putin argued that teaching children about different gender identities was \u201con the verge of a crime against humanity\u201d. Then there\u2019s admiration for Putin himself. Just before Putin ordered a full-scale invasion of Ukraine, Trump deemed him \u201csavvy\u201d, \u201cgenius\u201d, and \u201csmart\u201d for \u201ctaking over a country, literally, a vast, vast, location, a great piece of land with a lot of people, and just walking right in\u201d. On his Fox News program, Carlson asked, rhetorically: \u201cWhy do I hate Putin so much? Has Putin ever called me a racist? Has he threatened to get me fired for disagreeing with him?\u201d But Carlson called Ukraine \u201can obedient puppet of the Biden state department\u201d and suggests Putin\u2019s invasion was nothing more than a \u201cborder dispute\u201d. Putin\u2019s lies and the lies coming from America\u2019s extreme right are mutually reenforcing. Carlson\u2019s Fox News segments show up in Russian propaganda. And when the American site \u201cInfowars\u201d resurrected an unfounded Russian claim that the United States funded biological weapons labs in Ukraine, Putin repeated the Infowars story. To conclude from all of this that authoritarians think alike is to miss a deeper truth. Putin, Trump, Carlson, and a growing number of rightwing commentators and activists, have been promoting much the same narrative \u2013 for much the same reason. Remember, Putin was put into power by a Russian oligarchy made fabulously rich by siphoning off the wealth of the former Soviet Union. Likewise, Trump and the radical right in America have been bankrolled by an American oligarchy \u2013 Rupert Murdoch, Charles Koch, Rebekah Mercer (daughter of hedge fund tycoon Robert Mercer), Blackstone chief executive Stephen Schwarzman, and other billionaires. What do these two sets of oligarchs get in return? Strongmen who divert the public\u2019s attention away from the oligarchs\u2019 hijacking of their economies toward cultural fears of being overwhelmed by the \u201cother.\u201d Putin\u2019s MO has been to fuel Russian ethnic pride and nationalism. The Trump-Carlson-radical right\u2019s MO has been to fuel white American nationalism. In both cases, strongmen and their allies have mythologized a \u201csuperior\u201d culture (replete with creation stories of blood ties, motherlands, and religion) supposedly endangered by decadent forces intent on attacking and overwhelming it. To Putin, the decadent force is the west. As he put it Friday, \u201cdomestic culture at all times protected the identity of Russia\u201d, which \u201caccepted all the best and creative, but rejected the deceitful and fleeting, that which destroyed continuity of our spiritual values, moral principles and historical memory\u201d. Hence, a mythic justification for taking Ukraine back from a seductive but inferior western culture that threatens to overwhelm it and Russia. The Trump-Carlson-white nationalist narrative is similar: America\u2019s dominant white Christian culture is endangered by Black people, immigrants and coastal elites who threaten to overwhelm it. The culture wars now being orchestrated by the Republican party against transgender people, gay people, poor women seeking abortions, and schools that teach about sex and America\u2019s history of racism, emerge from the same narrative as Putin\u2019s culture war against a \u201cdecadent\u201d West filled with \u201csociocultural disturbances.\u201d As does the right\u2019s claim that \u201csecularists\u201d have, in the words of former Trump attorney general William Barr, mounted \u201can unremitting assault on religion and traditional values\u201d. These tropes have served to distract attention from the systemic economic looting that oligarchs have been undertaking, leaving most people poor and anxious. Which is why the grievances that Putin, Trump, Carlson, and the Republican party use are unremittingly cultural; they are never economic, never about class, and most assuredly not about the predations of the super-rich. Reduced to basics, today\u2019s oligarchs and strongmen (along with their mouthpieces and lackeys) are trying to justify their wealth and power by attacking liberal values that have shaped the west, beginning with the enlightenment of the 17th and 18th centuries \u2013 the values of tolerance, openness, democracy, self-government, equal rights, and the rule of law. These values are incompatible with a society of oligarchs and strongmen. Ultimately, the oligarchs and strongmen will lose. Putin won\u2019t succeed in subduing Ukraine, Trump won\u2019t be re-elected president, and Carlson and his ilk won\u2019t persuade Americans to give up on American ideals. But the culture wars won\u2019t end any time soon, because so much wealth and power have consolidated at the top of America, Russia, and elsewhere around the world that anti-liberal forces have risen to justify it. Robert Reich, a former US secretary of labor, is professor of public policy at the University of California at Berkeley and the author of Saving Capitalism: For the Many, Not the Few and The Common Good. His new book, The System: Who Rigged It, How We Fix It, is out now. He is a Guardian US columnist. His newsletter is at robertreich.substack.com"}