{"headline": "The Channel 4 expos\u00e9 of the Jeremy Kyle Show made me ashamed of the TV profession", "standfirst": "Inexperienced young production staff seem to have been under such pressure that they lost their moral compassDorothy Byrne is the former head of news and current events at Channel 4", "author": "Dorothy Byrne", "date": "Tue 15 Mar 2022 18.11 CET", "text": "Over two nights this week, millions of viewers watched the horror that was ITV\u2019s Jeremy Kyle Show exposed. The two-part investigation, Jeremy Kyle Show: Death on Daytime, on Channel 4, suggested that the production team lied to vulnerable participants, some of whom had obvious mental health issues, with sometimes terrible consequences. The Jeremy Kyle Show was taken off air only after one victim, Steve Dymond, \u201cfailed\u201d a lie detector test on the show and killed himself a week later. It was also revealed that at least one other participant had killed herself after appearing on the programme years earlier \u2013 and the investigation hinted there were potentially more cases. But the programme\u2019s greatest shock lay not in its content but in what \u2013 or who \u2013 was not on screen. It approached more than 200 people who had worked on the Jeremy Kyle Show over 14 years, and not a single one would go on camera. Just four junior members of the production team and a camera operator agreed to be interviewed anonymously. Actors played them on the actual programme. We were told they were too afraid to appear. One commented that if they did so, they would never work again \u2013 as if the threat of blacklisting by ITV was so powerful. Compare this with the bravery of the ordinary people who so often appear on ITV. As it happens, I began my career at ITV, and the first programme I produced was about rape in marriage, not then a crime in this country. Women appeared face-to-camera in the programme, thus identifying not just themselves but also their rapist husbands. Truly brave. I produced many more programmes over the years in which people talked to camera about being hunted by the mafia, terrorised by murderous street gangs and raped by war criminals. Yet when journalists, producers and researchers were themselves asked to talk about their experiences working in television, not a single one was prepared to come forward. Are TV bosses really scarier than the mafia and Vladimir Putin? I felt ashamed for my profession that not a single person was prepared to put their head above the parapet. But here is where it gets complicated. Nearly all the people who worked on Jeremy Kyle were quite new to television. For many it was their first big break. The four production team members who agreed to be interviewed anonymously were all from northern, working-class backgrounds. That\u2019s pretty unusual in TV, where most are middle class and many from the south of England and top universities. For the young producers on Jeremy Kyle, landing a job on a network television programme was the potential start of a glamorous career. Their own backgrounds were not dissimilar to those of the programme\u2019s participants. It is clear that those staff who victimised the guests should perhaps partly be seen as victims themselves. They confessed that they lied to people to persuade them to go on TV, terrified they would be sacked if they failed \u2013 in some cases they said they were explicitly told they would be fired if they didn\u2019t succeed. \u201cYou were just, like, always acting,\u201d said one. The staff admitted they would put family members in separate rooms and incite them to anger by relaying damaging comments each had allegedly made about the other. \u201cYou were always winding people up.\u201d They were supposed to subject people to a \u201cmental health checklist\u201d but missed out important details so they would pass. \u201cYou would quite often lie.\u201d They would work until four or five in the morning, sometimes, up to 14 or 15 hours nonstop. They knew what they were doing was wrong. The camera operator said, \u201cWhat will haunt me for the rest of my days was that I didn\u2019t do anything about it.\u201d Under intense pressure, they lost their moral compasses. It was revealed that there were frequent calls from participants saying they were going to kill themselves, but the production team felt they themselves were helpless to press for the programmes to be cancelled. \u201cThere was probably a Steve Dymond type every week,\u201d was one chilling admission. Of course, there was a very long \u201cright to reply\u201d from ITV at the end of the programme saying there were proper procedures in place to protect participants. Executives have publicly called it a \u201cconflict resolution\u201d programme. When I was a TV boss, I always refused to obey instructions to say ludicrous things like that. And if ITV was so confident in the programme\u2019s rectitude, why did it take it off air after Dymond\u2019s death? A show producer involved in the programme in which he appeared also killed herself soon after. So what should the television industry take from this hapless tale? Jeremy Kyle was photographed on a beach by a tabloid last week, presumably to symbolise that he is out of the business and all washed up. The regulator Ofcom has introduced tough new rules to protect programme participants. Broadcasters have strengthened their whistleblowing procedures. But in the end there\u2019s only so much outside regulation can do. It also comes down to leadership. When I spoke at training courses at Channel 4, I would say that when people felt pressure to do something wrong, they should ask themselves, \u201cWhat would my granny think if she knew I was doing this?\u201d That\u2019s still good advice, but it\u2019s not just up to low-ranking employees to be the moral conscience of the industry. TV bosses need to keep repeating that there\u2019s no place for the Kyle style of culture, so the question doesn\u2019t even need to come up. Dorothy Byrne is the former head of news and current events at Channel 4 In the UK and Ireland, Samaritans can be contacted on 116 123 or email jo@samaritans.org or jo@samaritans.ie. In the US, the National Suicide Prevention Lifeline is at 800-273-8255 or chat for support. You can also text HOME to 741741 to connect with a crisis text line counselor. In Australia, the crisis support service Lifeline is 13 11 14. Other international helplines can be found at www.befrienders.org"}