{"headline": "Is battling back-to-back disasters distracting us from fighting the climate crisis?", "standfirst": "As floods follow fires, we need to hold our leaders\u2019 feet to the flames \u2013 or, for that matter, to the water", "author": "Jeff Sparrow", "date": "Tue 15 Mar 2022 17.30 CET", "text": "Environmentalists once saw abstraction as the biggest obstacle to climate action. How, they wondered, could one focus the public on the distant future? Today, we confront the opposite problem, with the very immediacy of the crisis generating a strange paralysis. When the Intergovernmental Panel on Climate Change warned that global heating made extreme flooding more common, its new report at the end of February spurred relatively little discussion \u2013 in part because of the water covering swathes of Queensland and New South Wales. As tinnies plucked desperate residents from the deluge, who could give due weight to the warning from Prof Brendan Mackey, one of the IPPC authors, that the science clearly projected \u201can increase of heavy rainfall events?\u201d The urgency of rescuing flood victims muffled the impact of a document that the UN secretary general, Ant\u00f3nio Guterres, described as \u201can atlas of human suffering\u201d. It also diverted attention from a previous manifestation of that suffering: the 2019/2020 Black Summer fires that burned out 84m acres of land and killed at least 33 people. That crisis remains far from resolved, with more than half of the $2.74bn pledged by the Morrison government to bushfire recovery still unallocated. Yet, as the scale of recent flood damage becomes more apparent, the Black Summer survivors might legitimately wonder as to whether they\u2019ll be remembered or not. On Twitter, the chief executive of Greenpeace, David Ritter, has compiled a helpful list of scientific warnings connecting fossil fuels, atmospheric warmth and rainfall. In 2007, for instance, the Garnaut climate change review predicted \u201clonger dry spells broken by heavier rainfall events\u201d; in 2015, scientists found that global warming increased the frequency of La Ni\u00f1a events; in 2016, the Department of Energy and the Environment published a State of the Climate report which warned of more intense floods. A comparable dossier might be assembled about bushfires, beginning with the 2003 report that explained how \u201cclimate change throughout the present century is predicted to lead to increased temperatures and, with them, a heightened risk of unplanned fire.\u201d In 2007, the IPCC warned that \u201cheatwaves and fires are virtually certain to increase in intensity and frequency\u201d; in 2008, the National Inquiry on Bushfire Mitigation and Management explained that \u201cfires\u2019 frequency, intensity, and size are expected to increase under climate change\u201d. But despite all of that, in 2017, Scott Morrison chose to borrow a \u201cprop\u201d from his friends at the Minerals Council of Australia to wave in the House of Representatives. \u201cThis is coal,\u201d he laughed. \u201cDon\u2019t be afraid, don\u2019t be scared. It won\u2019t hurt you!\u201d A few years later, the same Scott Morrison stood in a ruined Lismore and mused: \u201cAustralia is getting hard to live in because of these disasters.\u201d With the right climate policy we might have transitioned away from fossil fuels under conditions of relative stability. Instead, we\u2019ve allowed the symptoms of ecological breakdown to proliferate so greatly as to render addressing underlying causes increasingly difficult. \u201cI\u2019ve never seen so many natural disasters \u2026\u201d said the Queensland premier, Annastacia Palaszczuk. \u201c[M]ore cyclones, more floods, a couple of year ago \u2026 we had the catastrophic fire event in central Queensland.\u201d But even as Palaszczuk acknowledged the role of the climate crisis in the recent catastrophes, she doubled down on her state\u2019s output of fossil fuels. \u201cQueensland is lucky,\u201d she said. \u201cWe have coal, we have gas, and we have huge renewable investment, which is going to really rapidly increase over the next 10 years.\u201d One presumes that, with a multibillion-dollar flood bill looming and many of its citizens homeless, the state doesn\u2019t want to forgo the mining revenue on which it has traditionally relied. What an illustration of the mess in which we find ourselves \u2013 reliant on coal to pay for the damage coal brings! In a different context, the sociologist C Wright Mills outlined what he called \u201ccrackpot realism\u201d, a political consensus perfectly reasonable on its own terms but utterly deranged from the perspective of the species. Most scientists attribute the proliferation of pandemics to environmental degradation: deforestation and uncontrolled urbanisation increase the likelihood of pathogens crossing over from animals to humans. So, logically, Covid-19 should have spurred a ceasefire in the war on nature. But that\u2019s not what happened. Carbon emissions have now rebounded to their highest level in human history, as, in response to the Covid downturn, politicians relied on coal to reboot their economies. The same \u201ccrackpot realism\u201d manifests in relation to Ukraine. As the British academic Helen Thompson notes, it\u2019s been obvious for decades that \u201caddressing climate change would be constrained by geopolitics, and that choices about which new energy sources to develop would have geopolitical consequences.\u201d The west\u2019s refusal to quit fossil fuels thus facilitated Russia\u2019s imperial ambitions. Paradoxically, Putin\u2019s invasion of Ukraine has now emboldened those most committed to further pollution. The Nationals\u2019 Matt Canavan, for instance, say that the war means Australians should \u201cstop trying to save the planet by building a green economy, and instead defend Australia by rebuilding our industrial base.\u201d If we once hoped that real-world manifestations of the climate emergency would, in and of themselves, force world leaders to change, we should quit kidding ourselves. It\u2019s now clear the reverse holds true: that each fresh environmental calamity sends the wealthy and the powerful, like dogs returning to their vomit, to the cheap profits of the carbon economy. As disaster chases disaster, we need to hold our leaders\u2019 feet to the flames \u2013 and, for that matter, to the water. That means drawing the links between global heating and the proliferation of \u201cone-in-1000-year\u201d occurrences and insisting on climate action, even (or perhaps especially) amid economic and political uncertainty. Yes, the \u201ccrackpot realists\u201d of the political class will scoff. They\u2019ll say we\u2019re naive and dismiss us as utopians. Mills had a response to such people. \u201c[P]recisely what they call utopian,\u201d he said, \u201cis now the condition of human survival\u201d."}