{"headline": "Marina Ovsyannikova risked jail by opposing Putin on TV. Here\u2019s why we fear for her", "standfirst": "Russia is used to turning critics into political prisoners. And its penal system will play a huge part in the repression to come", "author": "Judith Pallot", "date": "Tue 15 Mar 2022 14.08 CET", "text": "I recently spoke to a Russian historian who gave me his prognosis on the consequences of the war in Ukraine for human rights in Russia: \u201cMass repression and concentration camps.\u201d Already nearly 15,000 people have been detained in Russia for participating in demonstrations against the war. What future awaits these brave citizens, as well as Ukrainians captured in the occupied territories? Since its occupation of Crimea in 2014, Russia has escalated the punishments for people exercising their right to freedom of speech and assembly. The most recent manifestation of the clampdown on civil rights is the law rushed on to the statute books to punish citizens spreading \u201cfake news\u201d about the military, with custodial sentences of three and a half to fifteen years. Marina Ovsyannikova, who held up an anti-war poster during a news broadcast on Russian state TV Channel One on Monday, may be among the first to fall under the new law. The Russian criminal justice system has practice in handling mass protest. Protesters grabbed on the streets are bundled into overcrowded avtozaks and taken off to detention centres, where they can be held for to up to 15 days. Most get away with a fine if it is their first arrest, but those against whom criminal charges are brought face prolonged periods in overcrowded pre-trial prisons (sizo). Eventually, they will come to trial, be found guilty, and then transported off to some remote corner of Russia. Here they will join other people imprisoned for their political beliefs, as well as the large numbers convicted for drug-related or other offences. The custodial sentences handed out to people opposing the war will not be served in typical western-style cellular prisons, but in \u201ccorrectional colonies\u201d (ispravitel\u2019nie kolonii). These house prisoners in barracks-like accommodation blocks, which were originally introduced to manage the millions of forced labourers who passed through Stalin\u2019s Gulag. International human rights organisations have condemned communal dormitories for their association with high levels of inter-prisoner violence, and lack of privacy. The large cache of internal prison service videos smuggled out of Russia in November of last year shows that that torture and inhuman and degrading treatment of prisoners is systemic in Russian correctional institutions. As the war produces large numbers of detainees and captives in occupied territories, the question arises of whether there are sufficient spaces for them in existing carceral facilities. It is inconceivable that Putin\u2019s monstrous plan to rebuild the Russian empire did not factor in the need to reserve places in the country\u2019s penal institutions to accommodate the new generation of political prisoners. In recent years, Russia has boasted that it has reduced the number of prisoners in the country, presenting this as evidence of the humanisation of its justice system (this is a myth, but that is another conversation). Today, there are about 380,000 people serving sentences in different categories of correctional institutions, with another 100,000 or so awaiting trial in sizos. The total prisoner population of just under 500,000 is more than half it was twenty years ago. The intriguing fact is that the number of prison facilities has not correspondingly halved. The prison service has closed 90 correctional colonies and remand prisons since 2019, but these closures have made only small inroads into total capacity of the facilities that remain. Analysing the available figures on prison population and capacity, it is clear that Russia has spare places for tens of thousands of new prisoners. This is confirmed by official figures showing that facilities for convicted prisoners are currently only 66% full . Currently, I estimate that there 400,000 places free in Russia\u2019s penal facilities \u2013 with a new reform, which would transfer prisoners nearing the end of their sentence to newly constructed forced labour centres, creating the potential for another 180,000. Not quite the millions of the Gulag, but heading in that direction. Ukraine has its own network of prisons and there are unknown numbers of secret penal facilities in the previously occupied territories, which have been used for illegal detentions and are sites of alleged war crimes. We know from the wars in Chechnya, Georgia, and in the last eight years in Ukraine, armed combatants captured in the battlefield will be treated by Russia as zaderzhanye (detainees), not prisoners of war. The aims of Putin\u2019s \u201cspecial military operation\u201d is demilitarisation and, absurdly, denazification. His rhetoric thus downgrades the Ukrainian professional armed forces to the status of terrorists, while the status that will be afforded to Ukrainian paramilitaries, volunteers and the civilians who aided in the making petrol bombs, for instance, remains unclear. The evidence of the past eight years is that Russia\u2019s preference will be to transfer the people it seizes in Ukraine to the Russian heartland. Crimean Tatars, for example, who have passively resisted Russian rule since 2014 by refusing to take part in elections, have been vulnerable to accusations of belonging to radical Islamic groups. Their leaders have been transported from Crimea to remand prisons in neighbouring Rostov Oblast and, after conviction, transported to correctional colonies in the Russian interior to serve up to 20-year sentences. In a chilling article a few days ago in RIA Novosti, Russia\u2019s domestic news agency, we learned that Ukrainians resisting the invasion are supposedly suffering from a generalised case of Stockholm syndrome; and that after liberation, \u201ca whole complex of measures will be required to bring this mentally unhealthy population to their senses\u201d. The fear must be that Russia will revert to measures gestated in the Gulag to correct those who are judged too slow in coming to their senses. Judith Pallot is emeritus professor of geography at the University of Oxford. She is currently director of an ERC-funded project researching the Russian prison system in the Aleksanteri Institute, the University of Helsinki   "}