{"headline": "Never a police officer around when you want one \u2013 unless you\u2019re an oligarch", "standfirst": "When squatters occupied Oleg Deripaska\u2019s house in Belgravia, there was no talk of a lack of resources", "author": "Marina Hyde", "date": "Tue 15 Mar 2022 15.01 CET", "text": "Didn\u2019t you love the pictures of a column of Metropolitan police officers running towards Oleg Deripaska\u2019s house like it was a five-storey Greggs? Here they come, trotting with intent, a phalanx of shirt-sleeved, riot-shielded protect-and-servers who may or may not be available inside of six weeks next time your house is burgled. To recap, four protesters yesterday occupied a house in London\u2019s Belgravia that is supposedly owned by the Russian aluminium magnate Deripaska (now on the UK sanctions list). They unfurled some banners inviting Vladimir Putin to fuck himself and so on, before being removed by the largest Met police presence you\u2019ll see outside of a women\u2019s vigil for someone murdered by a Met police officer. Territorial support group, police negotiators, police climbers, riot police \u2026 and, my darlinks, one\u2019s rarely seen so much hardware. The only big guns they left back at the station were the surface-to-air questionnaires. There were at least eight vans and two squad cars, as well as a JCB, for some reason not being driven by Boris Johnson. Surely the prime minister should have just piloted it through the wall of the Belgrave Square house, then emerged from the driver\u2019s cabin for the cameras gurning GET SANCTIONS DONE? Absolutely no sense of occasion. Alas, despite all these expensive resources, the incident drew a viciously self-satirising statement from Deripaska\u2019s spokeswoman. \u201cWe are appalled at the negligence of Britain\u2019s justice system shown by Boris Johnson\u2019s cabinet in introducing the sanctions and colluding with the sort of people who raid private property,\u201d she fumed. \u201cIt\u2019s truly a disgrace that this is happening in a country that is supposed to respect private property and the rule of law.\u201d Now come come, madam \u2013 this isn\u2019t a \u201craid on private property\u201d. It\u2019s a special operation. As for the response to it, that is multiples more police than anyone normal in London could ever hope for. To put it in perspective, it\u2019s about the volume of hardcore law enforcement you could expect if a woman in Red Square held up a small piece of paper that doesn\u2019t even say \u201cno war\u201d, but simply says \u201ctwo words\u201d. But look, before we go any further, I\u2019m not saying that the protesters don\u2019t need to be removed from the property. Of course they do. However, as the author and kleptocracy expert Oliver Bullough remarked: \u201cThere must be 20 police officers outside the Belgrave Square property occupied by anarchists, which is I reckon approximately 20 more than ever checked the provenance of the money that bought it.\u201d Also, not sure we can entirely get behind the spokeswoman claiming to be \u201cappalled at the negligence of Britain\u2019s justice system\u201d. Join the queue. If the oligarchs have an issue with \u201cBritain\u2019s justice system\u201d, perhaps they should spend less time clogging it up? Honestly, they\u2019re never out of it, with their libel suits and their in-group spats and their full-spectrum lawfare. Still, an Englishman\u2019s home is his castle, and an oligarch\u2019s home is \u2026 oh, hang on. I\u2019m just reading some more of the spokeswoman\u2019s outpourings, and apparently this isn\u2019t even his home. Deripaska says it is owned by \u201csome family members\u201d. I must say it\u2019s really great to see Oleg supporting British investigative journalism, even with all the stuff he has going on in his life right now. Where this type of guy is concerned, it normally takes really dogged reporters a year to discover who owns the shell company that owns the shell company that owns the shell company that owns the house. Furthermore, we must thank Deripaska or Some of his Family Members for enabling another great British pastime \u2013 looking askance at what people have done to their houses. After all, we lay our scene in Belgravia, one of various areas in the Royal Borough of Kensington and Chelsea that a previous social class of occupants judge has \u201ccompletely gone, I\u2019m afraid\u201d. Or rather, completely gorn. In many ways I\u2019m all for a new breed of horror moving in. Ring the changes, you know? But funny to think that Deripaska\u2019s house was once owned by politician and category-5 diarist Chips Channon, who, incidentally, was not held back by self-doubt in his interiors vision. As he wrote of a new scheme for the Belgrave Square dining room: \u201cIt will shock and stagger London.\u201d And naturally they talked of little else in the East End. Anyway, Edward VIII and Mrs Simpson came to dinner there one night in 1936 and, according to Channon, \u201cThe doors were flung open \u2026 and there was a pause as everyone\u2019s breath was taken away by the beauty of the dining room.\u201d Flash forward to 2022, and my breath was also taken away by the video shot yesterday by the protesters from inside the historic house. Blond wood floors and a glass banister? Literally worse than the abdication. The occupiers were eventually arrested, despite attempts to settle in for longer. According to reports, when they caught sight of some people looking out of the windows of the next-door house, one called over: \u201cWe are your new neighbours. We\u2019ll come over tomorrow with some brisket.\u201d (Brisket! A slightly surreal detail. Isn\u2019t the offering cliche a cup of sugar \u2013 or, in this locale, a cup of green juice? Perhaps the protester is American. Like Chips Channon.) As for the Met, this is without question another great look from its spring collection, fresh off being found last week to have breached the rights of the organisers of the Sarah Everard vigil. Winter, meanwhile, was enlivened by its declaration that it does not investigate \u201chistorical crimes\u201d. Maybe yesterday\u2019s alleged crime found itself in a liminal time zone \u2013 it was not technically historical, being ongoing, and therefore could be investigated by as many officers as were available, minus the ones serving WhatsApp suspensions and whatnot. And yet a friend recently observed a burglary in progress, and no squad car came because of what he was told was a lack of available resource. When he followed up, he was invited to make an appointment to discuss the incident so officers could gather a statement. In the end, then, I can\u2019t help feeling Monday\u2019s ridiculous tableau in Belgrave Square is symbolic of a wider discombobulation, as Londongrad struggles with the pivot to this new era. A whole series of compromised institutions, from the legal profession to the police to the politicians, are going to require a significant reset if we truly do mean to stop enabling some of the worst individuals in the world at the expense of pretty much everyone else. Nothing wrong with being polite, of course. But both literally and metaphorically, we really don\u2019t have to fall over ourselves running to assist these people. Marina Hyde is a Guardian columnist If you\u2019d like to hear this piece narrated, listen to The Guardian\u2019s new podcast, Weekend. Subscribe on Apple, Spotify, or wherever you get your podcasts."}