{"headline": "Ukrainian heritage is under threat \u2013 and so is the truth about Soviet-era Russia", "standfirst": "Shelling is destroying buildings and art, while archivists scan documents around the clock for fear of Russian \u2018archivocide\u2019", "author": "Anna Reid", "date": "Tue 15 Mar 2022 09.00 CET", "text": "When I did a string of drivetime interviews for BBC local radio during the first week of Vladimir Putin\u2019s hideous war against Ukraine, a question several presenters asked me was simply: \u201cWhat does Ukraine look like?\u201d In the allotted five minutes I tried to give an idea: it\u2019s not flat and covered in dark pine forests like much of Russia; it\u2019s green and gently rolling, and dotted with medieval fortresses, romantically neglected baroque palaces and monasteries, and quiet, pretty towns and little cities, much like those of Austria or the Czech Republic. Kyiv itself is a grand Belle \u00c9poque metropolis with up-and-down cobbled streets and chestnut trees. There are funny little back alleys and courtyards full of coffee shops and art galleries, leafy parks with views over the sprawling river Dnipro, and an array of glorious churches, the grandest of them the 11th-century Saint Sophia Cathedral. In the midst of the unfolding human tragedy is the appalling cultural loss the war may wreak. A rich mixture of influences \u2013 Polish, Russian, Viennese, Soviet, Jewish and even Ottoman, as well as its own folk traditions \u2013 informs the country\u2019s art, architecture, music and literature, producing a gorgeous potpourri that is, paradoxically, distinctly Ukrainian. And as with any underdog country, culture is particularly important for Ukrainians, having carried the national identity through long centuries of foreign rule. The big city currently most at risk is Kharkiv, still in Ukrainian hands but under heavy shelling. Long a commercial centre, it has handsome 19th-century merchants\u2019 houses and warehousing (home, until now, of a thriving contemporary art scene), but is most remarkable for its constructivist government buildings, built during the 1920s when Kharkiv was the capital of the Ukrainian Soviet Socialist Republic. As the architectural historian Owen Hatherley says, \u201cOnly Dessau in the old East Germany, or maybe Tel Aviv, compares to it for buildings of that era.\u201d So far the most prominent of them \u2013 a futurist vision of blocky concrete and flying walkways \u2013 is undamaged. But another \u2013 one of several reclad in Stalinist neo-classical style \u2013 lost every window and part of its roof when a missile landed nearby on 1 March. The city\u2019s landmark \u201cSlovo\u201d (\u201cWord\u201d) building has already been directly hit three times. Shaped like a C \u2013 the first letter of the word \u201cslovo\u201d in Cyrillic \u2013 it was built to house prominent writers, scholars and artists; for Ukrainians, it represents the period\u2019s brief cultural flowering before Moscow cracked down again and sent most of its residents to the gulag. Kharkiv\u2019s Fine Arts Museum has been damaged, too. Photos posted on social media by staff show blinds hanging in tatters, and parquet floors scattered with broken glass. Some pictures have been laid face-down on the floor; others still hang on the walls. Among other treasures, it houses 11 canvases by the great 19th-century painter Ilya Repin, who was born nearby but built his career in St Petersburg, Paris and Moscow. \u201cThe irony of the situation,\u201d the head of the museum\u2019s foreign art department told Reuters, \u201cis that we are having to save Russian artists\u2019 works from their own people.\u201d One of the most historic cities under siege is Chernihiv, a couple of hours\u2019 drive north of Kyiv on the main road to the border with Belarus. On a quick visit four weeks ago, it was as quiet and beautiful as ever, its clutch of churches white, green and gold against a blue sky and the sparkling snow. A local guide, now fled with her daughter and granddaughter to Lublin in Poland, tells me on the phone that so far as she knows the churches are still \u2013 \u201cglory to God\u201d \u2013 undamaged, but that the Soviet-era cinema on the main square has been destroyed, \u201cand our lovely fountain too\u201d. She breaks down in tears talking about the kindness of the Poles. Also at risk are Ukraine\u2019s archives. Since Putin began closing the Russian ones to all but approved researchers, Ukraine\u2019s records have become a way into the Soviet period for historians not only of Ukraine, but the whole Soviet Union. Their closure is a blow to scholars round the world. Daria Mattingly, a leading historian of Stalin\u2019s 1932-3 artificial famine, fears \u201carchivocide\u201d. Russian occupiers \u201cmight destroy everything that doesn\u2019t fit into their narrative \u2026 That would be catastrophic; it would be the erasing of Ukrainian identity.\u201d In Kyiv and elsewhere, archive staff are working round the clock to scan documents and to move digitised material on to servers abroad. For some it is already too late. The building that houses the Chernihiv province\u2019s KGB records lost its roof to shelling a few days ago; it\u2019s not yet clear how much was lost. The Budapest-based art historian Konstantin Akinsha is terrified for the fate of Odesa, where the Russian troopships lurking just offshore are expected to attempt a landing any day. The words tumble over themselves as he lists its collections. One of the best is at the Odesa art museum. Volunteers have been helping staff pack up paintings and take them to safety. They are fearful of looting or Russian confiscation, and so are understandably tight-lipped about where they are now. But since they have thousands of items to deal with, and many are evacuating (the museum\u2019s director took the hard decision to leave with her baby son), much remains in situ. Akinsha also worries about Odesa\u2019s Museum of Western and Eastern Art, which has Frans Hals\u2019s St Matthew and his St Luke (their fellow evangelists hang in Moscow\u2019s Pushkin Museum and Los Angeles\u2019s Getty). And then there\u2019s the Archaeological Museum and the Literature Museum. \u201cIt has unbelievable manuscripts,\u201d he says. \u201cI want to cry. It\u2019s absolutely scary.\u201d Another concern is vandalism and looting by occupying troops; on 14 March, Russian soldiers broke into offices in a neo-baronial castle near the city of Zaporizhzhya, and deliberately smashed up office furniture and equipment. What Akinsha would like to see \u2013 apart from more and bigger anti-aircraft guns from the west \u2013 is strong anti-war public statements from prominent museum-world figures in Russia. \u201cI\u2019m not asking them to go to Red Square and set themselves on fire. But they could come out with something at least. They are completely silent. It\u2019s disgusting.\u201d As we wait to see what Putin has in mind for ravishing Kyiv \u2013 a siege, artillery barrages, air-dropped chlorine bombs like in Syria? \u2013 the UK government announces that it is sending more and more sophisticated anti-aircraft guns to Ukraine. They will not be able to protect cities from short-range shelling, but should be able to prevent bombing from the air and by long-range ballistic missiles. It\u2019s late; we should have started arming the country months ago, when Putin started building up his forces on the border. But it\u2019s much better than never, and will help to save not only lives. Anna Reid is a historian and the author of Borderland: a Journey through the History of Ukraine"}