{"headline": "Naive, narcissistic, unhinged: bad friends are my vice, and I can\u2019t give them up", "standfirst": "I\u2019m losing patience with friends who behave badly yet demand total loyalty. But am I really any better myself?", "author": "Eli Goldstone", "date": "Mon 14 Mar 2022 13.00 CET", "text": "Two years ago, I ended a friendship. There\u2019s no right or wrong way to break up with a friend, but a sensible thing might be to tell someone that they are no longer serving your needs \u2013 and to quietly disentangle your life from theirs. I didn\u2019t do this. I swore at them over WhatsApp and didn\u2019t respond to their messages ever again. I\u2019m not an advocate of the current \u201cfuck your friends\u201d mode of self care that posits you shouldn\u2019t feel a need to answer your phone, accept invitations or listen to people\u2019s problems if you don\u2019t feel like it. I think friendship is about showing up even if you don\u2019t particularly feel like it. But I also have a tendency to put up with some particularly bad friendships for much longer than is necessary, and this was one of them. I was strung out from making allowances and excuses for this friend, and that day I\u2019d reached my breaking point. Close friendships have their ups and downs: hurt feelings, neglect and friction occur because of the natural ebb and flow of our lives. A bad friend is something else entirely, an eyesore in our social landscape that for some reason we dare not dismantle. I used to imagine that I was attracted to complex, challenging, or unsatisfying friendships because I have imagination and empathy. I can see through defence mechanisms developed after difficult childhoods and I can understand what on first glance appears to be a horrible attitude for what it is: poor self esteem! This person is an overlooked puppy in a shelter and I am the one who will take them home! No such thing as bad dogs, I say stoically, as the dog in question savages my hand and pisses on my furniture: only bad owners. Instead of saying that something is unacceptable, I simply put up with it for years, hoping that with love and kindness it will all somehow magically resolve itself. Naive! Narcissistic! Unhinged! One obvious outcome of the last couple of years has been that those habitual relationships have been interrupted, and a break in order to re-evaluate those we spend time with has been afforded us. I look back at my social habits and see something glaringly obvious: I have often formed friendships carelessly. It appeals to me to act quickly based on an immediate mutual attraction. I have crossed a room to tell a woman that we should be best friends after having had a single conversation with her; I have gone on ill-advised minibreaks that have ended in arguments and an empty bank account; I have ruined several of my own birthday parties by inviting someone who has acted rudely, and I have defended these people to the hilt afterwards. They\u2019re complicated! They\u2019re shy! They\u2019re depressed! Perhaps all of these things are true about the people in question, but the main thing that they have in common is that I have decided to be their friend \u2013 and that has historically been reason enough for me. These sorts of friendships resemble romantic relationships: there\u2019s a lot at stake, emotionally; there\u2019s an us-against-the-world sort of feeling; there\u2019s an excess of mutual affection and support. Bad friends tend to demand a lot of support, something we are surprisingly willing to deliver. If somebody does you a kindness, it stands to reason that you would be moved to act kindly towards them in return. What\u2019s known as the Ben Franklin effect is the complementary, but somewhat surprising, psychological theory that a person who has done a favour is more likely to see the recipient of that favour in a positive light. To ask someone to do something for you is to state plainly that the two of you are on sufficiently intimate terms for this sort of request and to dare them to contradict you. They won\u2019t. People love intimacy. They love to feel useful, and needed, and tightly bound to other human beings. What better way to offer a person this feeling than to ask them to put themselves out for a moment, for an hour, for a weekend? It\u2019s a cruel irony that the fear of asking too much of people is more likely to push them away. In some of the best examples of toxic friendship depicted in contemporary literature \u2013 Elena Ferrante\u2019s Neapolitan novels, Sally Rooney\u2019s Conversations with Friends, Mary Gaitskill\u2019s Two Girls, Fat and Thin \u2013 the dynamic is fairly straightforward: one introvert and one extrovert, a hot mess and her bookish companion. Of course, in reality, these archetypes are stifling. My bad friends have tended to reflect many of my worst qualities back at me, as well as a few of my better ones. Perhaps it doesn\u2019t quite work, artistically: a bookish hot mess and her bookish hot mess friend. Surprise! Men can also make envious, manipulative and mean friends, too. Most importantly, I have to acknowledge the fact that I am almost certainly somebody else\u2019s bad friend. After all, I have in the past forgotten birthdays, not made an effort with my friends\u2019 boring partners, and continued talking about my own problems long after my companion has started to show visible signs of irritation. Maybe I no longer have the desire to either be a bad friend or to put up with one in my mid-thirties, but more likely I\u2019m just resting in between bad friends and the next one is waiting right around the corner. Frankly, I\u2019m excited to meet them. Eli Goldstone is the author of Strange Heart Beating "}