{"headline": "Yes, Ukraine needs weapons. But what if supplying them could prove catastrophic?", "standfirst": "Western training and weaponry have unquestionably helped Ukraine. Yet the risks of pouring more arms into Ukraine should be considered carefully ", "author": "Rajan Menon", "date": "Mon 14 Mar 2022 11.28 CET", "text": "The United States and some of its Nato allies \u2013 Britain, Poland and the Baltic trio \u2013 have been the most vigorous in insisting that Ukraine must, for moral and strategic reasons, receive the weapons it needs to fight Russian aggression. The moral case, strengthened by Ukrainians\u2019 valiant resistance and President Volodymyr Zelenskiy\u2019s Churchillian wartime leadership, is that Ukraine is the victim, Russia the aggressor. Ultimately, even Germany, which had been reluctant to arm Ukraine, was persuaded by this portrayal. It sent Ukraine 1,000 anti-tank and 500 anti-aircraft missiles and changed its policy prohibiting other members of the alliance from transferring German-made weapons to Ukraine. By now, Ukraine is receiving arms and equipment from many other countries, some of whom aren\u2019t in Nato. The gist of the strategic case is that failing to resist aggression invites more of it. Poland and the Baltic states have a particularly strong stake in driving this point home, as a glance at a map of east-central Europe makes evident: if Ukraine comes under Russia\u2019s sway, they will be vulnerable. The United States has been arming Ukraine and training its troops since 2015 and provided it $1.5bn in military support even before the war. With Ukraine now fighting for survival, there is strong, bipartisan support in Congress for extending even more help. On 11 March the Senate approved a spending bill, passed earlier by the House of Representatives, containing the $3.5bn in military aid for Ukraine requested by President Joe Biden. The White House had taken bold steps even earlier. Two days after the Russian invasion the president authorized $350m in emergency military assistance to Ukraine. By early March the US had arranged for 17,000 anti-tank missiles (including Javelins) to reach Poland and Romania for overland delivery to Ukraine. Confidence runs high that with more firepower Ukraine will, at minimum, blunt the Russian offensive and be in a strong position whenever the bargaining over the terms for ending the war begins. Those who believe this can point to compelling evidence: western training and weaponry have unquestionably helped Ukraine destroy a lot of Russian armor and aircraft. Hence their confidence that more Javelins will improve Ukraine\u2019s ability to destroy Russia\u2019s tanks, that additional Stinger anti-aircraft missiles will cause even more Russian warplanes to fall from the skies, and that counter-battery radars will locate and demolish deadly Russian artillery. Yet amid the moral outrage and depth of animosity toward Putin, the risks of pouring arms into Ukraine should be considered carefully and dispassionately. Providing Ukraine even more arms may well produce the results its proponents anticipate. It could, on the other hand, impel Russian commanders to subject Ukrainians to even greater pain. They have already experienced enormous suffering because Russia, as the Office of the United Nations Commissioner for Human Rights (OHCHR) has noted, routinely hits civilian buildings. If the war becomes even more brutal, Ukraine may keep resisting, but then the number of Ukrainians seeking refuge in other countries, now 2.6 million (the largest proportion is in Poland), will soar. With Warsaw and Krak\u00f3w, its two largest cities, overwhelmed by the influx, Poland has already appealed for help. A continuing exodus from Ukraine could strain the economies and social fabric of its neighbors, especially if the war drags on, preventing refugees from returning home. Furthermore, Russia may not stand by, allowing the west to fortify Ukraine\u2019s army. Putin might order his generals to bomb the supply routes from Poland and Romania, the Nato countries that have the longest borders with Ukraine. On 11 March, after not having bombed them since 24 February, the day the war started, Russian aircraft took aim at military airfields in Lutsk and Ivano-Frankivsk in western Ukraine. Lutsk lies about 60 miles from Poland\u2019s border, in Volyn province, which adjoins it. The city of Ivano-Frankivsk is located north of the Romania\u2019s border, and the eponymous province of which it is part adjoins Romania. On 13 March, a barrage of Russian cruise missiles hit the Yavoriv military base, which is in Lviv province and less than 30 miles from the Polish border. These attacks are a signal from Putin that he won\u2019t stand by while the west beefs up Ukraine\u2019s army, which has already proved a tougher nut to crack than he anticipated, and were accompanied by the warning from the deputy foreign minister Sergei Ryabkov warning to the United States that Russia would regard arms \u201cconvoys\u201d into Ukraine as \u201clegitimate targets\u201d. The United States and its allies may face unexpected countermoves from Russia and what they do in response could widen the war if Putin, in turn, raises the stakes. If the tit-for-tat spills over into Poland or Romania, whether intentionally or not, the stage could be set for a Nato-Russia confrontation, with nuclear weapons lurking in the background. Some experts are confident that arming Ukraine won\u2019t widen the war, but if they\u2019re wrong the consequences could prove catastrophic. And what if Ukraine starts losing? Will Nato cut its losses, thereby emboldening Putin? Or will it up the ante, risking a clash with Russia? None of these scenarios may materialize. Putin may prove prudent and risk averse. Then again, this war has shredded many assumptions that prevailed before it began. Rajan Menon is the director of the grand strategy program at Defense Priorities and senior research fellow at the Saltzman Institute of War and Peace Studies at Columbia University"}