{"headline": "Why the BBC drama Then Barbara Met Alan brought tears to my eyes", "standfirst": "To see on primetime television the activists who fought for disability rights in the 1990s was a profoundly moving moment", "author": "Frances Ryan", "date": "Tue 22 Mar 2022 07.00 CET", "text": "Before we even reach the opening titles of Then Barbara Met Alan \u2013 the BBC\u2019s one-off drama depicting the fight for the 1995 Disability Discrimination Act (DDA), which aired on Monday night \u2013 Barbara has graffitied \u201cpiss on pity\u201d on a bus stop and turned down going for a drink with Alan because, in her words, she\u2019d just end up getting drunk and giving him a blowjob. It is an instruction to the audience from the off to reject their preconceptions: this is not disabled people as you might think. The story of how disabled activists \u2013 led by Barbara Lisicki and Alan Holdsworth \u2013 used direct action to lobby for the UK\u2019s first disability civil rights law is one you\u2019d be forgiven for not having heard before. Disability history is not taught in schools. It is not dramatised for entertainment and is rarely the subject of documentaries; on the odd occasion that the subject is on British screens, it\u2019s likely to have been from the US \u2013 as in the 2020 documentary Crip Camp. As a result, I\u2019d wager most of the British public think disability rights were introduced in the 1970s along with other anti-discrimination laws, like those legislating against sex and race prejudice, and came about by benevolent authorities gifting rights to the grateful disabled. As Then Barbara Met Alan shows, this couldn\u2019t be further from the truth. When Take That were top of the charts and Rachel and Ross were \u201cwill they, won\u2019t they?\u201d in Friends, disabled people in the UK still had no basic rights enshrined in law. That meant it was perfectly legal for a company not to hire someone because they were Deaf or for a bus not to have ramps and be unable to take wheelchair-using passengers. These moments of everyday inequality are cleverly represented in the show and the characters\u2019 lives. When Barbara and Alan get arrested for protesting about a lack of disability access, they have to be kept in a police van because the cells aren\u2019t accessible. It\u2019s a moment of irony that makes clear just how preposterous discrimination is once you really start to think about it. One of the most striking parts of the programme comes when Barbara and her friends decide to protest over ITV Telethon, a charity drive show that raised money for disability charities, but really served to reinforce negative stereotypes about \u201cpitiable crips\u201d. Interspersed with real historical footage of bemused host Chris Tarrant and protesters, it sums up in just a few scenes how, for decades, British society was content to hand out charity to its disabled citizens but not rights. When change did come, it was not thanks to kindly non-disabled politicians and media organisations, but the fury and power of wheelchair users throwing themselves under buses. Their demands were simultaneously uncompromising and unremarkable. As the campaigners chant to passersby: \u201cWe want what you\u2019ve got! Civil. Rights.\u201d That Then Barbara Met Alan is built around a love story between the two campaigners is itself refreshingly subversive. A society that often others disabled people as sexless, passive and sad naturally sees no need to grant them access to pubs, cinemas or gigs. On an early date, we see Alan and Barbara stopped from going into a restaurant because there\u2019s no ramp. As a sign of what\u2019s to come, Alan insists on challenging the manager and a waiter promptly brings a table out to the pavement so the couple can at least have their date outside. \u201cWe fight every battle,\u201d Alan implores Barbara. \u201cDo you understand that? Every battle.\u201d It would be a mistake to watch the show and think the story is over. As Alan himself says, after storming the House of Commons when the DDA is finally passed: \u201cIt won\u2019t be enough. But it will be a start.\u201d Any disabled person who has recently been unlawfully turned down for a job, denied healthcare during the pandemic, or been left to wet themselves on a train because there\u2019s no accessible toilet knows this all too well. Research published this week by Euan\u2019s Guide, the disability access charity, found that 59% of disabled people believe the pandemic has made access worse. Progress is a slow game. And yet I can\u2019t help but feel a little hope. Watching Then Barbara Met Alan, I was struck not only by the power of disabled activists but of seeing their story told in the mainstream. This was disability rights front and centre on primetime television, played by disabled actors and created by disabled storytellers. By the time the real-life Barbara was on screen in the final scene \u2013 with a ramp symbolically coming out of a bus to finally give her entry \u2013 I was crying. For what we gained. For what was taken from us for decades, and still is. For the campaigners who gave so much for my generation and those that do today. Roar in the streets and kiss your lover. This is what disability looks like \u2013 and the battle continues. Frances Ryan is a Guardian columnist and author of Crippled: Austerity and the Demonisation of Disabled People \u2013 now out on audiobook"}