{"headline": "David Cameron volunteering at a food bank? He\u2019s got some nerve ", "standfirst": "The former prime minister proudly announced last week that he is working at a local charity. But food poverty soared under his watch. I can only assume he is trolling us", "author": "Zoe Williams", "date": "Tue 22 Mar 2022 13.10 CET", "text": "The former prime minister David Cameron finally popped out of his shepherd\u2019s hut last week, to inform the world, proudly, that he had been volunteering at his local food co-op, the Chippy Larder, and was about to drive to Poland with supplies they had collected. For now, try to park the fact that refugee services across eastern Europe have repeatedly said that what they lack is cash, and they would much prefer a wire transfer to have-a-go-heroes making pointless journeys with a van full of stuff that Poland already produces. Because the more striking thing was the audacity of Cameron\u2019s volunteering, which was swiftly pointed out by Zarah Sultana MP \u2013 food bank use went up by 2,612% while he was prime minister. There are so many ways he could have been socially useful without rubbing our nose in the poverty he had created (he could have volunteered at a dog\u2019s home, for instance, or worked with bees) that this can only be interpreted as trolling. But that is what a lot of life under the coalition and, later, Conservative government felt like: policies that didn\u2019t make sense because they were cruel but not, from a government perspective, even especially thrifty. This would then be followed by a deliberate provocation \u2013 Iain Duncan Smith, saying that it was perfectly easy to live on \u00a353 a week, actually; or Lord Freud chiming in to say that food bank use was on the rise because the food was free, and demand for free goods was potentially infinite. Seeing Cameron up to his old nose-thumbing tricks makes me think that causing outrage was one of the tactics all along. That figure \u2013 the rise of 2,612% \u2013 doesn\u2019t quite tell the whole story, partly because it\u2019s a bit too huge to get your head round, but mainly because the truth is simpler. Before 2010, food banks were not a thing. Food stamps were seen as a peculiar unkindness devised by the Americans, to strip the low-waged of dignity. There were niche experiments with a copycat system in the UK for asylum seekers \u2013 where their absolutely meagre benefits were delivered on an Azure card, with which you could buy bread but not, for instance, crayons. But the general principle of social security was that if you couldn\u2019t afford to feed your children or, for that matter, yourself, something had gone wrong. Without a doubt, there were people before 2010 for whom things had gone wrong, who were struggling to put food on the table \u2013 the Trussell Trust food distribution charity had been going since 1997. But food banks weren\u2019t an essential element of social security, they were an emergency stopgap for people in very difficult and, crucially, rare circumstances. If one million people had been using them (as they were by 2015), or two-and-a-half million (as they are now), that would, previously, have been understood as the system not working. This, by the way, has been perfectly obvious to all of us, since austerity began. There was no shortage of people who looked at their policy proposals \u2013 of cutting benefits, imposing sanctions, bringing in universal credit with its huge time-lags \u2013 and joined the dots to say, this will cause real, life-changing, possibly life-threatening hardship. The thing that took us absolutely ages to catch up with, however, was that the hardship wasn\u2019t a bug \u2013 it was a feature. So we kept having fresh conniptions about the heartlessness, which they kept stoking with fresh insensitivities, evidently thinking: \u201cWhen are these doughnuts going to get it? We\u2019re no longer in the business of \u2018heart\u2019.\u201d The Tories were much more rational, in a way, than any of their opponents. They were just doing what they do. We were like people whose corner shop had turned into an estate agent, going in every day, yelling that we couldn\u2019t find the sausages. Even knowing all that, even having lived the past decade, I still can\u2019t get over the image \u2013 David Cameron, in a food bank, grinning. The brass neck of the man."}