{"headline": "Nazanin is grateful, but is she grateful enough? I don\u2019t know but the trolls will tell us", "standfirst": "If she had been docile, she might have silenced her critics. Instead she had a few questions. Luckily the ingratitude police are on the case", "author": "Marina Hyde", "date": "Tue 22 Mar 2022 15.36 CET", "text": "To Britain, where a woman who hasn\u2019t said a word for six years is apparently talking too much. Are you a man who\u2019s got a massive view about how a hostage should behave after a lengthy incarceration? Are you 90% throbbing forehead vein? Do you like your prison victims pliant, and super-obsequious about having spent pretty much their young daughter\u2019s entire life as the cell guest of a theocracy? If so, we really, really want to hear from you! And I have a feeling we\u2019re going to! Can you possibly stow your two-litre caramel latte in the cup holder, handbrake turn on to the hard shoulder, punch in the phone-in digits, and then give a masterclass in how unthreatened you are by the decadent western spectacle of a woman speaking her mind. Encouragingly, because some British people like to put their mouth where their arse is, the above call to arms has been answered. By mid-morning today, #sendherback was trending on Twitter (further bolstered by those so horrified by the hashtag they felt the need to repeat it). Down the phone lines and across the internets, many people are simply not happy with Nazanin Zaghari-Ratcliffe\u2019s failure to react to her belated release like she\u2019s just won Miss World in 1957. You know the playbook: deeply indebted tears at a flow volume that won\u2019t disrupt the mascara; silence broken only by a pledge to work with children and animals. British children and British animals, just to be on the safe side. And yet, having spent a lot of time at her press conference yesterday thanking a large number of individuals and organisations who played a part in her eventual release, Nazanin did mention the fact it took just the five successive foreign secretaries before something repeatedly promised to her actually happened. And it is this that seems to have caused a huge number of four-wheel-drive prams to be emptied of all toys. Of course, you get a few wishy-washy ignoramuses disagreeing. \u201cIf trying our best took six years,\u201d reasoned Jeremy Hunt, \u201cthen we must be honest and say the problem should have been solved earlier.\u201d Sorry, Jeremy, but what on earth do you know about the situation?! Wait. Hang on \u2013 my producer\u2019s telling me Jeremy was literally one of those five foreign secretaries. OK \u2026 well \u2026 thanks for dialling in. But we\u2019ll have to cut you off now because I\u2019ve got a 56-year-old man from Aldershot on the line, who once told a BT customer service representative that she was as bad as Hitler, and is now marvelling at the absolute cheek of Nazanin. I\u2019ve got a guy who thinks masks were fascism strongly suspecting the ayatollah had a point about this bird. I\u2019m kidding, of course. But one does sometimes wonder if this whole generational cohort is becoming coddled. Nobody tells them to shut up and buck up. Nobody tells them to get some perspective and ring off. It\u2019s just possible we\u2019re raising a generation of entitled middle-aged men who think their every needy opinion has to be listened to. As far as genuine real-life examples go, I saw one individual who characterised Nazanin\u2019s wry difference of opinion with Richard Ratcliffe about the merits of the Foreign Office response as \u201cdisrespect[ing] her husband\u201d. Over on Nick Ferrari\u2019s show on LBC, a chap called Jason seemed outraged that Nazanin \u201cdidn\u2019t come across as a sort of victim\u201d, adding \u201cit would have been nice for her to say thank you\u201d. (She did, at length \u2013 but perhaps it was too much for Jason to actually watch the thing.) Ferrari appeared to partially agree, remarking: \u201cThere might have been a degree more gratitude.\u201d Aha! There it is. Gratitude. I\u2019m never sure whether it means \u201cbeing thankful\u201d or \u201cnot being uppity\u201d. However, I can tell you it heralds some important Venn diagram news: the people sticking it to Nazanin for not being \u201cgrateful\u201d enough are the same people who boo footballers for taking the knee. Yup, just like the old knee-taking, it all comes down to gratitude \u2013 the UK\u2019s sole remaining virtue after the others were sold off to oligarchs and Middle East sovereign wealth funds. And you know, I hugely admire people who have whittled down their entire emotional range to a single, extremely compact sentiment: the idea that people should be grateful. Other people, obviously \u2013 not them. After all, how can they be grateful when there are ungrateful people out there? Stands to reason. They\u2019re so ungrateful about a world that contains ingratitude that they have to ring a phone-in and lose their shit about it. Look what you made them do. Indeed, this whole line of criticism reminds me of a particular genre of Daily Mail column, of which I\u2019m a keen student. Consider Stephen Glover asking rhetorically: \u201cCouldn\u2019t Afua Hirsch summon a smidgen of gratitude?\u201d Or Amanda Platell deploring Stormzy\u2019s mention of Grenfell at the Brits one year, asking: \u201cCan\u2019t you show a scintilla of gratitude, Stormzy?\u201d The argument is always that \u201cthis country\u201d has given people like Stormzy a good life and they should shut up complaining. And yet, why should it be only \u2013 how to put this delicately? \u2013 people like Stormzy who should show gratitude? Why can\u2019t it be, say, newspaper columnists? To pluck an example from the air, Amanda Platell \u2013 not born here, incidentally \u2013 spends the rest of her columns complaining strongly and occasionally erroneously and distastefully about people and events in the UK. Meanwhile, Stormzy \u2013 born here, incidentally \u2013 doesn\u2019t seem to get to have similarly strong and occasionally erroneous and distasteful views about people and events in the UK. Why? If nothing else, a newspaper columnist telling people to be grateful is like a fisherman telling people to be vegetarian. We\u2019re literally in the complaining game, Amanda! Stop cocking up the business model! I can\u2019t help feeling something similarly ironicidal is happening with Nazanin, where a woman is already having her freedom of speech policed by people who think they\u2019re absolute defenders of it. I mean, not to state the fist-gnawingly obvious here, but isn\u2019t the whole point about liberating someone from the clutches of some backward theocracy that you don\u2019t immediately then go and tell her to know her place? Isn\u2019t the point that you tell her to say whatever the hell she likes, how she likes, and don\u2019t wet your big boy pants about it? You don\u2019t have to agree with her. But you don\u2019t get to tell her what to say, much less to say nothing at all. And if the home counties hardliners don\u2019t like it, maybe they could #GoAndLiveInIran? Marina Hyde is a Guardian columnist If you\u2019d like to hear this piece narrated, listen to The Guardian\u2019s new podcast, Weekend. Subscribe on Apple, Spotify, or wherever you get your podcasts."}