{"headline": "Waiting for racial justice from Boris Johnson\u2019s government? You\u2019ll have a long wait", "standfirst": "Ministers have squandered a chance to make real change for the millions facing policing, housing, health and education inequalities", "author": "Simon Woolley", "date": "Tue 22 Mar 2022 14.15 CET", "text": "Every so often it pays to look in the mirror. Who are we as a country? What do we look like? And then perhaps to look at the mirror itself. Is the reflection a true one?The government has been given that opportunity after being obliged to respond to the issues and assertions raised by the Commission on Race and Ethnic Disparities released last March, otherwise known as the Sewell report.It called for reflection on a massive scale. The Sewell report, we should not forget, was a response to the biggest and longest race protest in the UK in recent memory. It was also the most divisive, inaccurate and politically driven race equality report ever written.With Sewell and his allies having failed to grasp the moment, and ministers mindful of the huge public backlash to the report having adjudicated, how should we see ourselves? In marginally better shape, perhaps. But in terms of equality, anti-racism and life chances, no one can plausibly say we are in good health.There is good news. Let\u2019s start with that. For the first time, the government has acknowledged that Black and Asian communities, who are some of the poorest in the north of England, could be beneficiaries of levelling up. It\u2019s not much. But it suggests a dilution of the culture wars approach that said \u2018taking the knee\u201d, for example, is somehow against the interest of white working-class people.How much of that recalibration is due to the fact that the driving force behind the Sewell report, Munira Mirza, the former policy adviser at No 10, is no longer in post? With her gone, has Sewell\u2019s influence itself been diluted? I was one of the first to give evidence to his commission. For an hour and half, Sewell clearly and unapologetically paid little attention to my plea for a comprehensive race equality strategy based on the glaring inequalities. Instead of listening to me, he paraded his own mindset. \u201cSimon, it\u2019s a class rather than a race thing,\u201d he said. \u201cThat\u2019s where our focus should be.\u201d I, while not denying huge class inequalities, informed Sewell that his commission was tasked to deal with race inequality \u2013 which, if he bothered to look, stares relentlessly at us from every social demographic of Black, Asian and minority ethnic life in Britain, but particularly in working-class communities. It is a measure of the report\u2019s failure that even this, at times, illiberal government has sought to distance itself from it, but the fix devised by ministers is a mass of contradictions. They admit that racism exists but insist it\u2019s not systemic, yet they then call for a systemic approach. They claim race inequality campaigners uphold race as the sole discriminatory factor. That is not true. It has never been true. The world is complicated and discrimination is multifacted. When you consider the brutal violation of Child Q, the 15-year-old black girl so outrageously strip-searched by the police at school, you see violations of race, class and gender in one act, all at once.There are reasons now to be relieved (but certainly not grateful). At last, the government demands better practices from stop and search; black youths are nine times more likely to be subjected to the humiliating ordeal. Ministers talk about strengthening the Equality and Human Rights Commission to take on more race inequality cases. That sounds hopeful, but what about the money? I know as a former equalities commissioner that its budget was slashed by the Tory-Lib Dem coalition from \u00a370m to \u00a317m. That was how much they cared then. Do they care so much more now?And do they care about health, education and fair pay, as each affects minority communities? We don\u2019t really know, because all are partially addressed: the subjects of warm words and partial promises.There has been no giant leap. There is still no overall race equality strategy rooted in policy or direct action initiatives. What we have is hotch-potch assurances predicated on more research, which will probably take another couple of years. Were you hoping for sustainable equality or even a proper step towards it? You\u2019ll have a long wait. In May 2020, George Floyd was murdered. Global protests began and here in Britain, hundreds of thousands of young black and white protesters took to the streets. Some people, aping the words of Sewell\u2019s report, patronised their \u201cwell-meaning idealism\u201d, but they couldn\u2019t have been more wrong. Surely it was realism \u2013 about where we are as a society and where we should be \u2013 that drove their calls for real racial equality and lasting change.So after Sewell, after the government\u2019s response, what do they now see when they look in society\u2019s mirror? A different reflection from much of their country, a society still distorted by unfairness. It shames us that this disparity, in lives and perception, endures. Lord Simon Woolley is the former CEO of Operation Black Vote. He was chair of the No 10 race disparity unit until July 2020"}