{"headline": "A tale of two towns \u2013 one in the north, one in the south \u2013 exposes the lie of \u2018levelling up\u2019", "standfirst": "Instead of fixing the inequalities that run across the UK, Johnson\u2019s Tories are combining culture war with electioneering", "author": "Aditya Chakrabortty", "date": "Wed 2 Feb 2022 19.28 CET", "text": "It is a scene of little drama, yet says so much that it stays in my mind. A couple of years ago, I was reporting in Ashington, Northumberland, as Labour activists debated what to offer voters in the approaching mayoral elections. The meeting room was inside the library, which was inside the council\u2019s gym, which was inside a shiny great glass and steel hulk knocked up by Carillion, the giant that used to hoover up those PFI contracts \u2013 until it went bust. A town built on coal, Ashington had been home to the Pitmen Painters \u2013 the extraordinary band of miners who turned themselves into artists \u2013 but that economy and its traditions were long gone. The morning had been spent on a fairly fruitless round of door-knocking nearby, the voters glaring at the Labour members as if they were bothersome Jehovahs, while the wind whipped in from the North Sea. On one side of the library stood a huge Asda, on the other a big Lidl, offering their customers cheap food and their workers low wages. This was today\u2019s vista: a bombed-out economy, an electorate estranged from politics, and a visibly shrinking public sector getting picked over for cash by a parasitic private sector. You couldn\u2019t ask for a clearer picture of austerity Britain.At the end, I was collared by a woman. She\u2019d been a teacher nearby and she wanted me to understand that, for her kids, places such as the Guardian, parliament and the Natural History Museum were impossibly far away. Long hours on the coach required cash their parents didn\u2019t have and days their schools couldn\u2019t afford. \u201cThey\u2019ve never been to central London,\u201d she said. \u201cThey live in a different country.\u201d Put those elements together and you have both catalyst for and cause of Boris Johnson\u2019s levelling-up agenda. These are what Michael Gove calls the UK\u2019s \u201coverlooked and undervalued\u201d communities. Punished by Margaret Thatcher, patronised by Tony Blair and cut adrift by the Westminster classes, they reacted in 2016 by voting in vast numbers for Brexit, then in 2019 turning swaths of the electoral map from red to blue. The MP for Ashington and the surrounding areas is ex-miner Ian Lavery, who in 2010 inherited a diehard Labour seat. At the last election, he won a majority of just 814. Which brings us to the crux of the Conservatives\u2019 \u201clevelling-up\u201d problem. If Johnson is to win another election, he needs these voters to turn out again \u2013 especially given Tory vulnerability in previously true-blue seats such as Chesham and Amersham, which turned Lib Dem long before the public had ever heard the phrase \u201cwine suitcase\u201d. Yet ministers will not spend the billions, nor introduce the serious changes that could help places like Ashington. From infrastructure to education, all Johnson has to offer is old money and reheated policies. Everything else is in Rishi Sunak\u2019s Treasury war chest, ready for his rainy-day tax cuts. Nor can the Tories prove any serious commitment to this agenda, least of all Gove, who has spent the past decade voting through cut after cut to local council funding. So what do they do instead? Two things. First, they divert some small change from London and the south-east towards the places the Tories won in 2019 \u2013 seats such as Darlington and Wolverhampton South West. Second, they follow Gove\u2019s lead and unleash rhetorical bombast against the so-called elites in London. In short, they turn policy into posture and an economic problem into a culture war. Listen to Gove this week: the divide in this country, he says, is between \u201cworking people\u201d and \u201cmetropolitan condescension\u201d, singling out for attack residents of Notting Hill. Coming from a founder of the Tories\u2019 Notting Hill set who is selling a \u00a32m house in Kensington, that\u2019s pretty rich. But he has chosen his target well: London is now a red metropolis. It is no country for old Tories. What makes Gove\u2019s tale powerful is that it contains some truth. What makes it poisonous is that it purposely covers up the whole story. It talks about Notting Hill but ignores Grenfell. It bangs on about \u201cthe London media\u201d but never asks why the media doesn\u2019t then look more like ordinary Londoners \u2013 40% of whom are black or brown or from an ethnic minority. (That might just liven up the comment pages of the Times.) On almost any measure, London does better than any other region in the UK, but much of this prosperity is enjoyed by a tiny minority. Factor in the sky-high cost of buying or renting in the capital, and as academic Jack Brown puts it in his recent book The London Problem, the truth is: \u201cLondoners are working harder and longer for less and less reward, compared with the rest of the country.\u201d Almost as many Londoners live in poverty as would make up the entire population of the north-east. You could clear the city of Manchester of every one of its residents and stuff it with children from London stuck below the poverty line and still need more room. Over the past 18 months, I have been visiting a primary school down the road from where I grew up in Edmonton, in the outskirts of north London. It is an area that played a huge part in the light-industrial revolution that swept the UK and the world, but now all those factories have gone and so has the economy \u2013 in a manner that the residents of Ashington would recognise. Teachers talk about how many of their kids leave because their parents have no proper housing. One girl aged about 10 spent a year riding with her mum on the top deck of night buses, because they had nowhere else to sleep. And they talk of how their pupils never visit the museums and attractions just half an hour away on the train. A teacher told me, \u201ccentral London might as well be another planet\u201d. The phrase sounded familiar. The data research firm CACI provided me with profiles of central Ashington and Edmonton Green. In many ways, they look alike. Household income is, if anything, higher in central Ashington, while private tenants in my old neighbourhood spend almost triple their counterparts in the north-east on rent. Overall, the Londoners, my Londoners, make do with half the disposable income of those in Ashington. The one big difference is that residents of Ashington are older and 98% white, whereas Edmonton has families from Bulgaria, Romania, Turkey, Somalia and south Asia. Whether from the north or the south, economically these people are in the same boat \u2013 which makes it vital for the Tories to harp on about their cultural differences. Rich remainers, citizens of nowhere \u2026 you know the rest. These towns and suburbs haven\u2019t somehow failed to keep up with the country; the country has failed them. Capital has sucked all it can from Edmonton and Ashington and Newport and Dundee \u2013 and it has cut and run, to get its fuel and workers cheaper elsewhere. It is the same problem all over, albeit with varied expressions. The job is not to level up, but to change course entirely.  Aditya Chakrabortty is a Guardian columnist"}