{"headline": " Why are US rightwingers so opposed to a Black woman supreme court nominee?", "standfirst": "The right\u2019s alarmed reaction to Biden\u2019s pledge to nominate a Black woman to the supreme court reveals the conservative siege mentality", "author": "Thomas Zimmer", "date": "Wed 2 Feb 2022 12.24 CET", "text": "When Joe Biden publicly pledged to nominate a Black woman to the US supreme court, conservative politicians, activists, and intellectuals certainly didn\u2019t try to hide their disdain. The announcement was \u201coffensive,\u201d Texas Senator Ted Cruz argued, proof that the President didn\u2019t care about 94% of Americans (everyone who is not a Black woman); and even though it\u2019s unclear who the candidate will be, Mississippi Senator Roger Wicker already knows he won\u2019t support this affirmative action \u201cbeneficiary.\u201d Tucker Carlson railed against Biden\u2019s \u201ccasual racism,\u201d and the conservative legal establishment also vowed to fight against this \u201clesser Black woman,\u201d as Ilya Shapiro, the vice president of the Cato Institute, put it. Legal scholar Jonathan Turley, finally, bemoaned \u201cexclusionary criteria of race and sex\u201d \u2013 which apparently is a problem only if and when they result in the selection of someone who is *not* a white man. Let\u2019s remember: 115 people have been appointed to the court in its 232-year existence \u2013 seven have not been white men. Seven. This rather alarmed response tells us a lot about how the right views the political conflict, precisely because it is seemingly at odds with the fact that the conservative majority on the court is not in jeopardy. Any assessment of these reactions must start by recognizing their racist and sexist nature. They are revealing precisely because they were so reflexive, so visceral. Misogynoir \u2013 anti-Black misogyny - forms the basis of this conservative scorn. But there is something else on display here too. A Black woman replacing Justice Breyer won\u2019t change the court\u2019s arithmetic. And yet, conservatives still feel threatened by Biden\u2019s announcement because they understand it symbolizes the recognition that having white men dominate the powerful institutions of American life is a problem \u2013 and that rectifying this imbalance is an urgent task. They reject the notion that the country\u2019s institutions should reflect the composition of the people; they know representation matters, and that a Black woman ascending to a position like this is also an acknowledgment of past injustice. Conservatives see Biden\u2019s announcement as an indication of how powerful the forces of liberalism, \u201cwokeism,\u201d and multiculturalism \u2013 those radically \u201cUn-American\u201d ideas that are threatening \u201creal\u201d (read: white Christian patriarchal) America \u2013 have already become. In this way, Biden\u2019s pledge is perceived as yet more evidence that the Right is on the retreat. It is impossible to understand conservative politics in general without grappling with this pervasive siege mentality. The fact that a reactionary majority will dominate the supreme court for a generation doesn\u2019t do much to alleviate these fears. The Right doesn\u2019t look at the Court in isolation, but considers the judiciary as part of an all-encompassing conflict over the fate of America. And conservatives understand clearly that this conflict isn\u2019t confined to the political realm, but plays out in all areas of American life: it defines politics, society, culture \u2013 and in some of these spheres, conservatives are indeed losing. The Right is reacting to something real: due to political, cultural, and demographic changes, the country has indeed become less white, less conservative, less Christian. The balance of political power doesn\u2019t (yet) reflect that, as the US system has many undemocratic distortions and is deliberately set up in a way that disconnects these changing demographic and cultural realities from political power. But conservatives realize that their vision for American society has come under pressure. Nothing symbolized this threat to white dominance like Barack Obama\u2019s presidency - an outrageous subversion of what reactionaries understand as America\u2019s natural order, made worse by the fact that the first Black president managed to get re-elected with less than 40% of the white vote. Republicans are attempting to undermine democracy because they are under no illusion about the lack of majority support for their preferred version of \u201creal\u201d America. The fact remains that conservatives have secured a stable majority on the supreme court, thereby guaranteeing that the court will support the reactionary political project. But it is not just political power they seek, but cultural domination and affirmation. In the cultural sphere, the shift in power away from white conservatives has been more pronounced, leading to the recurring rightwing moral panics of recent years. The freak-outs over #MeToo, \u201ccancel culture\u201d and \u201cwokeism\u201d are reactions to the fact that traditionally marginalized groups have indeed gained enough political and cultural influence to make their claims heard and demand a modicum of respect. It has traditionally been the prerogative of a white male elite to determine what is and what is not acceptable in US society. That prerogative has come under fire, and it\u2019s not something the judiciary can fully restore. It\u2019s important to note that it\u2019s really more the potential of losing privilege that is animating these reactionary panics. In practice, the traditional power structures have held up mostly fine. But still, the privileged status of white men has never been under more scrutiny. Put simply, being a member of the white male elite is slightly less comfortable today than it used to be. Against this broader background, conservatives understand Biden\u2019s announcement as evidence that the dreaded forces responsible for the general assault on white male rule keep ascending within America\u2019s institutions. Whether or not it has any immediate effect on the supreme court\u2019s decisions, for a movement centered around the idea that America is a white Christian patriarchal nation, a place where white Christian men have a Right to dominate, a Black woman rising remains a threat. President Biden\u2019s public pledge to nominate a Black woman to the supreme court represents an affirmation of multiracial pluralism. That\u2019s why it matters. It\u2019s an acknowledgment that the traditional dominance of white men was never the result of meritocratic structures, but of a discriminatory system, and that it\u2019s time to dismantle that system. It will help redefine what the American political, social, and cultural elite looks like \u2013 reshaping ideas in the collective imaginary of the nation of who gets to be at the top. As multiracial, pluralistic democracy is under assault, that matters a lot. Thomas Zimmer is a visiting professor at Georgetown University, focused on the history of democracy and its discontents in the United States, and a Guardian US contributing opinion writer"}