{"headline": "Johnson\u2019s \u2018Brexit freedoms bill\u2019 won\u2019t set us free. But it will reward his supporters", "standfirst": "The wealthy ghouls who fund the Tory party expect their quid pro quo \u2013 and this legislation will deliver it", "author": "George Monbiot", "date": "Wed 2 Feb 2022 09.00 CET", "text": "To adapt Ronald Reagan\u2019s adage, the nine most terrifying words in the English language are \u201cI\u2019m from the government, and I\u2019ll set you free.\u201d Every time this government says freedom, it means freedom for someone other than you. Seeking to distract us from his own pursuit of freedom during lockdown, this week Boris Johnson announced what he calls a Brexit freedoms bill. Its purpose is to accelerate the removal of EU rules from our legislation, and to \u201ccut \u00a31 billion of red tape for UK businesses\u201d. This announcement happened to fall on the first day of the final stage of the inquiry into the Grenfell Tower catastrophe, which will investigate the role of government. It will explore the long history of \u201ccutting red tape\u201d that likely led to this disaster. A timeline published by Inside Housing shows how the process began with Margaret Thatcher\u2019s 1984 Building Act, which deregulated the industry and part-privatised building control. It continued with the decision by Tony Blair\u2019s government to ignore the recommendations of a parliamentary committee, that all cladding should be \u201centirely non-combustible\u201d. Later, in 2005, Blair\u2019s government transferred responsibility for assessing fire risk from the fire service to building owners, a classic exercise in self-regulation. In the same year, it relaxed restrictions on the use of combustible insulation on tall buildings. In 2011, David Cameron announced a programme to \u201ccut red tape\u201d. His government later boasted that, under this scheme, \u201cbusinesses with good records have had fire safety inspections reduced from 6 hours to 45 minutes\u201d. In 2012, his minister Eric Pickles repealed crucial fire safety measures in the London Building Act (1939). In the same year, Cameron announced that he would \u201ckill off the health and safety culture for good\u201d. No new regulation, he decreed, could be introduced unless two were removed. In 2014, the housing minister Brandon Lewis used this rule to justify rejecting the call by MPs to make sprinklers mandatory in tall buildings. In 2016, Cameron\u2019s rule was ramped up: three regulations would have to be removed for every one introduced. The Conservative MP leading a government review into \u201ccutting red tape\u201d, Oliver Letwin, toyed with the idea of scrapping building regulations altogether. On the morning of 14 June 2017, a panel working for Letwin\u2019s review met to consider whether EU rules on the fire resistance of cladding materials should be dismantled. A document produced for the review described these rules as \u201cred tape folly\u201d. As the panel discussed the issue, Grenfell Tower burned, and 72 people were killed. When politicians like Johnson, Cameron and Blair inveigh against \u201cred tape\u201d, as often as not they mean the public protections that permit a safe and decent life. These include the rules that prevent workers from being exploited and elderly people from being scammed. They include the rules that stop food manufacturers loading their products with sugar and fat, and prevent tower blocks from being incinerated. They include the rules that stop our rivers being turned into sewers and the air from poisoning our lungs. Freedom for the builder is jeopardy for the residents. Freedom for the boss is exploitation for the worker. Freedom for the driver is death to the pedestrian. Freedom for the food business is sickness for the consumer. Freedom for the water company is rivers full of sewage. Freedom for the oil company is an uninhabitable planet. Interestingly, the government press release announcing Johnson\u2019s Brexit freedoms bill also celebrated \u201cending free movement\u201d. Clearly, Brexit\u2019s freedoms are not universal. In fact, the bill appears designed to circumvent democratic freedoms, using Henry VIII powers to cut regulations without parliamentary scrutiny. It also seems to have terminated some of the democratic freedoms of Scotland, Wales and Northern Ireland, as their governments were not consulted. But this bill is the point of Brexit. The multimillionaires who funded the campaign to leave the European Union sought freedom from the decencies they owe to other people, freedom from the restraint that defines civic life. Our country has been torn apart in the civil war within capitalism: between the businesses seeking stability and predictability, and the asset-strippers and oligarchs who want to rip everything down and then sift the rubble for gold. While the Conservatives attack public protections, genuine red tape \u2013 that is, pointless form-filling and officialdom \u2013 has boomed. A central feature of the neoliberal revolution that brought Boris Johnson to power is a proliferation of corporate and governmental bureaucracy: new barriers to obtaining public services, an impenetrable thicket of train franchises and test-and-trace companies, the life-consuming nightmare afflicting people stuck in unsellable flats clad in flammable materials, the paperwork in which importers and exporters are now drowning, the endless queues at Dover. As a paper in the journal Safety Science shows, deregulation causes chaos, and chaos causes bureaucratic overload. Far from liberating the nation from red tape, government assaults on public protection tie us up in knots. It is not we who are being set free. It is a particular class of capitalists, who fund the Conservative party and protect the politicians who deliver for them, regardless of public disgust. I\u2019m talking about the property developers, money launderers, suppliers of dodgy PPE, newspaper proprietors and the other wealthy ghouls who have formed a square around the prime minister. Freedom for them is misery for us. George Monbiot is a Guardian columnist"}