{"headline": "The \u2018levelling up\u2019 white paper has dashed my hopes for the north of England", "standfirst": "There are buzzwords and talk of \u2018missions\u2019, but no additional funding, let alone an actual plan to redress the UK\u2019s inequalitiesKarl Holbrook is the editor of the Northern Echo", "author": "Karl Holbrook", "date": "Wed 2 Feb 2022 18.03 CET", "text": "We are sick of being let down. That\u2019s the truth of it. The north of England has a history of being overlooked by both Labour and the Conservatives, so when Boris Johnson declared he was going to \u201clevel up\u201d Britain, many who were proud to hail from beyond the M25 were willing to hear him out \u2013 regardless of their normal political persuasions. The promise of a burgeoning north recovering at last from years of underinvestment and neglect convinced dyed-in-the-wool Labour voters to switch allegiances. Johnson\u2019s blue band of parliamentary newcomers broke the \u201cred wall\u201d in constituencies from Bury to Bishop Auckland in 2019. And it\u2019s no wonder \u2013 Labour, which had controlled these councils and parliamentary seats for generations, was just as guilty of letting down many of these traditional working-class communities. The political stars, it seemed, were aligned for a once-in-a-generation event: a government empowered by an 80-seat majority, elected on the promise of raising up the forgotten-about areas of the north. It was as welcome as it was overdue \u2013 all we needed to know was what it actually meant in practice. Primed with an array of buzzwords, soundbites and promises, we waited for the clarity that would turn the slogans into action. The pandemic hit. So we waited some more. We were dazzled by talk of the levelling-up fund and the towns fund. We kept waiting. We were told all would become clear in the white paper. The white paper was delayed. Now the wait is finally over. To be honest, I wish we were still waiting \u2013 because at least waiting allows for some hope. This white paper feels like the ailing levelling-up agenda taking its dying breath as a hapless Michael Gove runs around with a defibrillator, assuring us that everything will be OK. The trouble is, the defibrillator isn\u2019t plugged in \u2013 or at least the electricity bill hasn\u2019t been paid (probably because they can\u2019t afford the spiralling prices). Few would disagree with the white paper\u2019s 12 \u201cmissions\u201d, from cutting crime to narrowing gaps in life expectancy and investing in research projects outside the south of England. Yet these 12 targets are not accompanied by new funding beyond that already announced in the spending review, and several comprise just another set of slogans and buzzwords \u2013 from \u201cpride in place\u201d, which will apparently \u201crise across the UK\u201d, to a promised increase in \u201cwellbeing\u201d. The plan smacks of a rush job, with one person briefed on the plans before the white paper\u2019s release telling the Guardian that the 12 targets were \u201call over the place\u201d, adding: \u201cOne is about raising life expectancy, and it literally had \u2018by X\u2019 in the draft when I saw it.\u201d The full white paper is more than 300 pages long but is similarly scattergun and vague. It includes a timeline showing the largest cities in the world since 7,000BC, as though the solutions to inequality in Britain might lie in discussion of Jericho or Thebes rather than a bit closer to home. Steve Rotheram, mayor for the Liverpool city region, argues that it\u2019s little more than a long retelling of old ideas: \u201cAlthough there were a few encouraging elements, it is largely a rehashing of things we have already heard before \u2026 It reads like a recipe cooked up during Veganuary \u2013 something severely lacking in meat.\u201d The reality is that without clear strategies, measurable targets and proper funding we can\u2019t tackle the entrenched divisions we face \u2013 and nothing materially new has been added to the debate by this white paper despite the years of promises. There is little here that can really tackle the divide between north and south, rich and poor \u2013 which all too often are really the same things. And Labour can get off its soapbox too. Yes, the Tories have been in power long enough to have made a difference, but this issue didn\u2019t appear from nowhere in the past decade. Unlike Covid, the virus of inequality spread slowly and cruelly throughout the 20th century and into this one, through a lack of a clear post-industrialisation strategy and through privatisation. Tony Blair\u2019s vision of Cool Britannia brought the Gallagher brothers to Downing Street but didn\u2019t create lasting jobs in Hyndburn, my home town, where the crumbling industrial mills still stand in testimony to generations of neglect. Johnson\u2019s government was right that something radical needed to change \u2013 but it has failed to identify what that is or how it is going to do it. Analysis by the Guardian based on the levelling-up funding announced so far has found that the council in Accrington, my home town, will receive just \u00a32.85 a head, while Sajid Javid\u2019s constituency, Bromsgrove in Worcestershire, will receive \u00a3148 per person \u2013 a total of nearly \u00a315m. It\u2019s already one of the wealthiest areas in England. We know the pandemic put pressure on public finances but you can\u2019t spend \u00a315m in one of the wealthiest areas of the country and nothing in Knowsley, one of the poorest, and call it \u201clevelling up\u201d. And you certainly can\u2019t plaster over that fact with 12 new slogans masquerading as missions and expect us to keep buying it. Northern voters came out in their droves at the last election in the hope of some real change. This white paper is a worrying sign that it is all adding up to another hollow promise. This northerner, for one, has had enough of waiting. Karl Holbrook is the editor of the Northern Echo"}