{"headline": "Normcore started a horrible trend \u2013 and not just for sensible shoes", "standfirst": "Since this term was created we have had goblincore, and even Covidcore. But this year has brought the worst iteration ...", "author": "Arwa Mahdawi", "date": "Wed 2 Feb 2022 08.00 CET", "text": "Remember normcore? Back in 2014, a far more innocent time, a bunch of friends coined the term as tongue-in-cheek social commentary. It was supposed to describe a \u201cpost-authenticity coolness that opts in to sameness\u201d. A journalist got wind of the word and published a piece describing the trend in rather more user-friendly terms \u2013 ie all the cool kids are wearing sensible shoes and dressing like Jerry Seinfeld. Suddenly, normcore was everywhere. New York magazine declared Pope Francis \u201cour normcore Pope\u201d. Vogue crowned the Duchess of Cambridge \u201cthe Duchess of Normcore\u201d. Nobody seemed to really care what normcore actually meant; they just liked saying it. For good reason: it\u2019s a strangely satisfying word. Normcore eventually faded from the headlines but it didn\u2019t entirely disappear. \u201c-core\u201d became the new \u201c-gate\u201d: irresistible linguistic Lego that you could attach to almost anything. Cottagecore had a moment. So did Regencycore, warcore, gorpcore, pearlcore, Covidcore, goblincore and mushroomcore. Blimey. Long story short: there have been a bunch of rotten cores over the years. Almost too many to choose from, really. However, I have been staying au courant with the issue and I reckon I\u2019ve found the worst iteration yet: \u201cKidcore\u201d. According to a recent piece in the Wall Street Journal, that noted chronicler of the cutting edge, it\u2019s very hot right now. Per the Journal: \u201cKidcore \u2013 a fad that sees adult men conjure their tweenage years with expressive, if juvenile, outfits \u2013 has thrived during the pandemic\u201d and may be the big men\u2019s fashion trend of 2022. Well, I\u2019m certainly glad something thrived during the pandemic. Still. Please can we cut the -cores already? Eight years is a very long time for a gag to go on. Even I retire my jokes sooner than that. Arwa Mahdawi is a Guardian columnist"}