{"headline": "The Guardian view on Wordle: let the game stay free", "standfirst": "Joyful and innocuously addictive, the online word game harks back to a more innocent age. The new owners must respect its spirit", "author": "Editorial", "date": "Wed 2 Feb 2022 20.13 CET", "text": "Smart daily brain tease works magic, makes eager crowd happy, later turns truly viral \u2013 until game\u2019s adept maker earns great money (ample Times bucks). Yes, it is sometimes hard not to think entirely in five-letter words after an encounter with Wordle, the online game that requires participants to guess a five-letter word in six tries. It was quietly launched last October by Josh Wardle, a Welsh, Brooklyn-based software engineer who created it for the amusement of his partner. In November, its users numbered a few hundred. Now, they are in the millions. Mr Wardle has sold the game to the New York Times for a seven-figure sum \u2013 having previously said that he felt somewhat overwhelmed by the responsibility to the game\u2019s fans to keep the site running perfectly. Wordle\u2019s (and Wardle\u2019s) success is entirely deserved, even though it is sad to see the plucky, independent puzzle sucked up into the insatiable maw of big business. The game seems the apogee of simplicity, but in fact that is deceptive; it is pitched to utter perfection. Its ultimate ancestor is probably Scrabble, and it has that look about it, with its colour-coded virtual tiles. There is nothing off-puttingly high-concept about the game \u2013 it appeals across the generations and it is easy to grasp how it works. It takes but a few moments to complete it, too; rare are the days that players find themselves entirely outfoxed. But it has just enough difficulty to feel teasing and testing. Finishing the game brings with it a burst of satisfaction \u2013 whether that\u2019s a feeling of delight at solving the puzzle in two (fluke?) or three (fortunate?) goes, or the sensation of relief at managing to crack it at the last possible opportunity. Players build up their own ways of playing, some beginning each new game with the same, intensely considered \u201cstarter word\u201d, others throwing caution to the winds with a random guess. (Sharing one\u2019s regular starter word, it turns out, is an oddly intimate thing to do.) At a time when many people long for reassurance, the game provides precisely that. Like the readers of a well-plotted detective story, its players are made to feel smart. There\u2019s a great appeal, too, in the way that Wordle breaks the supposed rules of what works online. Instead of bugging its users with prompts and alerts, players must remember to seek it out. Refreshingly it offers only one game a day \u2013 you cannot fritter hours away on Wordle (except by playing in other languages \u2013 many versions have sprung up, from Spanish and German to Welsh, Gaelic and even Latin). At the same time, it cleverly allows its users to share the day\u2019s results, without specific spoilers, so that friends and family can compare the day\u2019s game. Only the harshest of critics would begrudge Mr Wardle his windfall. He has announced that the New York Times will keep the game free to access \u2013 and he is working with them, he says, to make the transition to the paper\u2019s site as smooth as possible. The New York Times, for its part, must take its duty of care seriously. Even to consider hiding Wordle behind a paywall would be against the innocent spirit of this wholly delightful game."}