{"headline": "It\u2019s not just Whoopi Goldberg: Americans are deeply misinformed about the Holocaust", "standfirst": "While Whoopi Goldberg\u2019s ignorance of the Holocaust is painful, it is far from striking. Many Americans don't know what it is", "author": "Cas Mudde", "date": "Wed 2 Feb 2022 19.24 CET", "text": "On Tuesday, Whoopi Goldberg was suspended from The View for stating, with striking confidence, that the Holocaust was \u201cnot about race\u201d. She made the statement just days after National Holocaust Remembrance Day, when celebrities and politicians around the world had remembered the darkest period in world history, the racist genocide of 6 million Jews, roughly two-thirds of European Jewry, by Nazi Germany. Most emphasized the importance of remembering this horrific part of history to ensure \u201cnever again\u201d. Goldberg\u2019s comments were also made a week after a Tennessee school board banned the Pulitzer-winning Holocaust graphic novel Maus from schools. While Goldberg\u2019s ignorance of the Holocaust is painful, it is far from striking. Many Americans cannot even remember the Holocaust, because they don\u2019t know what it is. For instance, a 2018 poll by the Pew Research Center found that just 62% of Americans know that the Holocaust refers to the extermination of Jews. Almost half (49%) know that 6 million Jews were killed. Although these numbers are up from 1993, where they were 54% and 35%, other polls confirm that knowledge remains limited at best. The 2020 Pew edition of \u201cWhat Do Americans Know About the Holocaust?\u201d finds that \u201cmost US adults know what the Holocaust was, and approximately when it happened, but fewer than half can correctly answer multiple-choice questions about the number of Jews who were murdered, or the way Adolf Hitler came to power\u201d. There is little difference in terms of age, gender, partisanship or region, but \u201crace\u201d differences are quite big, with black people having on average 1.2 of the four questions correct, Hispanics 1.7, and white people 2.5. Obviously, this is strongly related to level of education, another important variable to explain differences \u2013 as is whether you know someone who is Jewish. Previous studies have reported equally disturbing findings, including a bigger gap between the (lack of) knowledge of older and younger Americans. For instance, a 2018 poll by Schoen Consulting found that 31% of Americans thought 2 million or fewer Jews died in the Holocaust, while the percentage was 41 among millennials. It also reported that 41% of Americans did not know that Auschwitz was a Nazi extermination camp, and just one-third of millennials did know. This shocking lack of knowledge is not without consequences. You can\u2019t learn lessons from the past without knowledge of the past. Even if people know roughly what the Holocaust means, if they don\u2019t know roughly what happened and why it happened, \u201cnever again\u201d might become wishful thinking. In fact, 58% of Americans think \u201csomething like the Holocaust could happen again\u201d. With antisemitism on the rise, in terms of verbal and physical violence, knowledge becomes even more crucial. Pew found that people with more knowledge about the Holocaust have \u201cwarmer feelings\u201d towards Jewish people. This will hopefully help inoculate them against the antisemitism they encounter in the public debate, from such diverse voices as Nation of Islam leader Louis Farrakhan, to some of the critique of Israel, to, most problematically, the far right, including the former president. Interestingly, Americans agree wholeheartedly. A staggering 93% of Americans believe that \u201call Americans should learn about the Holocaust while at school\u201d, and 80% say it is important to keep teaching about the Holocaust so it doesn\u2019t happen again. A rare bipartisan consensus, which should make the implementation easier. There is already a wealth of excellent Holocaust educational material available from organizations like the Anti-Defamation League, the International Holocaust Remembrance Alliance, the United Nations and the United States Holocaust Memorial Museum. While most of these materials are aimed at the teachers, a new graphic adaptation of Anne Frank\u2019s diary might be a particularly good tool to reach children from Generation Z (as well as millennials). Anne Frank\u2019s Diary: the Graphic Adaptation is a beautifully illustrated graphic novel that conveys the key messages of the seminal text. While there are some problems with the depth and scope of the story, as well as with the representation of the writer Anne Frank, it might do a better job than the original in reaching generations that are more visually oriented. Whatever the book or movie chosen, it is crucial that the Holocaust is taught again at US schools. And not just the bare facts, but the process that led to this horrific event. While I disagree with the popular \u2013 and profitable \u2013 warnings of a new fascism, there is no doubt that antisemitism and the far right are challenging US democracy in an increasingly violent manner. If we don\u2019t educate our young and our old, history might indeed repeat itself and \u201cnever again\u201d will prove little more than wishful thinking. Cas Mudde is a Guardian US columnist and the Stanley Wade Shelton UGAF professor in the school of public and international affairs at the University of Georgia"}