{"headline": "As his \u2018fauxgan\u2019 act wears thin, desperation is driving Scott Morrison deeper into the dress-up box", "standfirst": "Serious times require serious leaders. You may not like Anthony Albanese but he\u2019s telling you who he is", "author": "Van Badham", "date": "Thu 17 Mar 2022 00.06 CET", "text": "Toot! Toot! All aboard the Australian election boat! The ship captain today will be Scott Morrison, as you can tell from the adorable costume he\u2019s wearing. He will also be your hairdresser, your waterboy and something vaguely industrial in sumptuous high-vis. Look! He\u2019s even sweeping a basketball court! This is a man who has FUN HATS for every occasion. He loves beer, once posed like a recently smacked, shaved mammal in a barre class and he\u2019ll be your uke-strummin\u2019, ridgey-didge real Aussie bloke, your daggy dad and your father figure \u2019til the end of time. Or until the end of his reign as prime minister \u2013 although, dear god, doesn\u2019t that seem just as freakin\u2019 eternal? Why does the Australian prime minister affect more costume changes than a Ru Paul\u2019s Drag Race cabaret act in an exploding dress factory? Because, uh, he wants you to know he\u2019s not pretending to be anyone else. He actually said this \u2013 aloud! In front of a camera! \u2013 on an episode of Paul Murray Live. He was criticising the Labor leader, Anthony Albanese, his rival in the upcoming election, for having the raw, transformative temerity to lose a bit of weight, get new glasses and buy some new suits. \u201cI\u2019m still wearing the same sunglasses,\u2019\u2019 Morrison insisted to Murray, \u201cSadly, the same suits. I weigh about the same size and I don\u2019t mind a bit of Italian cake.\u201d And then he repeated: \u201cI\u2019m not pretending to be anyone else.\u201d It was an extraordinary claim, not only because it flew in the face of recorded-in-photography years of Morrison\u2019s relentless costume parade of pretending to be literally anything apart from a head of government running a trillion-dollar economy at a time of war, environmental disaster and peril. It was also because Morrison\u2019s own office has spoken of his \u201cdramatic slimdown\u201d to the media. The Daily Mail retrieved 2018 articles of Morrison accompanying his Liberal leadership victory with weight loss. Opposition MPs delighted in sharing news reports from the Australian \u2013 no less \u2013 of Morrison celebrating his 53rd birthday, less than a year ago, swapping out cake for a dieter\u2019s \u201cMan Shake\u201d. Do I think Australia\u2019s prime minister is a liar? To quote Emmanuel Macron \u2013 directly, he was talking about Morrison \u2013 \u201cI don\u2019t think, I know.\u201d And so, apparently, do an increasing number of Australians, who have pounded Morrison\u2019s standing in the polls, giving Albanese\u2019s party a clear lead and even drawing the Labor leader dead equal to established-brand Morrison as preferred PM. More polls reveal he is considered Australia\u2019s most untrustworthy prime minister since such a question was deemed necessary. Every day the obliged election draws closer, and it\u2019s desperation driving Morrison deeper into the dress-up box \u2013 because the falsity used to work. In the context of years of democratic leaders trying to be all things to all people, Morrison\u2019s \u201cfauxgan\u201d working-class drag act used to have electoral purchase because his pretence flattered the specific culture of the bulk of the voters around him. That was in 2019 \u2013 which is not just three years ago. It is a universe away. The effects of climate change are now burning Australia or flooding it. A new variant of the interminable pandemic is causing a global rise in hospitalisations. There is a land war in Europe involving a nuclear-armed dictatorship. These are serious times \u2013 and the idea of politics as entertainment has been a dead brand since the professional comedian leading Ukraine stopped belting piano keys with his knob, donned the khakis and took up arms in Kyiv. Albanese has claimed that being in car accident last year forced a reckoning with his mortality, prompting a health kick and weight loss. The more important awakening, perhaps, came a few months ago when \u2013 at the height of Morrison\u2019s dithering about coronavirus management, even before his ineptitude with the floods \u2013 Albanese realised frustration with Morrison had grown so palpable he could actually win this thing. Was it Morrison\u2019s observable failure to manage that gave Albanese confidence to eschew Labor\u2019s historically unfortunate habit of making leaders indistinguishable from beige carpet in the hope voters might trip and fall on to them? Morrison\u2019s insistence that Albanese slim is less authentic than Albanese pudgy doesn\u2019t work because Albo is an inner-city leftie who has finally \u2013 finally \u2013 decided to let himself look like one. You may not like the Labor leader \u2013 or be like him \u2013 but he\u2019s telling you who he is. This marks him in stark comparison to Morrison who, like a desperate ex-boyfriend, is always pretending to be the person he thinks you want but is never there when he could be of any use. What waters lie ahead as the election ship sets sail, no one can say. Still in the captain\u2019s hat, Scott Morrison plays with his props, sings a few songs and \u2013 unwisely \u2013 gets himself photographed with his cat. It\u2019s clear he will do anything \u2013 anything at all \u2013 to insist you allow him to govern you \u2013 except the part of the job he likes least; governing.  Van Badham is a Guardian Australia columnist"}