{"headline": "Long after Nazanin Zaghari-Ratcliffe is home and Boris Johnson\u2019s gone, we\u2019ll remember how he failed her", "standfirst": "The prime minister\u2019s incompetence cost Nazanin dear. She was a pawn in a chess game, dependent on the judgment of a man who has none", "author": "Zoe Williams", "date": "Wed 16 Mar 2022 15.00 CET", "text": "Just when you thought you couldn\u2019t take any more bad news, a sudden bright spot on the horizon: Nazanin Zaghari-Ratcliffe, along with another detained British-Iranian Anoosheh Ashoori, are flying back to the UK from Tehran airport. Hopefully, they\u2019ll soon be home. It is nearly six years since she was first detained. In that time, she has been imprisoned, separated from her daughter, she\u2019s suffered unimaginable mental distress, and known the cruellest false dawn as her original sentence for spying ended, only for her to be rearrested for \u201cpropaganda activities\u201d. Her husband, Richard Ratcliffe, who has been through two hunger strikes, ended the second with the simple, devastating decision that their daughter \u201cneeds two parents\u201d. In current affairs terms, this news is an island of joy in an otherwise tragic sea, but they are all part of the same ecosystem: the British government has to build bridges with Iran if it wants to end its reliance on Russia as an energy source. Hurdles that were previously insurmountable have suddenly evaporated. It was always well known, thanks in large part to Richard Ratcliffe\u2019s determination, that the imprisonment of Nazanin Zaghari-Ratcliffe was no random act of violence from a hostile state (though both noun and adjective apply); rather, she was taken as part of a strategy of hostage-taking in the recovery of a debt owed by the British government. As detailed in the BBC\u2019s excellent podcast, Nazanin, there is no debate over the legitimacy of this debt and hasn\u2019t been since 2001, when Iran won a case at arbitration at the International Chamber of Commerce. In 1971, the then Shah of Iran paid upfront for more than 1,500 Chieftain tanks, the order for which was cancelled when he was deposed in 1979. By the time judges found in Iran\u2019s favour, 22 years later, the EU had imposed sanctions on the nation and the British argument has been that it couldn\u2019t pay any money directly without breaching the sanctions. So \u00a3400m went into an escrow account, where it\u2019s sat ever since. The Iranians, perceiving the legal route to be exhausted, went down the hostage route instead. This isn\u2019t to say that hostage-taking is a moral or defensible act, only that it wasn\u2019t random or irrational. The US was in a similar situation, owing $400m, with four of its nationals held; they managed to settle the debt despite the sanctions \u2013 in part with airlifted pallets full of actual cash \u2013 and their hostages were returned in 2016. There was a suggestion two years ago that our government wouldn\u2019t follow suit because the Ministry of Defence worried about how Iran might spend the money. What if they used it to bankroll their military agenda in Syria, Yemen and Lebanon? Given that no such qualms have ever interrupted, say, arms sales to Saudi Arabia, this logic is questionable. There was an ongoing motif in that BBC investigation: most of us live our lives, if not oblivious to geopolitics, at least far enough from the action that we only read about it. But what if you suddenly find yourself a pawn on the chessboard? That would be a painful, unjust, Kafkaesque experience for anyone, at any time, but for Zaghari-Ratcliffe, the metaphor collapsed on 1 November 2017, when the then foreign secretary Boris Johnson gave what should have been some routine evidence to the House of Commons. \u201cWhen I look at what Nazanin Zaghari-Ratcliffe was doing,\u201d he said, \u201cshe was simply teaching people journalism, as I understand it, at the very limit.\u201d At the very centre of her defence was the fact that she was in Iran on holiday, visiting her parents, and had never taught anyone journalism or anything else. The Thomson Reuters Foundation, her employers, were very clear on this matter: she wasn\u2019t even a journalist, let alone teaching journalism. With his casual failure to read his brief, delivered in this off-the-cuff, potentially deadly remark, Johnson dragged Nazanin into an altogether darker chess game, one in which she was still a pawn, but dependent on one of the players who didn\u2019t understand the rules and might at any moment upturn the board. Her misfortune was to be reliant on the wisdom and good judgment of a man who has neither. The prime minister could argue that the issue was always the debt, and the question of Zaghari-Ratcliffe\u2019s guilt or innocence was a red herring. In which case, why was he happy for a British national to languish in prison, rather than settle it? What was the long game? Could she have remained there for ever? Conceivably, he could argue that the debt could never be paid, because the regime was simply too immoral; but nothing about that regime has changed, only our own strategic aims and material circumstances. What he will never be able to argue is that Nazanin Zaghari-Ratcliffe was accorded, by him and by the state, the rights, protection and care that a British citizen is entitled to expect. Perhaps his incompetence as foreign secretary is just a sidebar to that fact, but it\u2019s the detail we will remember whenever we think of his time in public office, and even as we rejoice in her return. Zoe Williams is a Guardian columnist"}