{"headline": "Like Nazanin Zaghari-Ratcliffe, I was locked in Iran\u2019s Evin jail. The struggle was trying to stay sane", "standfirst": "Until his release today, British-Iranian Anoosheh Ashoori spent six years in jail. Here is an account, written as an inmate, of his ordeal", "author": "Anoosheh Ashoori", "date": "Wed 16 Mar 2022 14.40 CET", "text": "My name is Anoosheh Ashoori. I live in Evin prison, Tehran, in the valley of hell. I am an Iranian-British dual national, like Nazanin Zaghari-Ratcliffe, except very few people know my name. I was arrested in August 2017 and sentenced to 12 years in jail, and this is how I spend my days and survive. The lights in my windowless room are dimmed by night, but never quite go off. At 6.30am the lights are fully switched on, signalling another day in Section 7, Hall 12, and another day trying to retain my sanity. At 7am, all prisoners sit on the floor waiting for up to 20 minutes to be counted. After this, I eat my breakfast outside the room, and go and sit in the far corner of a patio next to a gaslit stove. This is my place of residence most of the day, and over time it has become known as Anoosheh\u2019s place. The smell on the patio is overpowering due to extraction fans that pump air from the building\u2019s bathrooms, kitchens and toilets and three sewage manholes. Excess food from prison, which amounts to hundreds of kilograms every week (the food being so foul that only the very needy eat it) is thrown on the patio floor and shovelled into these manholes. Scraps often remain on the ground, attracting rats and cockroaches. At one time the main sewer of Hall 1 was clogged and they broke the bricks covering the sewer, which was subsequently left open. I see pieces of faeces floating by every day. I try to spend most of time away from gossip and trouble by reading and studying. In such crowded conditions, arguments can easily escalate into serious confrontation. The test is trying to find ways to remain sane. Until a year and a half ago, we security prisoners were still allowed to mix with other inmates and join classes. But the regime has changed, and now we are only allowed to use the gym for three days a week for two hours, from 10 am to noon. I run for an hour at least every day. I have a plan, or a dream, that I will participate in the London Marathon after my release. The time restrictions in the gym do not allow me to test myself to discover the unexplored boundaries of my existence, but I hope, dear reader, you will be with me to help me when I run in London. Usually, on Tuesdays, the fruit and vegetables that we have ordered the previous week arrive, so I make five or six or seven portions of mixed salads, and put them in the fridge. I purchase chicken, frozen fish, red meat and grill them in the barbecue stove together. I take the multivitamins that my wife sends from Britain. I hope I have the right intake to keep healthy. Then I return to my bed. Having got past lunchtime, I usually call my wife between 2.30 and 3pm. I buy two telephone times in the evening, each worth 10 minutes. There are only two hall-mounted telephones for the 60-plus security prisoners in Hall 12. Fights break out frequently between inmates who are desperate to talk to their families. With no access to the news from the free world or books, the only possible true news is received through our conversations with our families. After ringing my wife, I usually have a nap for 30 minutes and then return to my corner, and spend the rest of the day there. The search for privacy is ceaseless. I cannot spend my whole time alone so I select a small group of inmates with whom I can talk and fill my time. Evin prison has come to be known as the University of Evin, and I understand why. It has some of the most qualified inmates of any prison in the world. We formed groups of five to eight people, and hold classes regularly through the week. We are quite an academic group. Dr AK, a professor in economics, teaches us macroeconomics. Dr HH gives me private lessons on environmental sciences and geography. Mr QM holds classes on how to write novels. Mr MS teaches the fundamentals of genetics. Once or twice a week, I sit with Dr AA and go through the principles of quantum physics. I am practising Spanish with Mr KA. I am even learning Azerbaijani with Mr JD. I myself give two small classes about the basics of aircraft design and anti-earthquake stonework construction. This is how I try to keep busy enough to stop myself going insane in the valley of hell. The second round of head counts is normally just before dusk. After that our hall is locked from the outside and access to public phones is cut at 9pm. Bedtime is 10.30pm. We are continuously fighting against cockroaches, rats and bed bugs. The bed bugs attack all night. Every day, I face a choice: make or break. I tried to kill myself once, when in the torture house called 209. When you hit absolute rock bottom, the only way back up is to rise again, and be reincarnated. I have to stop the feeling of pure rage, or of self-pity. Break isn\u2019t a choice; only survival. I am not the same person who stepped into prison. I know that some people think I must have done something to deserve my time in prison. All I can say to them is that I hope this will never happen to you, as I thought this would never happen to me. So what do I now regret, apart from missing my wife and family? I sincerely and deeply regret that in the past 65 years of my life I have never affiliated myself to any group or ideology. So many times in my years in Iran, I passed by Evin prison, when I invited friends, or had been invited by them, to dine in the posh restaurants on the other side of the hill on which this prison stands. Like many other ordinary Iranian citizens, I remained indifferent, and never wanted to know what was going on behind its walls. I did not want to disturb the relative comfort of my life. Most people say to themselves: \u201cI am not seeking trouble and abiding by the law, and therefore I should be immune from any harm.\u201d But do not think that remaining indifferent when confronted repeatedly by injustice guarantees you from remaining unharmed. There is a passage from the Persian poet Saadi inscribed on a carpet on the wall at the UN headquarters in New York. In English it reads: \u201cAll human beings are members of one frame, / Since all, at first, from the same essence came. / When time afflicts a limb with pain / The other limbs at rest cannot remain. / If thou feel not for others\u2019 misery / A human being is no name for thee.\u201d Anoosheh Ashoori is a retired engineer jailed in Iran after being accused of spying for Israel, charges he always denied"}