{"headline": "The joy of Jackass is not only its stunts, but the gang\u2019s enduring friendship", "standfirst": "The release of the franchise\u2019s fourth film is reason to celebrate two decades of daredevilry that never fails to make me smile", "author": "Hannah Strong", "date": "Fri 4 Feb 2022 14.00 CET", "text": "Last week, the New York Times published an expansive and affectionate interview with Jason \u201cWee Man\u201d Acu\u00f1a, a 48-year-old skateboarder and celebrity who cut his teeth (and likely some other body parts) as a member of MTV\u2019s notorious Jackass crew. It was the latest in a line of publicity ahead of the release of Jackass Forever, the fourth instalment in a film franchise that began in October 2002, when Jackass: The Movie cannonballed into cinemas. Last year, de facto leader Johnny Knoxville was on the cover of GQ and in an article for Vogue, culture writer Emma Specter reflected on the friendships at the heart of the show. With every new instalment, the Rotten Tomatoes score has increased; as reviews flooded in for Jackass Forever, critics were overwhelmingly positive. It is a generally accepted truth, as of 2022, that Jackass is good. It\u2019s a far cry from the outrage that the boys generated at the height of their fame; from the moment the television show first aired on 1 October 2000, notoriety and controversy have not been far behind. The stunts and pranks that Knoxville, Steve-O, Bam Margera and co executed caught the imagination of hapless teens and young adults, who \u2013 despite the show\u2019s myriad warning screens \u2013 sought to emulate their idols by undertaking outlandish (and often dangerous) skits of their own. Injuries, lawsuits and a letter to MTV\u2019s parent company from a concerned state senator followed. The New York Times, back in 2002, seemed generally bemused by Johnny Knoxville. But I\u2019ve always been a true believer. During a miserable coming-of-age, which was plagued by physical and mental illness, Jackass never failed to make me smile, no matter how many times I watched the same stunts. We spend our lives being told to do everything we can to avoid putting ourselves in harm\u2019s way; the wilful defiance of daredevils has entertained the masses for centuries (before Jackass, there was Buster Keaton, before Keaton, there was Harry Houdini) purely because it feels antithetical to how we\u2019re supposed to live. The appeal of Jackass is simple: some things are inherently funny, no matter how juvenile (James Joyce was fascinated by farting, after all.) And it\u2019s not all poo jokes and pratfalls; the artistry that goes into the skits and stunts is very much present in the franchise\u2019s latest outing. The films are known for their bombastic opening sequences and Jackass Forever doesn\u2019t disappoint; while impressive slow-motion camera work and a truly staggering number of camera angles bring stunts to life, the film\u2019s surreal opening \u2013 featuring Chris Pontius\u2019s penis painted green and dressed up as a giant dinosaur, terrorising a small city which his co-stars inhabit \u2013 lays the groundwork for a raucous 96 minutes. Naturally, there are callbacks to earlier fan favourite bits, including Knoxville\u2019s Bad Grandpa Irving Zisman and the \u201cBungee Wedgie\u201d, but the stand-out sketch, \u201cSilence of the Lambs\u201d, involving night-vision goggles, a pitch-black room, rubber snakes and Tasers, reminds us \u2013 in an age of lacklustre YouTube pranksters \u2013 just how skilled the crew really are. Jackass takes a wicked imagination, exquisite planning and a willingness to put one\u2019s body on the line, all in the name of entertaining audiences. There\u2019s also something particularly poignant about this reunion in our present moment. After an extended societal isolation period, where so many of us have seen relationships put on hold, or worse, time spent with friends is more precious than ever. The Jackass gang aren\u2019t without loss; Ryan Dunn\u2019s untimely death in 2011 is still sorely felt, and during production of Jackass Forever, Margera \u2013 who has struggled with addiction and relapse since Dunn\u2019s death \u2013 was banned from the set after allegedly threatening director Jeff Tremaine. The way the rest of the gang speak about these tribulations is mature, with Knoxville reflecting: \u201cWhen someone\u2019s struggling, everyone tries to help that person. And at the end of the day, that person has to want help. Sometimes they don\u2019t. Yet.\u201d This speaks to what is most compelling about the show. While the stars of Friends or Harry Potter might have seemed a little stilted next to each other at their recent reunion shows, Jackass was born out of real-life friendships and a sincere commitment to the collaboration. Miraculously, while artistic fallouts are ten a penny in Hollywood, these bonds have remained intact, and you can\u2019t fake that sort of chemistry. This shines through in Jackass Forever; the stunts and pranks are as boneheaded as ever, but there\u2019s a sense, deeply felt, that the driving force behind everything this motley crew do is the impulse to make each other smile. Our formative friendships shape and enrich our entire lives; there\u2019s no greater testament to this than the endurance of MTV\u2019s favourite rascals. Amid the blood and vomit and faecal matter, there\u2019s a warmth and enviable sense of camaraderie. They might still be Jackasses, but their hearts are solid gold. Hannah Strong is digital editor at Little White Lies "}