{"headline": "Kindness is strength. But try telling that to children", "standfirst": "The belief is rife in our culture that this great virtue is essentially a consolation prize indistinguishable from weakness", "author": "Emma Brockes", "date": "Fri 4 Feb 2022 09.00 CET", "text": "If you are a parent of young children who browses parenting websites, you will at some point have been pitched to about talent. You may be invited, via targeted advertising, to enrol your child in a Future School Global Maths Skill Assessment \u2013 \u201cto see how they compare to peers globally\u201d. You may be urged to consider the possibility \u2013 nay, probability \u2013 that they are \u201cgifted\u201d in some way, if not in maths, then in music or art. It\u2019s window-dressing for lame subscription services, but the other day, assailed by this stuff, a line caught my eye that I haven\u2019t been able to forget. \u201cTalent isn\u2019t everything,\u201d read the copy. \u201cThe important thing is to teach your child to be kind.\u201d This positioning of \u201ckindness\u201d as oppositional to \u201ctalent\u201d \u2013 and the impossibility, by implication, of a predisposition towards kindness itself being regarded as \u201ctalent\u201d \u2013 is rife once you start looking for it. Kindness is, everywhere: the consolation prize, the donkey in the nativity play, the award for perfect attendance. The metric for gifted is limited in childhood to measurable and therefore narrow results; a child might learn to read early, but disciplines requiring maturity for their impact are sealed off as forms of prodigiousness. There are no seven-year-old fiction writing prodigies. There are no prodigies in kindness, either. A few years ago, none of this would have struck me as noteworthy. It is true that, along with a lot of other \u201csoft\u201d values, kindness is something one comes to appreciate more with age and exhaustion. The phrase \u201cgive me a break\u201d, once muttered by rote and gutted of meaning, is now one I use extremely literally. Parenting changes one\u2019s parameters, too. In line with common assumptions, I believed a predisposition towards kindness wasn\u2019t innate, but instead something entirely reliant on cultivation. These days I wonder about that, and about our determination to see it that way. Of my two children, one can be urged, pressured, bribed or cajoled into sharing and being less grabby \u2013 behaviour, in other words, which falls squarely within the normal range. The other child, more often than not, considers and accommodates the feelings of others, naturally and without being asked. Like a tiny 40-year-old, she uses phrases like \u201cI\u2019m happy for her\u201d and \u201cNo, you go ahead.\u201d It\u2019s weirdly mature and occasionally eerie. Which brings us to the problem of kindness; not only the fact that, in plenty of settings, it can be a code for weakness or neediness, but the fact that the word itself has been emptied out through misuse. Online, \u201cbe kind\u201d is an order commonly used by men towards women with whom they disagree. And, like similar entreaties \u2013 \u201csmile!\u201d \u2013 has a silent \u201cbitch\u201d at the end of the phrase. Kindness in this context means giving in to another\u2019s demands, a form of female pliancy rooted in renouncing one\u2019s needs. Real kindness is not this. Kindness, I try to tell my children, is strength. My child with the kind disposition is frequently baffled and let down by the hostility of others, at which point I have to bite my tongue. \u201cJessica was a dick to you because she has vast inadequacies; and honestly, have you seen the state of her parents?\u201d is not ammunition I\u2019m going to give to my seven-year-old. On the other hand, it seems fair to provide her with a rudimentary knowledge of how projection and insecurity work. Frequently, these lessons go against the grain of how our culture measures success, and it\u2019s a hard line to navigate; you can be competitive and resolute, and not a \u201cpushover\u201d or a \u201cweakling\u201d, but still factor in how other people feel. Can you teach someone to be kind? Of course, but also only sort of, not entirely. You can condition them with reason and rewards in the same way you can send them to piano every week and eventually they\u2019ll learn to play Twinkle Twinkle. The fact remains that some people are kinder than others not as a result of external forces but from some preloaded ability we\u2019re resistant to valorising. There are branches of therapy that frame acts of kindness as a form of self-care \u2013 much more in line with our what\u2019s-in-it-for-me values \u2013 and the ancient Greek storyteller Aesop said, \u201cNo act of kindness, no matter how small, is ever wasted.\u201d Two thousand years later, it remains a hard sell. Emma Brockes is a Guardian columnist"}