{"headline": "What\u2019s driving the Great Resignation? Hope \u2013 with a side order of self-doubt", "standfirst": "My friend is one of many planning a radical post-pandemic life change \u2013 but rehearsing leaving her job showed it\u2019s not easy", "author": "Emma Brockes", "date": "Fri 11 Mar 2022 09.00 CET", "text": "All week, we\u2019d been rehearsing how my friend should leave her job. Specifically, where to land her resignation speech on the spectrum between a cathartic, spite-filled rant and something more businesslike. She was quitting because the money was terrible, the hours were terrible, it was incredibly stressful and she felt constantly gaslit and undermined by a boss who while giving her a dumb assignment would assure her it was consolidating her \u201cbrand\u201d. We could rake over her motivation until the cows came home, but her reasons for quitting basically boiled down to one thing: \u201cI\u2019ve had a gutful,\u201d she said (she\u2019s Australian). In the last year, the urge to quit has jumped from a staple background whinge to a startling mass action. In November last year in the US, the number of people leaving their jobs reached a record high of 4.53 million. These were not people working in finance. For the most part, according to the Bureau of Labour Statistics, the highest concentration of workers walking out of their jobs fell in the leisure and hospitality industry, shortly followed by retail workers \u2013 that is, in the middle to lower wage brackets. Surveys conducted by the Pew Research Center found the reasons people cited for leaving were low pay, feeling stuck and \u201cdisrespect\u201d. In other words, nothing out of the ordinary. But where in previous years these kinds of discomforts might have been weathered indefinitely, or until a better option came along, now people were snapping and walking out. My friend who was quitting had plenty of plans but no solid job offer to go to. She was quitting cold, unable to stand it for a second longer, which seemed to be the pattern elsewhere. Another friend quit her job a few weeks ago, somewhat to her own surprise. When I asked what had prompted it, she said, \u201cthe pandemic distilled things to the core attributes\u201d, and mentioned the effect of all those months at home giving her more time to think. An exhausted labour force is, generally, a more compliant one than workers who have a little time and space to take stock. Furthermore, said my friend, any employer who had not \u201cdisplayed full empathy\u201d during the pandemic appeared guilty of something much worse than bad management. If we have all been through the equivalent of a collective near-death experience, the urge to embrace a radical life change makes sense. In the US, pandemic relief payments from the federal government gave people a small amount of \u201cfuck you\u201d money. And the thrill of being on the other side of something as large as an entire world that shut down is a head-rush it\u2019s hard to ignore. Quitting hasn\u2019t been the only expression of this feeling. Relative to the sheer scale of the psychic ground covered over the past two years, other types of movement seem trivial. In my children\u2019s school, there has been more intake churn, and more evidence of people selling up and moving across the country, than anything seen prior to 2020. Still, for many of us social conformity and conditioning run deep. \u201cAm I being a brat?\u201d said my friend. We\u2019d been round this cul-de-sac before. Most people hate their jobs; having a job was a privilege; where did boldness stop and recklessness begin? At root, what made her think she deserved better? We talked about the endless books and podcasts that foreground the success of people who quit \u2013 like Jeff Bezos quitting finance to start Amazon \u2013 and how the thousands of people for whom this risk presumably didn\u2019t pay off never get much of a look-in. We discussed whether there was some middle ground, where she might scale down to part time. Every one of these discussions ended in despair. We have one life. What is there to gamble on if it isn\u2019t yourself? I think you should take the moral high ground, I said: tell them you could string them along while you look for something else, but that it\u2019s better all round if you quit. We did a few role plays, all of which ended in hysteria when one or other of us addressed the boss character as \u201cmadam\u201d. We tried to anticipate what horrible things would be said to her in the course of resigning. \u201cIt\u2019s abusive\u201d, we said of her workplace, which is true. As a single contributor to the Great Resignation, my friend is part of a movement that at a distance looks seamless, even easy, but behind the scenes is riven with anxiety and self-doubt. Late yesterday, her boss cancelled the meeting at the last minute. My friend felt a combination of relief, disappointment and shame at not being able to execute her plan. She\u2019ll do it next week. Emma Brockes is a Guardian columnist"}