{"headline": "Britain\u2019s economic war against Vladimir Putin is a mess \u2013 and it may be pointless ", "standfirst": "Ordinary people are likely to feel the pain, and none of the oligarchs directly targeted can influence Russia\u2019s tyrant anyway", "author": "Simon Jenkins", "date": "Fri 11 Mar 2022 11.00 CET", "text": "Boris Johnson is getting serious about Ukraine. He may not admit many Ukrainian refugees lest they endanger the Conservatives\u2019 claim to being the party of low migration. But he is slamming sanctions on seven more London oligarchs, including Roman Abramovich, Igor Sechin and Oleg Deripaska. The high-profile trio, with four other oligarchs, are eerily accused of \u201cenabling the killing of civilians, destruction of hospitals and illegal occupation of sovereign allies\u201d. Abramovich\u2019s Chelsea football club is to be \u201cfrozen\u201d and banned from selling tickets. That should teach Chelsea fans a lesson about who to support, and is meant to make Vladimir Putin shake in his shoes. War is simple. You fight. You kill. You win or you lose. Economic war, on the other hand, is a mess of signals, boycotts, ill-defined targets and indiscriminate victims. Because it is bloodless, it is somehow detached from whatever issue is at hand. Almost invariably the real sufferers are the poor and impotent. As for Abramovich, what is he supposed to do? The likelihood of his going to Moscow and persuading his chum that the invasion of Ukraine was a terrible mistake must be zero. This is foreign policy as pure theatre. Ukraine has summoned the west to collective action. The current surge in sanctions has generated a hysteria of Russia-hating gestures by western countries. This has clearly been aimed at relieving their justified reluctance to join or widen the Ukrainian war. The unity of the damnation has been impressive, even if the effectiveness has not. For all the shared condemnation, two weeks of truly colossal financial and commercial disruption have yet to deliver the slightest shift in Putin\u2019s strategy; indeed, sanctions may have even hardened his lethal resolve. Quite apart from Britain\u2019s shocking aversion to refugees, its barrage of measures seem devoid of direction. Decades of profitable investment in Russia\u2019s economy are somehow to end overnight. The chief effect could well be to repatriate billions of pounds of wealth \u2013 as in the case of BP and Shell \u2013 to the very oligarchs such actions are supposed to punish. Russia is now proposing to seize and nationalise closed western factories and other western activities, free of charge. As Russian oil and gas will soon soar in value, Johnson\u2019s decision to enforce sanctions may end up penalising British citizens with even higher energy bills. Who suffers and who gains by forecourt petrol hitting \u00a32 a litre? The Saudis, the Iranians, the Venezuelans and eventually the Russians will laugh all the way to the bank. By banning Russian fertiliser exports, Johnson will punish British farmers. By banning wheat exports he will punish their chief consumers. Meanwhile, Johnson wants to resume British gas fracking and permit the proliferation of onshore wind turbines. Everyone cheers the \u201ctough\u201d gesture. No one ponders its usefulness. Measures understandable in the heat of battle come to seem pointless and heartless far from the front. Nothing is gained by requiring Russian artists, performers and sports figures on pain of expulsion to denounce their homeland \u2013 risking the safety of their families in Russia. There are calls to strip private schools of charitable status if they take Russian pupils. The Welsh may not listen to the Russian Tchaikovsky\u2019s 1812 Overture, appropriately to be replaced by Elgar\u2019s Enigma Variations. In the ultimate obscenity, HM Revenue and Customs this week told British people not to send relief supplies to Ukraine as the trucks were being held at Calais for the correct Brexit permits in order to enter the EU. We should just give money instead. Why did Johnson not tell us in 2016 that leaving the single market would obstruct relief sent to victims of war? Little of the news coming out of Russia is reliable. Still, Russia\u2019s instinctive nationalism appears to be rallying to its leader\u2019s cause, as tends to happen in war. Polls that have been registering Putin\u2019s ailing popularity have shown it surging to near 70%. Of course this is aided by a savagely censored media and mendacious publicity machine. But it is no good blaming this for the ineffectiveness of sanctions. Such nationalism is predictable in war and was what sanctions had to overcome to have any impact. Would it now really help the Ukrainian cause if all Apple and Android servers stopped working, as some have demanded? This appalling war is unlike most in Europe\u2019s history in that it appears to be the will literally of one man rather than an entire country. None of Putin\u2019s top brass are thought to have known of or supported it. Sheer terror now keeps them loyal. Yet no expert is predicting an early coup or assassination \u2013 let alone a new boyars\u2019 plot of oligarchs sweeping into the Kremlin in gold-plated helicopters. Somehow or other, mediation is going to have to disentangle this horror on terms vaguely acceptable to Putin. Then it will be in no one\u2019s interest for the punitive ostracism of Russia to continue a moment longer, on the spurious grounds that ordinary Russians somehow \u201callowed\u201d Putin to invade Ukraine. Punishing losers is a counter-productive outcome of war. It\u2019s worth remembering the economic devastation and humiliation of Germany after 1918, or Russia after 1989. Ukraine will have to rebuild. So too will Russia. This is not kindness, just common sense. Simon Jenkins is a Guardian columnist "}