{"headline": "Putin\u2019s brutal war is the moment for Britain to reset its attitude to all refugees", "standfirst": "The public\u2019s compassion for violently displaced Ukrainians is dramatically out of step with our politicians\u2019 cruel indifference", "author": "Owen Jones", "date": "Fri 11 Mar 2022 07.00 CET", "text": "British political culture is nearly as hostile to self-reflection as it is to refugees. When the Spectator splashes on Britain \u201cfailing Ukraine\u2019s refugees\u201d, it might consider how its previous headlines, such as \u201cIt\u2019s time for Boris to turn back the Channel migrant boats\u201d, helped forge a hostile environment for those fleeing war in Ukraine. Our political discourse apparently sees no problem with the former home secretary Amber Rudd, who resigned over the Windrush scandal, now grandstanding on national radio over Britain\u2019s lack of generosity to refugees. When she declares the need for a \u201cwholly different\u201d approach to Ukraine\u2019s refugees because \u201cwe\u2019ve got war in Europe\u201d, her sympathy for those who have been violently displaced sounds suspiciously like the British general who told the BBC that public opinion wouldn\u2019t tolerate \u201cpeople who look and live like us being slaughtered\u201d. Rich countries in general fail in their duty of care to the people they have helped to make refugees. Britain is a particularly egregious example of this. Around 85% of refugees are sheltered by poor countries with few resources and weak infrastructure; and of those hosted by rich nations, a third are in Germany. As things stand, Britain has accepted only 300 Ukrainian refugees \u2013 compared with 1.2 million in Poland, more than 50,000 in Germany, 17,000 in Italy and 6,000 in Spain. This is all too consistent with our recent history. Boris Johnson\u2019s dishonesty is cruder and less finessed than his predecessors, but his policy is consistent with theirs: he boasts of resettling more vulnerable people than other European countries, when just over 9,000 people were granted refuge here in 2020, five and half times fewer than in Spain alone. Demonising foreign \u201cothers\u201d has long been a convenient means of diverting working-class anger at economic insecurity away from powerful interests. This is what drove a Conservative government to pass the Aliens Act of 1905 to keep out Jewish refugees and migrants from eastern Europe \u2013 \u201cthe native folk cannot assimilate this element\u201d, as one Tory MP put it at the time \u2013 and for Margaret Thatcher to suggest \u201cpeople are really rather afraid that this country might be swamped by people with a different culture\u201d. Remember when David Cameron snarled that Jeremy Corbyn and his shadow chancellor \u201cmet with a bunch of migrants in Calais\u201d and \u201csaid they could all come to Britain\u201d? What could have possibly flashed through his mind other than the cynical idea that public fear of Afghans, Eritreans and Darfuris living in that squalid, dirty camp would drive Corbyn\u2019s Labour into electoral oblivion\u2019? It\u2019s hardly a secret that much of Britain\u2019s press is an open sewer for noxious anti-migrant views; headlines such as \u201cHalt the asylum tide now\u201d and \u201cCalais: send in the army\u201d make the public defence of refugees an act of political courage in normal times. But it can be done. When that devastating picture of Alan Kurdi, a Kurdish toddler washed up dead on a Turkish beach, reached public attention in 2015, the number of people who believed Britain should accept more refugees surged. Why? Because the dehumanisation of refugees encouraged by our politicians and media outlets was momentarily confronted: parents kissing the foreheads of their little ones at night could visualise Alan as one of their own. A large majority of Britons are now in favour of taking in thousands of Ukrainian refugees. This has put government cruelty and public opinion on a collision course. As a tide of human misery sweeps westwards, that old refugee-baiting trope \u2013 \u201cWhy can\u2019t they just claim asylum in the first safe country?\u201d \u2013 dissolves as rational human beings understand that a few countries alone should not shoulder this burden. The Tories now find themselves on autopilot, too ideologically inflexible to respond to the shift in public opinion and therefore indulging only the basest, most inhumane prejudices of a swath of their electorate. The opposition is not immune from these criticisms either. Labour\u2019s shadow home secretary, Yvette Cooper, has refused to support visa waivers for refugees; when Cooper held the same role before 2015, she indulged xenophobic sentiments with calls to strip migrants of benefits. New Labour \u2013 now the principal ideological inspiration for Keir Starmer \u2013 suggested schools had been \u201cswamped\u201d by non-English-speaking foreigners, and tried to ban asylum seekers\u2019 children from schools. But Labour has another history it could draw on: when Hugh Gaitskell \u2013 himself no leftist \u2013 was the party\u2019s leader in the early 1960s, he declared: \u201cThe Labour party is opposed to the restriction of immigration as every Commonwealth citizen has the right as a British subject to enter the country at will.\u201d As Vladimir Putin\u2019s criminal invasion descends into barbarism with the recent bombing of a children\u2019s hospital, sympathy for Ukrainians will only grow. Some commentators and politicians say the quiet part out loud: that their sympathy is particularly great because these are white Europeans rather than fellow human beings in desperate need. But now is a moment to argue for a new permanent settlement \u2013 for a Britain that abandons its particularly inhumane indifference to the world\u2019s most vulnerable and desperate people, whether they come from Ukraine, Yemen or Afghanistan. Mainstream parties have vacated the pitch, driven by electoral calculation, cynicism and cowardice, and so others must step up to offer the moral leadership that this country so desperately needs. Owen Jones is a Guardian columnist"}