{"headline": "The Observer view on gender identity services for children", "standfirst": "The Cass review\u2019s interim report finds children with gender identity issues are ill served by adults who shut down debate", "author": "Observer editorial", "date": "Sun 20 Mar 2022 07.30 CET", "text": "Ideology has no place in medicine. An individual\u2019s healthcare must not be influenced by a clinician\u2019s biases. But an independent review has highlighted that the quality of care for children with gender dysphoria in England has been unconscionably compromised in recent years, partly as a result of adult affinities to an unevidenced worldview. The review, led by the distinguished paediatrician and former president of the Royal College of Paediatrics and Child Health Dr Hilary Cass, has published its interim report. Its findings echo concerns already flagged by the courts, the Care Quality Commission, and, as the Observer has reported over the years, several NHS whistleblowers. The report highlights a profound lack of evidence and medical consensus about the best approach to treating gender dysphoria in children. Yet the NHS\u2019s specialist Gender Identity Development Service (GIDS) takes a child\u2019s expressed gender identity as the starting point for treatment. This \u201caffirmative approach\u201d leaves little space for exploration of the potential relationship between their dysphoria and neurodiversity or psychosocial needs, including those arising from childhood trauma or internalised hostility to same-sex attraction. GIDS has compounded this lack of evidence with its own failure to track patient outcomes. As referrals to GIDS have increased, capacity has not kept up, meaning that children face unacceptably long waits for care. Also, it has been applying the affirmative model in a looser form than in the Netherlands, where it was conceived, and to a patient group whose characteristics have changed dramatically from those for whom it was developed \u2013 teenage girls, whose gender dysphoria has manifested in adolescence rather than in early childhood. The majority of young people now referred to GIDS have other complex mental health issues or neurodiversity, but GIDS has failed to assess these needs in the round. The review is also clear about the lack of evidence about one of the affirmative model\u2019s treatment pathways: puberty-blocking drugs, which, for the vast majority of children prescribed them, function as a precursor to cross-sex hormones. The long-term health consequences of puberty blockers are unknown, and there is clinical confusion about their purpose. It is unclear whether children progress to cross-sex hormones because their gender identity was already settled, or whether puberty blockers interfere with the natural resolution of gender dysphoria. Young people\u2019s gender identity can remain in flux until their mid-20s, so the risk of regret following irreversible treatment needs to be understood, but there is a lack of data on regret. The report notes the lack of services and support for young detransitioners like Keira Bell, who took the trust that runs GIDS to court, and who has played a vital role in drawing attention to its inadequate care. The reason that these failures in children\u2019s healthcare have taken so long to be addressed is the polarised nature of the adult debate about gender identity. There has been a deplorable tendency by some to mislabel clinical concerns about the affirmative model as transphobia. This polarisation has contributed to a climate in which clinicians both inside and outside GIDS are fearful of raising concerns. An employment tribunal found that NHS whistleblowers at GIDS faced shocking levels of vilification and attempts to undermine their professional integrity. Even in the wake of the Cass report\u2019s hard-hitting findings, some clinicians and charities continue in their efforts to shut down legitimate debate about the affirmative model. These adults must examine their consciences, because it is children whose care is compromised as a result of their ideology."}