{"headline": "The Guardian view on Unboxed: so much for the \u2018festival of Brexit\u2019", "standfirst": "The year-long celebration of creativity, commissioned by Theresa May, is not what anyone expected. Will the public take it to their hearts?", "author": "Editorial", "date": "Sun 20 Mar 2022 19.25 CET", "text": "The House of Commons digital, culture, media and sport (DCMS) committee has decided that it doesn\u2019t like Unboxed \u2013 originally seen as a festival of Brexit \u2013 which kicked off without much attention this month. Its report on the government\u2019s handling of major cultural and sporting events concludes that the aims of the year-long, countrywide celebration of British creativity have been \u201cvague and ripe for misinterpretation\u201d from the first; thus, the \u00a3120m investment was, it said, \u201can irresponsible use of public money\u201d. Unboxed is a series of 10 art, science and technology projects with ambitious (if at times amorphous) aims such as sending music to the moon and back, transporting a North Sea oil rig to the beach at Weston-super-Mare and turning it into a multimedia centre, and asking people in Wales to imagine what life might be like in 2052. These are all no doubt admirable, inclusive and challenging, but it is fair to say that they are somewhat removed from the Festival of Britain-type idea that Theresa May announced at the Conservative party conference in 2018 and which Brexit backers imagined would involve flag-waving, bangers and mash, and replays of speeches by Churchill. You would have to have a heart of stone not to laugh at the way their assumptions have been upended. The original notion was that the festival, the Queen\u2019s platinum jubilee and this summer\u2019s Commonwealth Games in Birmingham would come together in a glorious reforging of a newly confident nation. Some hope \u2013 with war in Ukraine, Covid still rampant, inflation rising and Brexit divisions far from healed. Julian Knight, the Conservative chair of the DCMS committee, complains that the three-pronged opportunity has been missed: \u201cThere is no golden thread linking them all together.\u201d But a country\u2019s elite cannot impose a national narrative. Politicians like to latch on to the sort of unifying \u201cnational traditions\u201d that Eric Hobsbawm and others have exposed as bogus, and invest in grand projects such as the Millennium Dome. Such top-down impositions are doomed. TS Eliot hinted at that with his own banal list of what signifies a culture: \u201ca cup final, the dog races, the pin table, the dart board, wensleydale cheese, boiled cabbage cut into sections, beetroot in vinegar, 19th-century Gothic churches, the music of Elgar\u201d. The Festival of Britain in 1951 worked because it was a day out, an antidote to austerity. It captured a moment, but it didn\u2019t encapsulate a culture. Danny Boyle had a good go at telling our \u201cnational story\u201d in his widely admired Olympic opening ceremony in 2012 (symbol of a happier age), but even his pastoral-radical retelling was partial. What about the English civil war, the relationship with Ireland, empire, slavery, and postwar decline? Identity is a contested mess that doesn\u2019t lend itself to being contained; it has to be suggestive, tangled, unresolved. Unboxed contends with enduring suspicion about its origins on one side, and scepticism about its results on the other. Its programme suggests it will be admirably true to itself \u2013 and almost universally disliked or ignored by those who long for simple stories, linear narratives, easy resolutions. It will stand or fall on whether it can engage and enthuse the wider public."}