{"headline": "I accidentally took my kids to a Jeremy Corbyn rally \u2013 how could I explain Stop the War to them?", "standfirst": "They say you only discover how well you understand something when you try to tell someone else. When the someone else is a scathing preteen, you discover it even faster", "author": "Zoe Williams", "date": "Tue 8 Mar 2022 12.00 CET", "text": "On Sunday, I had heard that there would be a flashmob orchestra in Trafalgar Square, playing Mussorgsky\u2019s Great Gate of Kiev, in solidarity with the people of Ukraine. I went along with two 12-year-olds and made all the promises you have to make to get two preteens to go anywhere with you (it won\u2019t take long and it\u2019s near an Itsu). Instead, we found a modest Stop the War rally with not a viola in sight \u2013 just Jeremy Corbyn speaking from a makeshift stage. \u201cHe just said: \u2018War is bad because it kills people,\u2019\u201d my kid summarised \u2013 then, witheringly: \u201cAnd this is your icon?\u201d I explained that you don\u2019t go to a demo for an original hypothesis. This was my entire childhood, standing in a crowd, listening to why war is bad, and so is poll tax. Also, \u201cicon\u201d is way too strong a word for my feelings about Corbyn, although I am glad to see him back in his happy place, saying determined, uncomplicated things to a small crowd. There were some homemade signs, but two banners centrally produced, one uncontroversial: \u201cNo to Nuclear War.\u201d The other was more problematic, drawing an elliptical but discernible equivalence between Putin\u2019s aggression and Nato\u2019s \u201cexpansion\u201d, by saying \u201cno\u201d to both. This was quite complicated. They say you only discover how well you understand something when you try to explain it to someone else; when the someone else is a scathing preteen, you discover it faster. I can lay out the criticism of Stop the War easily enough \u2013 that its anti-Americanism is so vehement, it amounts to pro-almost-anything-else, from Assad to Putin. What I couldn\u2019t do was explain what that meant for pacifism generally. Had the entire case against war been hollowed out? Is everyone who has ever been on a Stop the War rally discredited? Realistically, given the strength of popular opposition to the Iraq war, isn\u2019t that almost all of us? Would I get kicked out of the Labour party for being in Trafalgar Square at all? Well no, obviously: I was looking for Mussorgsky, on my way to an Itsu. Zoe Williams is a Guardian columnist"}