{"headline": "Stop moaning about sensitivity readers \u2013 if there was diversity in publishing we wouldn\u2019t need them", "standfirst": "Since 2011, all my book editors have been white. Why wouldn\u2019t I want another perspective on the characters I invent?", "author": "Juno Dawson", "date": "Tue 8 Mar 2022 10.00 CET", "text": "Until a few years ago, only publishing industry insiders would have understood the role of the sensitivity reader. Then came American Dirt. The Jeanine Cummins novel sold to a US publisher for a seven-figure advance, was chosen for Oprah\u2019s Book Club, and was touted as \u201cthe new Grapes of Wrath\u201d. On the book\u2019s release in 2020, early readers noted that the white author\u2019s depiction of Mexican people was, at best, flawed, inaccurate, and riddled with stereotypes and, at worst, simply racist. A sensitivity reader is an additional editor who works alongside the publishing house staffer who acquired the rights to your book. This individual will conduct a very specific read of the manuscript, and offer notes on characters from marginalised groups, or elements which may cause offence. The argument goes that if American Dirt had been sufficiently scrutinised by a reader of Mexican heritage, some of the furore could have been avoided. The publishing industry is split over the increased usage of sensitivity readers. Lionel Shriver said she would rather quit writing than have her work scrutinised. John Boyne tweeted: \u201cNo serious writer would ever allow their work to be so sanitised.\u201d Kate Clanchy claimed sensitivity readers \u201csullied my memoir to suit their agenda\u201d, and parted ways with the publisher who employed such professionals. My background as an author is in young adult fiction, an area in which sensitivity readers are common, especially in the US, so I\u2019m less fazed. I have also been a sensitivity reader, informally. An author friend asked if I\u2019d read his manuscript to check if I felt he\u2019d accurately depicted a transgender character. He mostly had; there were some quirks he\u2019d got wrong, things that only someone who had gone through the grind of gender transition \u2013 like me \u2013 would be aware of. I see my job as a giddy, creative game of make-believe in which I spend my office hours imagining what it\u2019s like to be someone who isn\u2019t me. I am a trans, 40-year-old woman from Bradford navigating life on the south coast of England, but I don\u2019t want to exclusively write characters in my own demographic. Through my fiction, I\u2019ve been a Time Lord; a Scot; a fashion model; an oligarch\u2019s daughter and Bloody Mary. It\u2019s all part of the job. However, when I\u2019m writing a character who has experienced oppression, I need to take extra care. When writing my forthcoming adult debut, Her Majesty\u2019s Royal Coven, I created a character called Leonie, a mixed-race woman from Leeds. The book is about magic and witchcraft, but it is also a story about women and feminism \u2013 and I felt it was odd to pretend race wasn\u2019t an issue in the fictional coven. There were elements of Leonie that were very familiar to me. Like her, I\u2019m from Yorkshire, I\u2019m queer, and I\u2019m an ambitious gobshite. Unlike Leonie, I am white. So, to the surprise of my UK publisher, I petitioned to get a sensitivity reader. If I was to include Leonie in my book, I wanted to know I had done her, and myself, justice. My publishers agreed so I sent my manuscript to a sensitivity reader, herself a mixed-race woman, and I waited to hear her thoughts. My editor checked in with me to ensure I was ready to hear some things I might not want to hear. Of course, no one wants to think of themselves as bigoted, but if I\u2019d inadvertently written something inaccurate or insulting, I\u2019d much rather know while the book was a Word document and not on the shelves of bookstores. To me it was a no-brainer. The reader\u2019s notes came back and, I stress, I was under no obligation to make changes to the novel, but I did. It was the same sort of feedback I\u2019d given my friend \u2013 I\u2019d got a few tiny details wrong and, in one sequence, had actually been a bit snobby about a council estate, which is ironic because I was born on one. Unconscious bias strikes! There is a bigger issue under the surface of all this. We wouldn\u2019t need external editors if the in-house teams at UK publishers were more diverse. I have loved working with every single one of them, but the six UK editors I\u2019ve had since 2011 have all been cisgender white women from (I\u2019m guessing) quite comfortable backgrounds. Their big bosses, almost exclusively, have been cisgender white men. I am starting to see a change, and that\u2019s a good thing, but for now, I think sensitivity readers are here to stay, and I\u2019d urge authors to welcome them into their process. After all, don\u2019t we all want to release our book into the world safe in the knowledge it\u2019s as rigorously edited as it can be? The final word goes to Society of Authors chair, and author, Joanne Harris: \u201cIt takes courage for an author to admit they may not have all the answers. (Note: Dickens changed his depiction of Jews after corresponding with one of his Jewish critics, who pointed out antisemitism in Oliver Twist.) In later years, he also went through the text and revised it quite heavily, removing more than 200 of the more extreme antisemitic references, to the disappointment of some of his more antisemitic readers. He showed the capacity to grow. Perhaps that\u2019s what makes a great writer.\u201d  Juno Dawson is an author and screenwriter"}