{"headline": "Admire Volodymyr Zelenskiy all you like. But please don\u2019t treat him as a heart-throb", "standfirst": "Yes, he\u2019s inspiring. Yes, he\u2019s calm under pressure. But even he doesn\u2019t want his picture hanging on your wall", "author": "Arwa Mahdawi", "date": "Tue 8 Mar 2022 14.22 CET", "text": "Volodymyr Zelenskiy is the president of Ukraine and also, I regret to inform you, the internet\u2019s latest heart-throb. TikTok is awash with \u201cfancams\u201d lusting over the man, and the always classy New York Post has published headlines such as: \u201cWomen go wild for \u2018thirst trap\u2019 Ukrainian President.\u201d A recent viral tweet similarly declared: \u201cBREAKING: every woman in your life now has at least a small crush on Volodymyr Zelenskiy and there\u2019s absolutely nothing you can do about it.\u201d It is natural to admire Zelenskiy\u2019s poise and bravery amid the invasion of Ukraine. But there is a difference between respecting a politician and sexualising or worshipping them. Idolising politicians is questionable during the best of times but doing it in the midst of a bloody war is highly problematic. Idolising wartime leaders can help glamorise conflict and perpetuate dangerously simplistic narratives of good versus evil. Treating a head of state like he\u2019s a member of a boyband also risks trivialising what is happening in Ukraine. Not to mention, it\u2019s just embarrassing. The lust around Zelenskiy may be cringeworthy, but it\u2019s also depressingly predictable. Remember the beginning of the pandemic, when large swathes of self-proclaimed \u201cCuomosexuals\u201d in the US fawned over Andrew Cuomo, the then governor of New York? (This did not age well: Cuomosexuals had to hawk their \u201cI have a crush on Cuomo\u201d coffee cups on eBay after the governor had a very dramatic fall from grace.) Remember all the erotic fan fiction about Pete and Chasten Buttigieg? Remember Rahmbamarama \u2013 the fanfiction community for people who worshipped president Barack Obama and Rahm Emanuel, his chief of staff? \u201cFandom\u201d has well and truly infiltrated politics and it\u2019s not great for democracy. Before I get accused of being a killjoy, let\u2019s cut to Zelenskiy\u2019s own thoughts on the matter, shall we? As far as I can tell, he hasn\u2019t officially commented on his new status as a heart-throb (he\u2019s been kind of busy), but he has made his thoughts on worshipping politicians clear. During his inaugural address in 2019, Zelenskiy told lawmakers: \u201cI do not want my picture in your offices: the president is not an icon, an idol or a portrait. Hang your kids\u2019 photos instead, and look at them each time you are making a decision.\u201d Advice a lot of people could do with reflecting on.  Arwa Mahdawi is a Guardian columnist"}