{"headline": "In their place: the heavy burden of being Black in a white space", "standfirst": "White gatekeepers repeatedly approach Black people with a disingenuous \u2018can I help you?\u2019 It never stops", "author": "Elijah Anderson", "date": "Mon 7 Mar 2022 12.24 CET", "text": "When an anonymous Black person enters the white space, often the people there immediately try to make sense of him or her \u2013 to determine \u201cwho that is\u201d, or to figure out the nature of the person\u2019s business and whether they need to be concerned. When the Black person is unknown, stereotypes can rule perceptions, creating a situation that can estrange the Black person. In these circumstances, almost any Black person can experience distance, especially a young Black male \u2013 not as a measure of his merit as a person but because of his Black skin and its indication of \u201coutsider\u201d status in the white space. Thus, such a Black person is burdened with a deficit of credibility, especially in comparison with their white counterparts. Strikingly, a Black person\u2019s deficit may be minimized or tentatively overcome by a performance, a negotiation, or what some Blacks refer to derisively as a \u201cdance\u201d, through which individual Blacks may be inclined to show white people and others that ghetto stereotypes do not apply to them personally; in effect, they perform for credibility or for acceptance. This performance can be as deliberate as dressing well and speaking in an educated way or as simple as producing an ID or a driver\u2019s license in situations in which this would never be demanded of whites. Almost by definition, the Black person performs before a distant, judgmental, and unsympathetic audience of gatekeepers \u2013 distant because of the extant racial divide, and judgmental and unsympathetic because their minds are typically already made up about the Black person\u2019s \u201cplace\u201d and the threat they believe he or she poses to the white space, and perhaps to some of the people standing in judgment. Depending on how effectively the Black person performs or negotiates, he may \u201cpass inspection\u201d. But there are no guarantees, for some members of the audience are inclined at times to weaponize their prejudices, to put the Black person in their \u201cplace\u201d. Moreover, others in the white space may require additional proof on demand. In public white spaces, such as upscale shops or restaurants, many Black people take this sort of racial profiling in stride; they expect it, treat it as a fact of life, and try to go on about their business, hoping to move through the world uneventfully. And most often, with the help of social gloss to ease their passage, they do so; however, on occasion they experience blatant discrimination, which may leave them deflated and offended, and which they cannot ignore. White salesmen, security guards, and bouncers repeatedly approach Black people with a disingenuous question: \u201cCan I help you?\u201d The tone of voice and the circumstances belie a true offer of help and define the situation as slightly ominous. A young Black person hears the question as \u201cWhat is your business here?\u201d Most defenders of such spaces prefer to be more indirect in their challenges and queries to avoid offending the Black person or incurring lawsuits. When the anonymous Black person can demonstrate that he or she has business in the white space, by producing an ID card or simply passing an initial inspection, the defending \u201cagents\u201d or gatekeepers may relax their guard, at least for the time being. The Black person may then advance from a deficit of credibility to a provisional status, suggesting a conditional \u201cpass\u201d, with the person having something \u201cmore to prove\u201d. But as the iconic ghetto hovers overhead, this social plateau simply leads to further evaluations that typically have little to do with the Black person\u2019s essential merit as a person and everything to do with his or her Blackness and what it has come to mean in the white space. When venturing into or navigating the white space, Black people endure such challenges repeatedly. In white neighborhoods, Black people may anticipate such profiling or harassment by the neighborhood watch group, whose mission is to monitor the \u201csuspicious-looking\u201d. Any anonymous Black male can qualify for close scrutiny, especially under the cover of darkness. Defensive whites in these circumstances may be less consciously hateful than concerned and fearful of \u201cdangerous and violent\u201d Black people. In the minds of many of their detractors, to scrutinize and stop Black people is to prevent crime and protect the neighborhood. Thus, for the Black person, particularly young males, virtually every public encounter results in a degree of scrutiny that a \u201cnormal\u201d white person would certainly not need to endure. A more subtle but critical version of this kind of profiling occurs in the typical workplace. From the janitor to a middle-level manager, Black people, until they have established themselves, live under the tyranny of the command performance. Around the office building, the Black male worker comes to be known publicly as \u201cthe Black guy in my building\u201d, and if there are a few such \u201cBlack guys\u201d working there who \u201croam\u201d the premises, white workers at times confuse one with another, occasionally misidentifying the person by name. Given such racial ambiguity, the string of white people standing in line to witness the Black person\u2019s performance, or \u201cdance\u201d, may encourage those who were once approving or convinced to demand an encore. Thus, as long as the Black person is present in the white space, he or she is likely to be \u201con\u201d, performing before a highly judgmental but distant audience. Probably, the most important finding of my new book, Black in White Space, is my conception of the \u201ciconic ghetto\u201d, that netherworld to which white people typically relegate anonymous Black people in public places, and especially in \u201cwhite space\u201d. In civil society, this iconic ghetto hovers over the anonymous Black person; always in the background of the most ordinary public encounters between the races, during which Black people are burdened with a deficit of credibility that they are required to disprove, erase, or neutralize before gaining even provisional trust with their white counterparts. Moreover, white people typically avoid Black spaces, but Black people must navigate white spaces as a condition of their existence. Black people now inhabit all levels of the class and occupational structure. They attend the best schools, pursue the professions of their choosing, and occupy various positions of power, privilege, and prestige. But for these people, in the shadows lurks the specter of the iconic ghetto \u2013 it is always in the background, shaping the dominant white society\u2019s conception of the anonymous Black person as well as the circumstances of Black people in all walks of life. Elijah Anderson is the Sterling Professor of Sociology and of African American Studies at Yale University This piece was adapted from Black in White Space: The Enduring Impact of Color in Everyday Life by Elijah Anderson (University of Chicago Press 2022)"}