{"headline": "Our climate solutions are failing - and Big Oil\u2019s fingerprints are all over them", "standfirst": "For the first time, a IPCC report has acknowledged the role of misinformation. But it still doesn\u2019t name the culprits", "author": "Amy Westervelt", "date": "Mon 7 Mar 2022 13.00 CET", "text": "People who do not spend their days reading climate reports or scouring the archives of oil companies are often surprised to hear that the fossil-fuel industry has been part of the Intergovernmental Panel on Climate Change (IPCC) since its inception. And it\u2019s not just the IPCC. Oil companies have been involved in the entire international effort on climate change since it began in the late 1980s \u2013 and here\u2019s a pro tip: they\u2019re there for a reason, and it\u2019s not decarbonisation. The second part of the IPCC\u2019s most recent report was published last week, and it finally acknowledged the oil industry\u2019s biggest contribution to the climate space thus far: misinformation. This was followed closely by another new-to-the-IPCC topic: maladaptation, which refers to measures ostensibly geared towards warding off climate change, but which \u201cmay lead to increased risk of adverse climate-related outcomes, including via increased greenhouse gas emissions, increased or shifted vulnerability to climate change, more inequitable outcomes, or diminished welfare\u201d, according to the IPCC. The report points to \u201cgreen gentrification\u201d \u2013 the introduction of green spaces to a neighbourhood, which can increase property value and push low-income residents out \u2013 as an example of a measure that \u201coffers nature-based solutions to the few\u201d. Whether an action is maladapted can depend on context, the report\u2019s authors add, for instance, air conditioning can reduce risk for the individual but is maladaptive at a societal level. The report\u2019s authors did not draw a connection between misinformation and maladaptation, opting instead to assert that maladaptation is often unintended. Yet an increasing number of peer-reviewed studies point to the fossil-fuel industry\u2019s fingerprints on that particular problem as well, thanks to the role it plays as a primary funder of university research on not only climate science, but also policy and economics, as well as its penchant for greenwashing solutions that don\u2019t work, or that work only for the few. IPCC authors were more direct when it came to misinformation. The North America summary notes that \u201cmisinformation about climate science \u2026 has sowed uncertainty, and impeded [the public\u2019s] recognition of risk\u201d. A few paragraphs later, it adds that both misinformation and \u201cpoliticisation\u201d of the science are \u201cdelaying urgent adaptation planning and implementation\u201d. But the closest it gets to taking the next step and naming the source of misinformation \u2013 oil companies \u2013 is to vaguely note that \u201cvested interests have generated rhetoric and misinformation that undermines climate science and disregards risk and urgency\u201d. This is the first time the IPCC has mentioned misinformation in its reports. Why? Maybe it\u2019s because the panel has finally included social scientists, who have the receipts on those \u201cvested interests\u201d and may be more willing to push back against them. If you\u2019re wondering why they\u2019ve included oil company staffers since 1988, but only recently let social scientists in \u2026 good question. To answer it, we have to go back in time a bit. The year 1972 was a big one for international environmental affairs, thanks to the United Nations Conference on the Human Environment (UNCHE), which produced the Stockholm declaration. This groundbreaking document made environmental issues global, emphasising conservation, the redistribution of resources, and state responsibility for environmental damage both within and beyond borders. It also contained little to no consideration of business interests. \u201cTo the extent that industry was included at all in the UNCHE negotiations, it was as a culprit and a threat,\u201d Melissa Aronczyk and Maria Espinoza write in their recent book, A Strategic Nature. Combined with an explosion in environmental regulations all over the world (from 1970 to 1972 alone, the US created the Environmental Protection Agency and passed the Clean Air Act, Clean Water Act and National Environmental Policy Act) the Stockholm declaration was a huge wake-up call to industry that the world was taking this environmental stuff seriously. They were caught a bit flat-footed \u2013 but not for long. By 1988, a handful of oil companies and trade groups were involved in the IPCC process. Their numbers grew every year, as did their prominence, and they moved from being observers and reviewers to authors. By 1998, Brian Flannery, a former climate modeller and then manager at ExxonMobil and a key part of the company\u2019s shift from researching climate change to casting doubt on climate science, was lead author of the \u201cWorking Group III\u201d assessment in the IPCC\u2019s third report. The group works on mitigation \u2013 actually reducing CO2 emissions \u2013 definitely not something you want an Exxon guy in charge of, especially during the company\u2019s peak climate-denial years. Flannery took the lead on Working Group III for the fourth report, too, which was published in 2007. In the 20 years between the UNCHE and the 1992 Rio Earth summit, which was the precursor to what we now call the Conference of Parties or COP events, the business community fully infiltrated international discussions on environmental issues and successfully moved the goalposts. Gone was the emphasis on government regulation, replaced by a sort of big-tent approach that included business interests and prioritised compromise. \u201cSome enlightened leaders of enterprises are already implementing \u2018responsible care\u2019 and product stewardship policies and programmes,\u201d Agenda 21, one of the defining documents to come out of the 1992 Rio summit, noted approvingly. \u201cA positive contribution of business and industry, including transnational corporations, to sustainable development can increasingly be achieved by using economic instruments such as free market mechanisms.\u201d That shift in tone, from regulation in 1972 to compromise in 1992, is a crucial one, because the Rio Earth summit also produced the United Nations Framework Convention on Climate Change (UNFCC), which informed the creation of the IPCC and its reports, as well as every international climate agreement since. In contrast to the 1972 convening, the UN encouraged business-community participation in 1992 \u2013 and industry groups were happy to comply. They drafted their own \u201csustainable development charter\u201d to bring to Rio. \u201cAnd as you can imagine, this charter did not contain anything that would have really transformed how companies did business,\u201d Aronczyk says. \u201cIt was a very business-as-usual document, but it paid a lot of lip service to the idea of going green, of being sustainable, being very concerned about the environment. And because they got out in front of the actual conference, they were really able to put that document forward and stave off other kinds of more binding legislation or more draconian regulations that would have caused problems for these companies\u2019 profits.\u201d Social scientists have been arguing for decades that the biggest obstacle to climate action is not a lack of scientific understanding or data, but a lack of political will. It was only after producing a growing mountain of peer-reviewed literature, and convincing many atmospheric scientists of their value as well, that they were finally included and, it seems, listened to. So it is that we would go another nearly 30 years before the IPCC would warn the world about climate change with the kind of urgency that accompanied its 2018 report, or point to industry-fuelled efforts like misinformation and maladaptation today. Many are now eagerly awaiting the Working Group III report, which is due out in April and includes the most input from social scientist authors \u2026 but was reviewed by a Chevron staffer, naturally. Amy Westervelt is a climate journalist and the founder and executive producer of the Critical Frequency podcast network"}