{"headline": "The Guardian view on bridging human and machine learning: it\u2019s all in the game", "standfirst": "A French startup may have cracked AI\u2019s problem of trust with software that can learn better than humans \u2013 and express that learning", "author": "Editorial", "date": "Wed 30 Mar 2022 19.46 CEST", "text": "Last week an artificial intelligence \u2013 called NooK \u2013 beat eight world champion players at bridge. That algorithms can outwit humans might not seem newsworthy. IBM\u2019s Deep Blue beat world chess champion Garry Kasparov in 1997. In 2016, Google\u2019s AlphaGo defeated a Go grandmaster. A year later the AI Libratus saw off four poker stars. Yet the real-world applications of such technologies have been limited. Stephen Muggleton, a computer scientist, suggests this is because they are \u201cblack boxes\u201d that can learn better than people but cannot express, and communicate, that learning. NooK, from French startup NukkAI, is different. It won by formulating rules, not just brute-force calculation. Bridge is not the same as chess or Go, which are two-player games based on an entirely known set of facts. Bridge is a game for four players split into two teams, involving collaboration and competition with incomplete information. Each player sees only their cards and needs to gather information about the other players\u2019 hands. Unlike poker, which also involves hidden information and bluffing, in bridge a player must disclose to their opponents the information they are passing to their partner. This feature of bridge meant NooK could explain how its playing decisions were made, and why it represents a leap forward for AI. When confronted with a new game, humans tend to learn the rules and then learn to improve by, for example, reading books. By contrast, \u201cblack box\u201d AIs train themselves by deep learning: playing a game billions of times until the algorithm has worked out how to win. It is a mystery how this software comes to its conclusions \u2013 or how it will fail. NooK nods to the work of British AI pioneer Donald Michie, who reasoned that AI\u2019s highest state would be to develop new insights and teach these to humans, whose performance would be consequently increased to a level beyond that of a human studying by themselves. Michie considered \u201cweak\u201d machine learning to be just improving AI performance by increasing the amount of data ingested. His insight has been vindicated as deep learning\u2019s limits have been exposed. Self-driving cars remain a distant dream. Radiologists were not replaced by AI last year, as had been predicted. Humans, unlike computers, often make short work of complicated, high-stake tasks. Thankfully, human society is not under constant diagnostic surveillance. But this often means not enough data for AI is available, and frequently it contains hidden, socially unacceptable biases. The environmental impact is also a growing concern, with computing projected to account for 20% of global electricity demand by 2030. Technologies build trust if they are understandable. There\u2019s always a danger that black box AI solves a problem in the wrong way. And the more powerful a deep-learning system becomes, the more opaque it can become. The House of Lords justice committee this week said such technologies have serious implications for human rights and warned against convictions and imprisonment on the basis of AI that could not be understood or challenged. NooK will be a world-changing technology if it lives up to the promise of solving complex problems and explaining how it does so."}