{"headline": "When the same awful thing happens often enough, it ceases to be newsworthy \u2013 and that is a big problem", "standfirst": "Ukraine has slipped down the news agenda, when so recently it was all we could talk about. But the media has to move on \u2013 and that has always troubled me", "author": "Adrian Chiles", "date": "Wed 30 Mar 2022 17.32 CEST", "text": "For more than a week after Russia invaded Ukraine, there was almost nothing else in the news. It was all we talked about on the radio, which felt right. Then I was on holiday for a week and off with Covid for a further week. When I was back presenting my programme on BBC Radio 5 live after this fortnight away, subjects other than Ukraine were in our running order. This was inevitable, I suppose, even though the situation in Ukraine was by then considerably more dire than it had been. Our coverage still dominated airtime, but, somehow, Ukraine could no longer have our undivided attention, because the story was no longer new. One atrocity followed another and steadily, appallingly, they lost the power to shock. The less new a story is, the less it counts as news. The clue, after all, is in the word itself. If you are in a cellar in Mariupol, you can\u2019t move on; you can probably never move on. But the media have to move on; the \u201cnew\u201d in news demands it. This is a real problem. It has always troubled me and I have no clue what the answer is. This week, riding from west London to Yorkshire on my motorbike, I did a long, not especially enjoyable, stretch on the M1. I love riding my bike \u2013 no telephone or radio, just you and the need to be hyperaware of the dangers around you. It\u2019s mindful for me; a time to think. I got to thinking about Ukraine and the new in news and my mind turned, naturally enough, given what I was doing, to road accidents. Last year was a relatively light one for casualties, thanks to Covid restrictions and so on. Nevertheless, there were 580 deaths and 10,730 serious injuries. That is more than 11 deaths and 200 serious injuries a week. Unless they happen to be grouped together in an awful pile-up, or some other unusual factor is in play, these tragedies merit next to no mention beyond traffic reports lamenting the hold-ups caused. Road deaths aren\u2019t new, ergo road deaths aren\u2019t news. While this is startlingly obvious, the issue of what does and doesn\u2019t make news could hardly be more serious. When the same awful thing happens often enough, it ceases to be unusual enough to merit mention. In this deafening silence surrounding the mundanity of tragedy, all manner of evil is able to proliferate. Domestic violence perpetrated by men against women is an obvious example. So much of it goes on that, for day-to-day reporting of it, you have to check your local press \u2013 if you still have any local press to refer to \u2013 and read as far as the \u201cnews in brief\u201d. If a woman has harmed a man, of course, we will doubtless get to hear more about it. There is sexism in this, but what we might call \u201cnewism\u201d is the critical factor. For a check on the history of the word \u201cnews\u201d, I went, as I always do, to the etymologist Susie Dent. (My, how she must regret giving me her number.) She pointed me to etymonline.com: So, news has always been about what is new or newsworthy \u2013 a word for which, Susie points out, the Oxford English Dictionary has citations dating back to 1596. This carries at least the implication that news should consist of what is worthy of mention, not merely what happens to be topical. Modern dictionary definitions of news and newsworthy tend to refer to them being about what is \u201cinteresting\u201d to people, rather than what is \u201cimportant\u201d. There is a difference: the former generates more engagement, and therefore sales and clicks, than the latter. Many news organisations do everything they can to mitigate this, but the fight against human nature and our dwindling attention spans is a tough one. Domestic violence, knife crime and life-endangering waits for ambulances are three among many examples of stories that are not new enough to get anywhere near the coverage they need to bring about change. When this is pointed out, we tend to say something like: \u201cGod, yes, that\u2019s true.\u201d There is a worse category than this, though: the stories that elicit only a shrug, because, awful though they are, someone will merely say: \u201c\u2019Twas ever thus.\u201d I promise you, pick your personal gripe about the state of the world and you will have yourself a good example of this. Access to legal justice is mine. We have this hard-wired notion in the UK that, if accused of something, we all deserve and would get a fair trial. Yet everyone in the business, by choice or otherwise, knows that justice is only open for all in the sense that the Ritz is open for all \u2013 it\u2019s available to you only if you can afford it. An inner-city kid standing trial might not even meet his barrister until the first day in court. A kid whose family has plenty of dosh will have a team of lawyers working on his defence for months on end. Something is plainly wrong here, I might holler in despair. \u201c\u2019Twas ever thus,\u201d someone will holler back. As long as we can focus on or care about only what is new, the \u2019twas-ever-thuses will grow. This is where newism, the fetishisation of the new in news, inevitably takes us.  Adrian Chiles is a broadcaster, writer and Guardian columnist"}