{"headline": "Time for Clarence Thomas to recuse himself from election cases \u2013 his wife\u2019s texts prove it", "standfirst": "Ginni Thomas\u2019s advocacy for an overturned 2020 election show a clear conflict of interest on the supreme court", "author": "Lloyd Green", "date": "Sun 27 Mar 2022 12.00 CEST", "text": "Ginni Thomas is a rightwing firebrand, married to the supreme court justice Clarence Thomas. She is also wedded to the lie that Joe Biden stole the 2020 presidential election. In a recently revealed 10 November 2020 email to Mark Meadows, Trump\u2019s then chief of staff, she opined: \u201cThe majority knows Biden and the Left is attempting the greatest Heist of our History.\u201d It was up to Meadows to help overturn the election. Unfortunately for all of us, Justice Thomas may agree with his wife\u2019s political agenda. In February 2021, Thomas dissented from the rejection by the court of a challenge brought by Pennsylvania Republicans to the results of the 2020 election. He called the refusal by the six-person majority \u201cinexplicable\u201d, even as he acknowledged that the election had been \u201cfree from strong evidence of systemic fraud\u201d. Almost a year later, history repeated itself. His was the lone dissent in a January 2022 ruling that blocked Donald Trump\u2019s efforts to shroud White House records from the 6 January special committee. Compounding the question marks, Thomas offered no rationale for his vote. Against this backdrop, Thomas\u2019 capacity to rule on matters pertaining to congressional investigations and elections is doubtful. Moving forward, he should recuse himself from those types of cases. And if that is too much to ask, Thomas should simply resign. The code of conduct for US judges admonishes the federal judiciary not to \u201callow family, social, political, financial, or other relationships to influence judicial conduct or judgment\u201d. In that same vein, the US code calls for disqualification where a justice\u2019s \u201cimpartiality might be reasonably questioned\u201d. By design, the law prohibits the personal from becoming the political. Going back in time, conservatives became agitated when Elena Kagan, a Thomas colleague and Obama appointee, failed to recuse herself in the challenge to the Affordable Care Act. Their argument was straightforward. Kagan had served as solicitor general in the Obama administration and helped map a defense of the law. At the justice department, Kagan emailed Laurence Tribe, saying of Obamacare: \u201cI hear they have the votes, Larry!! Simply amazing.\u201d She was nothing if not overtly partisan. In response, Herman Cain \u2013 a candidate for the 2012 Republican presidential nomination \u2013 called for Kagan\u2019s recusal and cited to the US code. Over at the National Review, Eric Segall, a law professor at Georgia State University, wrote that Kagan should \u201crecuse herself based on the undisputed fact that her office, the Office of the Solicitor General, and her top deputy \u2026 were undeniably involved, from the beginning, in the Obama administration\u2019s litigation strategy\u201d. This time, however, the right is silent. Ginni Thomas is one of them, and then some. She has served as a director of CNP Action, the dark-money branch of the deep-pocketed and well-connected Council for National Policy. To put things in context, at least six current or former CNP members helped promote \u201cStop the Steal\u201d rallies. Brent Bozell IV, son of the CNP gold circle member Brent Bozell III, was arrested for storming the Capitol. And then there is John Eastman, who clerked for her husband. Eastman finds himself at the center of the post-January 6 storm. He was a member of the Trump war room at the Willard hotel and begged Mike Pence not to certify the election. Eastman was up to his eyeballs in muck. Pence\u2019s chief counsel, Greg Jacob, wrote him: \u201cThanks to your bullshit, we are now under siege.\u201d Undeterred, Eastman replied: \u201cThe \u2018siege\u2019 is because YOU and your boss did not do what was necessary to allow this to be aired in a public way so that the American people can see for themselves what happened.\u201d These days, Eastman invokes his right against self-incrimination and battles congressional oversight. Thomas and the right may care to draw upon the legacy of the late William Rehnquist, the former chief justice who presided over the 1999 impeachment trial of Bill Clinton. In the summer of 1974, the supreme court confronted Richard Nixon\u2019s claim of executive privilege in connection with the Watergate tapes, and Rehnquist faced a dilemma. He had previously served in the Nixon\u2019s justice department, and Nixon had referred to him as \u201cRenchberg\u201d in a taped conversation. As a younger man, Rehnquist was a member of the \u201cteam\u201d. However, faced with Nixon\u2019s appeal, Rehnquist recused himself. The court decided the case without his input or vote. In the end, the court rejected Nixon\u2019s claim, 8-0. More likely than not, Thomas won\u2019t choose Rehnquist\u2019s path. Placating Ginni, nursing decades-old grievances, and drawing a paycheck is the easier route to take. Lloyd Green is an attorney in New York. He was opposition research counsel to George HW Bush\u2019s 1988 campaign and served in the Department of Justice from 1990 to 1992"}