{"headline": "The Observer view on why Europe must redouble its pressure on Putin", "standfirst": "As Russia\u2019s attack on Ukraine falters, the west has to show there are no cracks in its support for Volodymyr Zelenskiy", "author": "Observer editorial", "date": "Sun 27 Mar 2022 08.00 CEST", "text": "No amount of propaganda or fake news can disguise the fact that President Vladimir Putin and Russia\u2019s invaders are in deep trouble in Ukraine. The problem is partly military. Moscow\u2019s forces have failed to secure major cities, including the capital, Kyiv. They have suffered tens of thousands of casualties \u2013 including 16,000 dead, according to Ukraine \u2013 and lost hundreds of tanks, planes and armoured vehicles. Bad planning, poor logistics, incompetent leadership and rock-bottom morale, sparking reported mutinies, have undermined their entire operation. Yet Putin\u2019s problem is also political and ideological. Russia has almost zero international support. And in an extraordinary intervention that is certain to infuriate and antagonise the Kremlin, US president Joe Biden said in Poland on Saturday: \u201cFor God\u2019s sake, this man cannot remain in power.\u201d At home, too, Putin faces mounting criticism. Russia\u2019s people and army do not seem to have any clear idea what grand cause supposedly justifies their sacrifices in Ukraine. Not so Ukrainians, both soldiers and civilians, whose courageous, highly effective defence of their homeland has held the world spellbound and paralysed Putin\u2019s war machine. They have no doubt of what they are fighting for: for their children, for their future as a sovereign nation, for democracy. It is no exaggeration to say, with President Volodymyr Zelenskiy, that Ukraine is fighting for Europe and the world against the reactionary forces of autocracy and authoritarianism, a central theme of President Joe Biden\u2019s Warsaw speech. The latest Moscow defence ministry statement saying that Russia will henceforth \u201cfocus our core efforts\u201d on achieving \u201cthe main goal, the liberation of Donbas\u201d, while disingenuous, may nevertheless be seen as an admission that Russia has failed in its wider aims, as vaguely set out by Putin, of \u201cdenazifying\u201d and \u201cdemilitarising\u201d all of Ukraine and forcing regime change on Kyiv. It may be this statement is another lie. It may be that Russia\u2019s commanders are trying to regroup. But it does give cause for cautious optimism. Sensing weakness, Zelenskiy has been quick to renew his call for unconditional peace talks. He is right to do so. If it ever gets its act together, Russia\u2019s military remains a formidable if wounded beast. It has reserves of men and weaponry that Ukraine can only dream of. If the battlefield stalemate continues and its humiliation deepens, Russia also has chemical and biological weapons. Fears that Putin may resort to such extremes produced a stern warning from Biden last week of an unspecified, consequential Nato response. An immediate ceasefire, followed by talks that do not seek to make Ukraine\u2019s territorial integrity the price of peace, must be the aim. Neither side lacks incentives. The suffering of Ukraine\u2019s people is dreadful. About a quarter of the population is displaced. Millions have fled abroad. The prospect of more war crimes and massacres, such as that in Mariupol, where up to 300 women and children reportedly died in a theatre bombing, is unsupportable. Putin needs to stop, too, if only to prevent permanent damage to Russia\u2019s economy, its global standing and his hold on power. Does he see this? Who knows? At this fragile juncture, the clear responsibility of the western democracies, working through Nato and the EU, is to step up pressure on the Kremlin to stop the war \u2013 not in any way to ease off. Unfortunately, there are signs the latter may be happening. Influenced by France and Germany, last week\u2019s EU summit failed to impose significant new sanctions. Russia\u2019s hugely lucrative EU oil and gas exports are largely unaffected so far. Calls by the Baltic republics for a ban on Russian road freight and shipping were ignored. And Ukraine\u2019s EU membership hopes were dashed anew. A parallel Nato summit also saw too much self-congratulation and too little self-examination. Despite Biden\u2019s talk of unprecedented alliance unity, there are clear divisions. Poland and other east European members have pressed in vain for a more robust military approach, for example by supplying MiG-29 fighter planes. Boris Johnson\u2019s idea of sending tanks was reportedly quashed by President Emmanuel Macron. Promised weaponry from France and Germany has not arrived. Speaking via video link, Zelenskiy bitterly complained that the more sophisticated armaments Ukraine needs are not forthcoming and personally challenged leaders who he said were dragging their feet. It may be that Putin is becoming more realistic. Or that, observing intra-European tensions, he is playing for time. It\u2019s possible that, in any negotiation, he would settle for the territorial gains he has made in the Donbas region while trying to hang on to a southern \u201cland bridge\u201d to Crimea. It\u2019s possible, too, that some European countries might favour such a deal and even offer to lift sanctions, if it stopped the war, the refugee exodus and the economic damage it is causing them. Such concessions would be difficult, even impossible, for many Ukrainians to accept and they should not be pushed into making them. Ukraine must ultimately decide how and when this ends. Meanwhile, this is not the moment to ease western pressure on a flailing Russia and its war criminal president."}