{"headline": "The Guardian view on public interest: democracy rests on a free press", "standfirst": "Chris Mullin\u2019s high court victory is a reminder that journalism must be protected from the baleful gaze of power", "author": "Editorial", "date": "Sun 27 Mar 2022 19.25 CEST", "text": "Last week saw a good day for press freedom. An Old Bailey judge ruled that Chris Mullin, the former Labour minister and journalist, would not have to hand over the notes that he made while looking a decade later into the 1974 IRA Birmingham pub bombings. The West Midlands police had applied for an order under terror laws to force Mr Mullin to reveal the sources for his 1986 book, Error of Judgement, and the television documentaries he later worked on. He declined to do so, and the court backed him. This was the right decision. Protection of journalists\u2019 sources is a cornerstone of the free press in a democracy. Mr Mullin had, through years of patient digging, exposed significant and important failures by the police that resulted in the wrongful conviction and imprisonment of six innocent men. To prove the guilty men were free, Mr Mullin had to find out who they were. To discover this, he had to give assurances that he would not reveal his sources. The court heard that one bomber had confessed to Mr Mullin and that he had notes from speaking to another alleged bomber. Without giving his word to former members of the IRA, it is hard to see how this miscarriage of justice would have been overturned. The relatives of the victims of the attack deserve sympathy and understanding. The bombs planted by the IRA in two Birmingham pubs killed 21 people. More than 200 were injured, some of whose lives would never be the same again. None of those responsible have been brought to justice. Mr Mullin did voluntarily give the police some redacted notes, but drew a line when officers demanded more. While the judge, Mark Lucraft QC, said he had \u201creasonable grounds for believing\u201d Mr Mullin\u2019s notebooks were \u201clikely to be of substantial value\u201d to police, he found in Mr Mullin\u2019s favour. This judgment reaffirms the role of the media as a public watchdog in a democratic society. If journalists were compelled to reveal their sources, it would be much more difficult for them to obtain information and to inform the public of serious matters. A not dissimilar judgment was reached by Northern Ireland\u2019s lord chief justice in 2020 when he quashed police warrants used to search journalists\u2019 homes and workplaces. Mr Mullin\u2019s work had profound effects on the police. Not only was the notorious West Midlands serious crime squad disbanded, but at least 30 other convictions were quashed. His victory last week is a reminder that journalism must be protected from the baleful gaze of power. Journalists are, as a profession, not always held in the highest of regard. But the best among them take huge risks to expose corruption, hypocrisy or deception in high places. Reporters\u2019 work, prior to the recognition of such wrongdoing, is not always appreciated \u2013 especially by those who have an interest in letting sleeping dogs lie. Our present media landscape has no shortage of critical opinions. Rarer is it to find pursuers of inconvenient facts. When one comes along, as was the case with Mr Mullin, journalism must be suffered by those in authority so that freedom of expression and the right of the public to know are preserved."}