{"headline": "The Guardian view on Putin and the world: it\u2019s not just about China", "standfirst": "The Russian president may look isolated over Ukraine, but important players are hedging their bets", "author": "Editorial", "date": "Sun 27 Mar 2022 19.30 CEST", "text": "When Vladimir Putin recognised Donetsk and Luhansk as independent republics, days before his invasion of Ukraine, one of the most powerful denunciations came from Kenya\u2019s envoy to the UN. Martin Kimani cited his country\u2019s own history as he warned against irredentism and expansionism: \u201cWe must complete our recovery from the embers of dead empires in a way that does not plunge us back into new forms of domination and oppression,\u201d he said. On two general assembly resolutions \u2013 the first denouncing the invasion, the second blaming Russia for creating a humanitarian crisis \u2013 140 or more nations have approved. Only four have voted with Russia to oppose them: a rogues\u2019 gallery of Belarus, Eritrea, Syria and North Korea. Yet widespread condemnation, along with the west\u2019s unexpected unity, should not be mistaken for Russian isolation. Having boasted of a relationship with \u201cno limits\u201d, and sharing a common interest in countering the global might of the US and Nato, China is now seeking to portray itself in a more nuanced light and avoid economic and political damage \u2013 but is not, in reality, distancing itself from Russia. Beijing is not alone. Few of the world\u2019s most populous nations, and only a few leading players outside the west, have assailed Mr Putin. Imran Khan, Pakistan\u2019s prime minister, was in Moscow as the tanks rolled into Ukraine. India, which has a longstanding strategic relationship with Russia and high anxiety about its ties to both Pakistan and China, has discussed a \u201crouble-rupee\u201d swap to help Moscow beat western sanctions. In Brazil, Jair Bolsonaro \u2013 courted by Mr Putin \u2013 even sees the war as a \u201cgood opportunity\u201d to encroach on indigenous land in search of materials for fertiliser. Russia\u2019s influence in and dealings with the Middle East have expanded substantially since its decisive role in the Syrian war, leaving many countries hedging their bets, in the midst of a broader realignment of the region. Saudi Arabia\u2019s crown prince, Mohammed bin Salman, recently refused to take Joe Biden\u2019s call \u2013 a week after speaking to Vladimir Putin. The UAE said no to a call too. It voted against Russia at the UN general assembly, where votes are non-binding and largely symbolic, but abstained in a similar vote at the security council, which would have had more weight. South Africa initially called for the withdrawal of Russian troops, but then blamed Nato expansion for the war. Sixteen other African nations joined it in abstaining in the first general assembly vote thanks to growing economic ties, as well as a long-established position of non-alignment and the Soviet Union\u2019s support for liberation movements. The war has triggered, not caused, a dramatic new phase in the long-term reshaping of our world. Trumpism has done more than China\u2019s growing might to accelerate perceptions of US decline. Selective compassion and double standards have increased suspicion and rancour. Another illegal war \u2013 Iraq \u2013 looms largest. But many also note the contrast between the welcome outpouring of concern for Ukrainian refugees in Europe and widespread indifference or hostility to those fleeing other wars. Russia\u2019s use of cluster munitions is rightly condemned, but Mr Biden has yet to reverse his predecessor\u2019s decision to axe a ban on their use. Kenya\u2019s righteous criticism of Russia\u2019s aggression came with a pointed addendum: a condemnation of \u201cthe trend in the last few decades of powerful states, including members of this security council, breaching international law with little regard\u201d. Mr Putin\u2019s current position reflects not only his willingness to aid unsavoury regimes, and his malign interference around the world, but also the sins and failures of the US and the west. To address these is not a hopelessly idealistic endeavour, but one of necessary realism, if we are to forge the powerful alliances needed against cruel acts of aggression."}