{"headline": "Ukraine\u2019s victories in the \u2018TikTok war\u2019 won\u2019t stop Vlad the Invader\u2019s missiles", "standfirst": "The Russians are unexpectedly losing the battle on social media. But defeating Putin on the ground is another matter", "author": "John Naughton", "date": "Sat 5 Mar 2022 17.00 CET", "text": "So is the conflict in Ukraine \u2013 as some of the world\u2019s media seem to think, the \u201cTikTok war\u201d \u2013 or, more generically, \u201cthe first social media war\u201d? As Russian tanks rolled into the country, videos of frightened people huddling together, explosions blasting through urban streets and missiles streaking across Ukrainian skies suddenly replaced TikTok\u2019s usual fare of memes, jokes, fitness and dance videos. \u201cUkrainian social media influencers,\u201d reported Reuters, \u201cuploaded bleak scenes of themselves wrapped in blankets in underground bunkers and army tanks rolling down residential streets, juxtaposed against photos of blooming flowers and laughing friends at restaurants that honoured more peaceful memories of their home towns. They urged their followers to pray for Ukraine, donate to support the Ukrainian military and demanded Russian users in particular to join anti-war efforts.\u201d TikTok users across the country began livestreaming the war and the buildup of Russian forces, denying Vlad the Invader the ability to dominate the narrative about what was happening. All of which is impressive. It was a light (sometimes the only light last week) shining in the darkness. What we were seeing, wrote Chris Stokel-Walker on Vice, was the \u201cmeme-ification of the Ukraine invasion\u201d. In a networked world, this is supposedly a big deal because memes can be used to dominate the information space \u2013 now believed to be an important element of any conflict. The strange thing is that, up to now, we thought that the Russians were the Olympic champions of this stuff. One thinks of the famous \u201cGerasimov doctrine\u201d \u2013 their new theory of modern warfare that emphasised hacking an enemy\u2019s society rather than attacking it head-on. And yet in the early days of the assault on Ukraine, they\u2019ve been struggling to gain a foothold, partly because of the way western tech platforms have silenced Russian disinformation agencies, but also because pro-Ukrainian voices are drowning them out on Twitter, Instagram, Facebook and TikTok. Why has TikTok become so important in this story? One answer, suggests Stokel-Walker, is that \u2013 as a medium \u2013 it\u2019s ideally suited to war. It \u201cthrows users headlong into an immersive, endless stream of snappy content\u201d, he writes, and \u201cis designed to monopolise attention. Even legitimate information can work by appealing to outrage \u2013 and there are few things more outrageous than what\u2019s going on in Ukraine at present.\u201d TikTok makes it really easy for users to become creators themselves just by responding to existing videos \u2013 and in the process boost the virality of what appears in their feeds. That has its downsides, though \u2013 just as the \u201cretweet\u201d button on Twitter has. If you\u2019re just building on something you\u2019ve received from someone else, that means you might be inadvertently recirculating misinformation. One viral hit, for example \u2013 a video clip posted on TikTok and labelled \u201cBro fucking Russian paratrooper filming there [sic] TikTok while dropping in Ukraine\u201d \u2013 turned out to have originally been posted on Instagram in 2015. This is not to suggest that TikTok is more riddled with disinformation than other social media, just that the authenticity of what appears on it can be difficult to establish. The upside is that the internet is also good at debunking falsehoods. The Russians have already had some experience of this. On 21 February the country\u2019s Tass news agency reported that five Ukrainian soldiers had crossed the border into Russia in two armoured personnel carriers and that Russian forces destroyed both vehicles and killed the five Ukrainians in them. In no time at all, online sleuths at Bellingcat exposed the video as fake news. Geolocation data showed that it had been filmed not in Russia but inside the occupied part of Ukraine; and the destroyed personnel carriers were a type that Ukraine doesn\u2019t own, painted over to make them look Ukrainian. Seeing the embattled Ukrainians vanquish Putin on social media is deeply satisfying. But there\u2019s a whiff of Arab spring about it \u2013 a tendency to confuse online excitement with more sobering realities of power, ideology and ruthlessness. When Stalin was informed that the pope was opposed to something he wanted to do, his icy riposte was: \u201cAnd how many divisions has the pope?\u201d Something similar applies today. Faced with the rout of his bots on social media and his banishment from tech platforms, Vlad the Invader might similarly inquire how many missiles does TikTok or Facebook possess? And he knows the answer, as do we in our hearts. The battle for Ukraine won\u2019t be fought with memes. Nuclear option Yes, He Would: Fiona Hill on Putin and Nukes is a transcript of a remarkable and sobering Politico interview with a former White House insider. Natural selection Lee Schofield\u2019s fascinating essay A Future for the Lake District examines how the Royal Society for the Protection of Birds has been rewilding part of a \u201ccherished landscape\u201d. Take note Notes apps are where ideas go to die is an interesting essay by Matthew Guay that makes uncomfortable reading for some of us."}