{"headline": "America\u2019s culture war is spilling into actual war-war", "standfirst": "To US conservatives, the real enemy is the \u2018militant left wing\u2019 in the United States. How did it come to this?", "author": "Thomas Zimmer", "date": "Fri 4 Mar 2022 11.18 CET", "text": "America is divided. That\u2019s not news. But the authoritarian ruler in the Kremlin deciding to invade a democratic neighbor \u2013 that\u2019s the type of international crisis that traditionally might have inspired some closing of the ranks: set differences aside, let domestic quarrels rest. But conservatives are evidently out on the idea of patriotic unity. The right\u2019s reactions to Russia\u2019s attack on Ukraine have ranged from blatant admiration for Putin to anti-Russian saber-rattling combined with a shrill critique of President Joe Biden. Donald Trump initially called the invasion \u201cgenius\u201d; he then defended his position at the Conservative Political Action Conference (CPAC) over the weekend, adding that Nato was \u201cnot so smart\u201d and \u201cour leaders are dumb.\u201d Meanwhile, America\u2019s most successful cable news host Tucker Carlson ridiculed American solidarity with Ukraine, a country he derided as \u201ca tyranny\u201d, led by \u201cthe people who paid off Joe Biden\u2019s family\u201d. Donald Trump is the political leader of the Republican party and probably its next presidential candidate. Tucker Carlson is one of the premier rightwing culture warriors in the country. Trump and Carlson are not fringe voices, and they aren\u2019t outliers either: a last week\u2019s CPAC, conservative speakers focused their ire on Joe Biden\u2019s supposed weakness as the real cause for Putin\u2019s aggression; and they left no doubt who they considered the biggest threat \u2013 the \u201cenemy within\u201d, as Senator Rick Scott put it, the \u201cmilitant left \u2013 wing in our country\u201d. It may feel shocking, but it shouldn\u2019t be surprising that many Republican leaders and conservative elites think the American president is a more dangerous enemy than the Russian autocrat. There is an influential tradition on the right of idolizing Putin as a defender of white Christian values against the onslaught of secular, \u201cleftist\u201d liberalism. In 2013, for instance, Pat Buchanan, a leading voice on the \u201cpaleoconservative\u201d traditionalist right, described Putin as \u201cone of us,\u201d an ally in what he saw as the defining struggle of our era, \u201cwith conservatives and traditionalists in every country arrayed against the militant secularism of a multicultural and transnational elite\u201d. Similarly, in 2014, the famous evangelist Franklin Graham lauded Putin for having \u201ctaken a stand to protect his nation\u2019s children from the damaging effects of any gay and lesbian agenda\u201d \u2013 an agenda Barack Obama was supposedly pursuing in the US. After the 2016 election, the simmering admiration for Putin morphed into GOP orthodoxy, with Donald Trump himself leading the Republican party\u2019s pro-Russia turn. This rapprochement shaped the right well beyond conservative elites. Among voters in general, support for Donald Trump correlates strongly with a favorable opinion of Putin, and Americans who define the US as a \u201cChristian nation\u201d have a much more favorable view of Putin\u2019s Russia. As recently as January 2022, Putin had a significantly higher approval rating among Republicans than Joe Biden. Such authoritarian, white Christian nationalist, anti-\u201cleft\u201d leanings are now informing the right\u2019s reaction to Russia\u2019s invasion of Ukraine. The far right is all in on Putin \u2013 Steve Bannon, for instance, declared his support because \u201cPutin ain\u2019t woke, he is anti-woke.\u201d On the Christian nationalist wing of the Republican party, Lauren Witzke, the Delaware Republican party\u2019s candidate for Senate in 2020, proudly declared that she supported Putin because he protects \u201cour Christian values. I identify more with Russian, with Putin\u2019s Christian values than I do with Joe Biden.\u201d Not to be outdone, the Arizona state senator Wendy Rogers emphasized that \u201cI stand with Christians worldwide and not the global bankers who are shoving godlessness and degeneracy in our face\u201d; in case it wasn\u2019t entirely clear whose side she was on, she added that Ukrainian president Zelenskiy, who is Jewish, was \u201ca globalist puppet for Soros and the Clintons\u201d. Tucker Carlson, finally, representative of a whole phalanx of rightwing media activists, boldly declared in the days before the invasion why his problem was not with Russia: \u201cHas Putin ever called me a racist? Has he threatened to get me fired for disagreeing with him?\u201d The message was clear: the real threat was the \u201cwoke\u201d cancel mob at home, not the staunch defender of Christian values abroad. Vladimir Putin understands his appeal to western reactionaries precisely. He likes to present himself as an ally in the fight against \u201cwokeism\u201d. In a much-publicized speech in October 2021, for instance, he attacked \u201ccancel culture\u201d and the west\u2019s supposed obsession with trans rights, called the teaching of gender fluidity \u201con the verge of a crime against humanity\u201d, railed against \u201creverse discrimination against the majority in the interests of minorities\u201d, and emphasized his love for traditional \u201cfamily values\u201d. This speech, in particular, got Putin glowing reviews from conservative commentators and intellectuals. A telling example is Rod Dreher, senior editor at the American Conservative. Dreher is a leading figure on the religious right; certainly not moderate, but in good standing \u2013 and friends \u2013 with conservatives like Ross Douthat and David French who are widely respected and admired by liberals. Dreher is an interesting bellwether for the reactionary intellectual sphere: he is begrudgingly pro-Trump, because he is enthusiastically anti-liberal. \u201cPutin, Orban, and all the illiberal leaders that our baizuocracy loves to hate are all completely clear and completely correct on the society-destroying nature of wokeness and post-liberal leftism,\u201d Dreher mused a few months ago. And he has not been shy about his disdain for the west\u2019s support for Ukraine: \u201cI adamantly oppose risking the lives of boys from Louisiana and Alabama to make the Donbas safe for gender queers and migrants.\u201d In other words, it\u2019s not that Dreher wants to see Putin win, necessarily \u2013 he just shares his contempt for America\u2019s \u201cwoke\u201d culture. This critique has basically become dogma on the right: a radically \u201cun-American\u201d woke left is out to destroy the country \u2013 and has already succeeded in undermining the nation considerably, especially its \u201cwoke, emasculated military\u201d, as Texas senator Ted Cruz put it; a weak west foolishly \u201cfocused on expanding its national debt and exploding the gender binary\u201d, according to rightwing activist Ben Shapiro. None of the conservatives and right wingers who are currently professing their sympathy for Putin seem to know much about Russia or care about the specific causes and dynamics of what is going on in Ukraine. What matters to them is an imagined Russia: a stronghold of white patriarchal Christianity, where men get to be real men. They also love how autocrats like Putin and Orb\u00e1n glorify their nations\u2019 past and forcefully push back against those cunning \u201cglobalists\u201d. To western reactionaries, the imagined versions of \u201cRussia\u201d and \u201cHungary\u201d have become models of how to organize society and deal with the real \u201cleftist\u201d enemy. The American right does not stand alone with its reaction to Putin\u2019s invasion. Across the west, far-right and reactionary movements have similarly oscillated between openly siding with Russia and condemning Putin while fully agreeing with his general critique. Rightwing politicians in Switzerland, conservative commentators in Germany, reactionary monarchists in the UK: wherever you look, the same diagnosis: the west had it coming, weakened by liberal decadence and \u201cwoke culture\u201d. The transnational rightwing admiration for autocrats like Putin and Orb\u00e1n is a crucial reminder that the struggle over democracy and multiracial pluralism is indeed playing out not just in the US, and that the reactionary counter-mobilization is an international phenomenon. It\u2019s also why, conversely, rightwing movements across the world have been obsessed with Trump. They rejoiced in 2016, because they saw his election as proof that the forces of reaction would ultimately prevail. Trump, in this interpretation, was seen as evidence that any attempt to install multiracial pluralistic democracy would spark a backlash strong enough to defeat the nefarious forces of liberalism \u2013 Trump was supposed to stem the tide. In a way, the escalating obsession with foreign autocrats is a reaction to Trump\u2019s failure to make good on that promise. If not Trump, then who? Reactionaries are looking elsewhere. Many, like Dreher, believe that Putin and Orb\u00e1n have shown the way forward: \u201cThey grasp that this is a civilizational struggle, and that they are not just dealing with opponents, but with very powerful people who push an agenda that is tearing our societies apart.\u201d Rightwingers everywhere understand the transnational dimension as well as the world-historic significance of the current fight over democracy more clearly than many people on the left: is it possible to establish a stable multiracial, pluralistic democracy? Such a political, social and cultural order has indeed never existed. There have been several stable, fairly liberal democracies \u2013 but either they have been culturally and ethnically homogeneous to begin with; or there has always been a pretty clearly defined ruling group: a white man\u2019s democracy, a racial caste democracy, a \u201cherrenvolk\u201d democracy. A truly multiracial, pluralistic democracy in which an individual\u2019s status was not determined to a significant degree by race, gender, or religion? I don\u2019t think that\u2019s ever been achieved anywhere. It\u2019s a vision that reactionaries abhor \u2013 to them, it would be the end of \u201cwestern civilization\u201d. And they are determined to fight back by whatever means necessary. Thomas Zimmer is a visiting professor at Georgetown University, focused on the history of democracy and its discontents in the United States, and a Guardian US contributing opinion writer"}