{"headline": "In this moment of crisis, opening the door to Ukraine is one thing the EU can do", "standfirst": "Zelenskiy and his people are fighting for their lives to defend European values. They have earned the prospect of EU membership once this brutal war is over", "author": "Timothy Garton Ash", "date": "Fri 4 Mar 2022 17.43 CET", "text": "For 77 years since 1945, people have compared this or that European figure to Adolf Hitler. For 77 years, this has been indefensible hyperbole. Even the genocidal war crimes in former Yugoslavia, although comparable in quality to the Nazis\u2019, did not have the same scale or consequences. Now, when applied to Vladimir Putin, this seems for the first time an appropriate comparison \u2013 not yet to the Hitler of the Holocaust, but to the Hitler of 1939, invading Poland. Every hour we see, as live video clips on our mobile phones, scenes from the second world war. The rubble of bombarded cities. Killed and orphaned children. The treks of refugees. All this is justified by a big lie that turns history on its head. An attack on a Jewish president of Ukraine, whose grandfather fought in the Red Army against Hitler, is described by Putin as \u201cdenazification\u201d. So is a missile landing on the site of the Nazis\u2019 1941 Babyn Yar massacres. All the while, Ukrainians tell us on the radio, in fluent English, how they face death to defend their homeland, freedom and Europe. Yes, Europe, they keep saying that word. With its superb resistance over the last week, Ukraine has already transformed its image across the world. People will never forget the civilians standing in front of Russian tanks \u2013 Tiananmen\u2019s \u201ctank man\u201d repeated a thousandfold. The defenders of Snake Island telling the Russian invaders to \u201cgo fuck yourself\u201d. The common humanity of Ukrainian volunteers telephoning mothers in Russia to tell them their captured soldier sons are still alive: \u201cNatasha, he\u2019s OK.\u201d \u201cThere are things worth dying for,\u201d says a lawyer participating in the territorial defence of Kyiv, on a Zoom webinar hosted in Oxford. A sentence recalling V\u00e1clav Havel in the 1980s, but now the speaker might actually be killed tomorrow. Ukraine has already done for most Europeans \u2013 who sit safely inside Nato, the EU or both \u2013 this great service: to wake us up, at last, to the dangerous world we\u2019re in. The transformation of German policy in particular, and the resolute determination of the German chancellor, Olaf Scholz, and the French president, Emmanuel Macron, to build a Europe with all three dimensions of power \u2013 military as well as economic and cultural. This, too, we owe to the Ukrainians\u2019 determination to resist Putin\u2019s war of recolonisation. So this is what Ukraine has done for Europe. What will Europe do for Ukraine? \u201cDo prove that you are indeed Europeans\u201d \u2013 thus did the Ukrainian president, Volodymyr Zelenskiy, challenge EU leaders, in a passionate, unscripted video address to the European parliament, delivered from his spartan wartime office in Kyiv. The European parliament replied with a motion saying that EU institutions should \u201cwork towards\u201d granting Ukraine the candidate status the Ukrainian president has asked for in all his wartime conversations with EU leaders, but \u201con the basis of merit\u201d. Merit? Honestly, what greater merit could there be than being prepared to lay down your life to defend the fundamental values of human dignity, freedom, democracy and human rights enshrined in article 2 of the EU treaty? European Council president, Charles Michel, boldly responded that \u201cwe will analyse the request from Ukraine\u201d. Well, thanks for the great solidarity, Charles \u2013 president Zelenskiy might say \u2013 but I may be killed by a Russian bullet while you are still analysing. The contrast between the language of these two Europes, the Europe of peacetime bureaucratic process and the Europe of wartime existential struggle, is acute. The only adequate response from Europe\u2019s core political community to the besieged Ukrainian president\u2019s explicit request is for EU leaders to say that Ukraine \u2013 fighting as it is to defend European values \u2013 is immediately accepted as a candidate for EU membership. They should do this at their summit in Versailles next week, thus giving \u201cVersailles\u201d a new symbolic meaning beyond the punitive peace treaties after the first world war. There are both short- and long-term reasons for taking this extraordinary step in extraordinary times. First, it is something that European countries can actually do without going to war with Putin themselves. The fact that Zelenskiy keeps raising the issue shows its significance. I pray for a \u201cmiracle on the Dnipro\u201d, an actual Ukrainian victory, analogous with the \u201cmiracle on the Vistula\u201d in the Polish-Soviet war in 1920. We should do everything we still can to help the Ukrainians in their fight. But unless there is a palace coup in the Kremlin or Putin feels compelled to change course, both of which seem unlikely, the hard truth probably is that neither side can win this war. The Ukrainians will never allow their country to be taken over by Russia. They will fight as insurgents with guns but also with countless acts of civil resistance, on the streets, in the fields, in the hills. But they cannot militarily defeat the overwhelming brute force of Putin\u2019s Russia. Therefore, sooner or later, there will come that morally abhorrent but necessary moment when someone has to sit down with the representatives of a war criminal to negotiate peace. If president Zelenskiy is prepared to concede his country\u2019s neutral status, as he has already hinted, if only for a specified period, then he must have something of major historical importance to show his own people that their sacrifice has not been in vain. This could be it. Only the Ukrainians have the right to make this painful call \u2013 but the offer has to be there from European leaders. People often say that the EU was originally a peace project. Let it again contribute to peace. The actual journey to joining the EU would take many years and face many obstacles. Just ask the candidate countries in the western Balkans. But the protracted and demanding accession process would give a framework in which Ukrainians could continue their peacetime work to build a strong, prosperous European democracy \u2013 and one to which the millions of Ukrainian refugees now fleeing westward would wish to return. Otherwise, Putin will erect a new iron curtain and Ukraine will be behind it. Last but not least, and in the long term, this would mean that the Kremlin eventually has to give up its Putinian delusions of rebuilding the Russian empire. Occupying Ukraine, Russia would still be an empire. Liberated from the burden of oppressing others, Russia can itself set out on the long journey towards being a major European nation state, having a special relationship with the EU and Nato, and not a satrapy of China. Unless the EU makes this courageous move, the message from west European capitals to besieged Europeans in Kyiv and Kharkiv is, in effect, \u201cthank you for the way your heroic struggle is helping us create a more united, stronger Europe, but there\u2019s no place in it for you.\u201d In this moment of existential challenge, Europe can do better than that. Timothy Garton Ash is a historian, political writer and Guardian columnist"}