{"headline": "Biden is a diplomatic liability. He\u2019s playing into Putin\u2019s hands", "standfirst": "Zelenskiy is a master of mobilising his nation\u2019s defence. But his plight must not become a plaything of western politics ", "author": "Simon Jenkins", "date": "Mon 28 Mar 2022 19.13 CEST", "text": "An iron maxim of war is to imagine what your enemy most wants you to do, and not to do it. Vladimir Putin\u2019s invasion of Ukraine is floundering. He has lied to the Russian people to justify it. He has told them it is not Ukraine but Nato and the west that seek their defeat and his overthrow. That is why they must support him in his fight. To a large extent they have done so. Nato has so far been scrupulous in not playing Putin\u2019s game. It has stood aloof from active military support to Ukraine\u2019s President Zelenskiy, as have its individual member countries. For all the war-dancing, defence-boosting and cheerleading in western capitals, Nato discipline has held. This is a conflict between Russia and its neighbour, its origins deep in east Europe\u2019s histories and insecurities. Nothing could therefore be more dangerous than to agree with Putin\u2019s narrative, to accept the revival of cold war antagonism between Russia and the west. Moral and logistical support for Kyiv is one thing, Nato planes in the air and boots on the ground are another. The latter would lead to a reckless and possibly uncontrollable escalation of the confrontation. Cue America\u2019s president, Joe Biden. Last week he arrived in Europe pumped up on belligerent rhetoric. In January he had suggested a Russian advance into Ukraine would constitute no more than \u201ca minor incursion\u201d. In March, he is telling American troops in Poland that they would soon see brave Ukrainians defying Russia \u201cwhen you are there\u201d. America would \u201crespond in kind\u201d to a chemical weapon attack on Ukraine, one that has not been threatened. Biden went further, calling Putin a \u201cbutcher\u201d, one who \u201ccannot remain in power\u201d. He thus broke a longstanding protocol against the west demanding regime changes abroad (except when instigated by America). These remarks were similar to Biden\u2019s \u201ccommitment\u201d last October that America would \u201cprotect Taiwan\u201d in the event of an invasion by Beijing, a flat rejection of Washington\u2019s careful and longstanding ambiguity on the subject. In all these cases, the White House and state department have instantly denied that Biden meant what he said. But the damage was done. Footage of him making the remarks is unnerving. What seemed at first a folksy ad-lib suggested a man not fully the master of his tongue, let alone his brief. Moscow broadcast Biden\u2019s aggressive intent to the Russian people. France and Britain felt they had to reassert their non-engagement \u2013 inevitably dismaying the Ukrainians. Nato\u2019s delicate unity had been undermined. Putin grasped eagerly at the reinforcement of his claim. The response to Biden\u2019s speech of the veteran American diplomat, Richard Haass, was serious. \u201cThe fact that it was so off-script in some ways made it worse,\u201d he said, as it indicated what his true beliefs are. It also suggests a split in the American administration\u2019s view of the conflict, with the president already committed to a wider war. The prospect is thus of the world\u2019s principal power blocs led by two men both with fingers on the nuclear button but with an apparently uncertain hold on reality. It is precisely the \u201cmadness\u201d scenario foreseen by alarmist strategists of the 20th-century power struggle. The Ukraine war is clearly at a turning point; at the end of its beginning and possibly even at the beginning of its end. This is a moment of maximum uncertainty. Fighting on the ground is mostly stalemated. Ukraine\u2019s allies have given almost as much logistical support as they dare, while avoiding risk of direct contact with the Russians. They know that the mere prospect of Nato troops on the battlefield would validate Putin\u2019s narrative. It would risk unleashing an escalation in targets and weaponry. Ukraine would become a bloodbath, while Europe would confront a 1914-style triggering of alliance obligations. Zelenskiy has so far been masterful in mobilising his nation\u2019s defence. He has shown what military analysts have never understood but has emerged from recent wars: that hi-tech weaponry and air superiority can be no match against simple fighters, even amateurs, with a cause in their hearts and a homeland at stake. Now, however, Zelenskiy must be no less masterful. He must negotiate the compromises that are inevitable if Ukraine\u2019s cities are not to be utterly destroyed and Putin\u2019s armed forces are to agree to withdraw. Remarks out of Kyiv in advance of this week\u2019s peace talks in Istanbul seem aware of this realpolitik. In essence, Zelenskiy suggests a reversion to the 2015 Minsk 2 settlement. This acknowledged de facto Russia\u2019s aversion \u2013 now reinforced \u2013 to any Nato advance to its border with Ukraine. It accepted the country\u2019s virtual \u201cFinlandisation\u201d. But Minsk also agreed substantial but unrealised autonomy for the Donbas region, any refusal of which would seem to condemn the war to ongoing hell. The status of this autonomy will clearly be crucial. The old industrial districts of Donbas have been the source of anarchy within Ukraine in recent years. Such regional dissent has blighted the stability of half the nations of Europe over past decades \u2013 currently including Spain, France and the UK. Centralist regimes may decry them and treat separatism as an archaic curse. There is nothing unique about Ukraine, but today it proves the poison of centralism when left to fester. Finding a constitutional path to autonomy for the Crimean and Donbas regions of Ukraine must hold the key to peace. Somewhere in the murky waters of devolved government, confederalism and \u201csovereignty-lite\u201d lies a new future for this desperate corner of Europe. Much of Donbas has already been autonomous for eight years since 2014 and some recognition of this must surely be the price of peace. Fixing its border \u2013 and guaranteeing its acceptance \u2013 will be challenging. The last thing this diplomatic tightrope needs is to find itself a plaything of western domestic politics. Two Nato leaders, Biden and Britain\u2019s Boris Johnson, are populists unschooled in the art of diplomacy. Both face electoral hostility at home. Both are prancing along Ukraine\u2019s frontier beating their chests in parodies of Churchillian machismo. The bombast is not deterring Putin, but it strengthens his existential narrative and raises the war\u2019s global profile. This must make him less inclined to accept the cost of any concession in defeat. Another maxim of war is to allow your enemy a bridge over which to retreat. That bridge is one of constitutional compromise in Donbas. It is an acceptance that this is Ukraine\u2019s dispute with Putin, not the west\u2019s with Russia. For the sake of a wider peace it must be kept that way.  Simon Jenkins is a Guardian columnist"}