{"headline": "The Guardian view on Zelenskiy\u2019s strategy: giving war \u2013 and peace \u2013 a chance ", "standfirst": "Ukraine is a democracy able to make concessions for peace, while Russia is guided by an unyielding Vladimir Putin", "author": "Editorial", "date": "Mon 28 Mar 2022 20.21 CEST", "text": "A political gaffe, Michael Kinsley wrote, \u201cis when a politician tells the truth \u2013 some obvious truth he isn\u2019t supposed to say\u201d. President Joe Biden, a self-proclaimed \u201cgaffe machine\u201d, did not fail to deliver at the weekend by declaring that the Russian leader, Vladimir Putin, \u201ccannot remain in power\u201d. A Freudian slip, perhaps, from a US president who has already called Mr Putin a \u201cbutcher\u201d and a \u201cmurderous dictator\u201d. But regime change in Russia is not official US policy \u2013 and nor should it be, given the nuclear, chemical and biological weapons Mr Putin possesses. The uproar caused by Mr Biden\u2019s comment led to it being walked back by the White House. This was the mature and correct way for Washington to proceed. Mr Biden had made the unfortunate comment on the eve of peace talks between Russia and Ukraine. Progress has been slow. But the US president\u2019s statement threatened to bring negotiations to a halt. If Mr Biden\u2019s words had not been withdrawn, Mr Putin\u2019s worst fears \u2013 that the US wanted him gone \u2013 would be confirmed. The Russian president, who has hitherto shown no restraint, would have no reason to compromise, with everything to lose. The Roman statesman Cicero thought that the purpose of war was peace. The Ukrainian army has bravely fought Russian forces to a standstill, but cannot retake the ground it has lost. Mr Putin\u2019s blitzkrieg to topple the Kyiv government failed. There\u2019s no end in sight for the first major European conflict this century. Ukraine is fighting a just war of self-defence. Russia is engaged in an unjust war of aggression. Cicero believed that \u201can unjust peace is better than a just war\u201d. But terms of peace that were too favourable to Russia would simply be an agreement for further fighting. Ukraine\u2019s president, Volodymyr Zelenskiy, has adopted a twin-track strategy to deal with Moscow. He is softening his diplomatic position \u2013 telling Russian journalists that Ukraine could be neutral and compromise over the status of the eastern Donbas region as part of a peace deal \u2013 while hardening his military position by calling for more tanks, missiles and even fighter jets from Nato. Mr Zelenskiy wants to secure as much sovereignty and autonomy as possible. He deserves our support. Mr Putin does not appear to be taking the talks anywhere near as seriously as Ukraine is. This might explain Mr Zelenskiy\u2019s call for a face-to-face meeting with Mr Putin. The Russian president does not want to be seen to lose. Mr Putin has become drunk on his success in extending his influence across the former Soviet republics and in the Middle East. Yet his immoral and illegal war in Ukraine has galvanised Nato and united the EU. Mr Putin has made real what he most feared: a Ukraine proudly distinct from Russia in which liberals and nationalists have found common cause. Kyiv and Moscow are likely to have to settle for less than they want. Ukraine is an imperfect democracy, but one able to negotiate legitimate political outcomes without violence and within the rule of law. This cannot be said of Russia under Mr Putin. Underlying Mr Biden\u2019s gaffe was a truth that Russia\u2019s president cannot be trusted to honour a peace deal. Nor can his criminal invasion be rewarded. However, only Russians can remove Mr Putin from the negotiations \u2013 and their country\u2019s history is not without civil uprisings precipitated by unpopular wars."}