{"headline": "Will Smith went low by slapping Chris Rock. In his attempt to justify it, he went even lower", "standfirst": "The actor cited the father of Serena Williams as another man who protects his family. But there is no comparison: Smith has no excuse", "author": "Joseph Harker", "date": "Mon 28 Mar 2022 17.53 CEST", "text": "Will Smith has spoken. Chris Rock has spoken. The Academy has spoken. Even the Los Angeles Police Department has spoken. But the person I really want to hear from has remained silent. What does Jada Pinkett Smith think of her husband slapping the Oscars host? What was it that caused Smith to switch from laughing at Rock\u2019s joke about her \u201cGI Jane\u201d look to, less than 10 seconds later, striding onstage, slapping him, marching back to his seat and shouting to the stage, \u201cKeep my wife\u2019s name out your fucking mouth\u201d. After which, in case anyone watching might still have thought it was some kind of pre-rehearsed skit, he shouted the same thing again, and twice as loud. Rock\u2019s gag was personal. Immediately after he said it, Pinkett Smith went stony-faced. She has previously opened up about having alopecia, and how she at first struggled to cope with her hair loss. Were Smith\u2019s actions an attempt to defend her honour? And even if true, why did he feel the need to resort to violence? Some people have expressed concern at the damage caused by the sight of a Black man resorting to violence. I\u2019m less worried about this. Smith is so mainstream that, in many people\u2019s eyes, he\u2019s almost become raceless. And I\u2019ve never had much time for the notion of role models. At best, it\u2019s just a meaningless cliche (the idea that, if we stick a Black person on a pedestal, every child will be inspired \u2013 no matter the obstacles placed in their way by a system rigged against them). At worst, it\u2019s a stick to beat all Black people with (\u201cOh no! Look what he\u2019s done! Now every Black child he inspired will turn into a criminal\u201d). Either way, it makes every prominent Black person a permanent ambassador for their race. Rock has previously taken aim at Smith and Pinkett Smith while hosting the Oscars. In 2016, a ceremony Pinkett Smith had refused to attend due to the lack of diversity among the nominees, Rock said: \u201cJada boycotting the Oscars is like me boycotting Rihanna\u2019s panties. I wasn\u2019t invited!\u201d He then went on: \u201cJada\u2019s mad her man Will was not nominated for Concussion. I get it \u2026 It\u2019s also not fair that Will was paid $20m for Wild Wild West.\u201d The latter was a critically panned film that Smith had starred in and that he himself has labelled his worst work. Whatever the history, Smith\u2019s expletive-laden outburst, in a show broadcast to millions of homes across the world, shows a total lack of control on his part. It is also a complete contrast to the family image he and his wife have carefully curated for years. The couple met during Smith\u2019s days in the Fresh Prince of Bel-Air in the 1990s \u2013 a show that endeared him to a generation. Their children, Willow and Jaden, have since become actors and musicians \u2013 carrying on the Smith dynasty and attending the Oscars ceremony with them. When Pinkett Smith had an affair with singer August Alsina, she used the admission of her \u201centanglement\u201d as a point of discussion on her talkshow, Red Table Talk, with Smith present. On the Oscars stage, this image-protection operation blew apart. This was the biggest night of Smith\u2019s career \u2013 the night he should have been revelling in the plaudits after winning an Oscar for his brilliant performance as Richard Williams, the father of tennis superstars Venus and Serena. His speech should have been an acceptance of that honour, and a tribute to that remarkable family, in front of both sisters, who were in the audience. But it came half an hour after that slap, so all the audience were thinking was: \u201cOh my God, why did he do that?\u201d And, in a hole, Smith immediately attempted to justify his actions by saying, \u201cRichard Williams was a fierce defender of his family.\u201d He went on to talk about having to \u201cprotect people\u201d, including, he said, the female actors he\u2019d worked with on set. What a self-serving display. \u201cTo protect\u201d does not mean \u201cto slap someone on their behalf\u201d. This attempt to give violence a bogus morality is at the heart of so much crime. Morgues are filled with the victims of this kind of \u201cprotection\u201d. Smith went on to say: \u201cI look like the crazy father \u2013 just like they said about Richard.\u201d Smith has proved himself to be no Richard Williams \u2013 a man who faced extraordinary abuse, ridicule and violence while coaching his daughters \u2013 and who never once responded in kind. Evoking his name to justify his own actions was the lowest of blows by Smith. Smith\u2019s win should have been an opportunity to highlight Williams\u2019 superhuman drive and self-belief, but instead has become a story about a man\u2019s inability to control his emotions. I\u2019m sad that, at the pinnacle of his career, Smith has trashed his own reputation. I\u2019m sadder still that, in their own moment of glory, he chose to taint the Williams family too. Joseph Harker is the Guardian\u2019s senior editor, diversity and development. He is a former editor and publisher of the weekly newspaper Black Briton"}