{"headline": "It\u2019s the beginning of a new era in Washington \u2013 and Putin is responsible", "standfirst": "There has been a quiet understanding that we\u2019re on the brink of a new cold war, potentially even a hot one \u2013 which requires that we join together to survive", "author": "Robert Reich", "date": "Thu 24 Mar 2022 15.14 CET", "text": "I\u2019m going to go out on a limb and suggest something that would have seemed utter nonsense as late as a month ago: I\u2019m seeing the stirrings in Washington of a new era of \u2026 I\u2019m not sure what to call it. \u201cUnity\u201d is way too strong. \u201cBipartisanship\u201d is premature. \u201cDe-partisanship\u201d is too clunky. But something new seems to be happening, and Vladimir Putin is responsible. Don\u2019t get me wrong. Democrats and Republicans won\u2019t join hands and sing Kumbaya anytime soon. Mitch McConnell and Kevin McCarthy will continue to ambush Democrats every chance they get. Expect bitter battles over background checks, immigration reform, civil rights protections and Ketanji Brown Jackson\u2019s confirmation to the supreme court. Trump won\u2019t stop telling his big lie. Your Fox News-obsessed Uncle Bob will remain in his hermetically sealed alternative universe. Yet ever since the runup to Putin\u2019s invasion of Ukraine, I\u2019ve noticed something in Washington that I haven\u2019t seen in three decades \u2013 a quiet understanding that we\u2019re on the brink of a new cold war, potentially even a hot one. Which requires that we join together in order to survive. It\u2019s a subtle shift \u2013 more of tone than anything else. I saw it when Volodymyr Zelenskiy addressed Congress from Ukraine. When he showed lawmakers a gut-wrenching video of the war\u2019s consequences, many eyes filled with tears. The lawmakers shared, according to Maine\u2019s independent senator Angus King, \u201ca collective holding of breath\u201d. That Republicans and Democrats shared anything \u2013 that they were even capable of a collective emotion \u2013 is itself remarkable. With bipartisan support, Ukraine is receiving unprecedented military and humanitarian aid to fight Putin\u2019s war, including anti-aircraft systems that many experts say can defend against bombs and missiles from Russia\u2019s land-based weaponry. Beyond Ukraine, you can also discern the shift in a series of recent across-the-aisle agreements. After literally 200 failed attempts, the Senate just passed an anti-lynching law. The Senate has also given sexual misconduct claims firmer legal footing with a new law ending forced arbitration in sexual assault and harassment cases. The Senate also just approved sweeping postal reform. And unanimously decided to keep daylight savings time year-round. And it has given the green light to long-awaited reauthorization of the Violence Against Women Act as part of a giant spending bill. I\u2019m hearing from Senate staffers that they\u2019re close to bipartisan agreement to strengthen antitrust laws. Also on a measure to expand semiconductor manufacturing in America, as part of a new China competitiveness bill. And another measure to limit the cost of insulin. OK, none of this is as dramatic as protecting voting rights or controlling prescription drug costs. But compared with the last few years, it\u2019s extraordinary. (You may not have heard much about these initiatives because the media only picks up on bitter conflict and name-calling.) Something new is happening in Washington, and I think I know why. You see, I came to Washington in 1974, in the Ford administration, and then worked in the Carter administration. The cold war was raging during those years, serving as a kind of silent backdrop for everything else. Democrats and Republicans had different views on a host of issues, but we worked together because it was assumed that we had to. We faced a common threat. The cold war had produced an array of bipartisan legislation involving huge investments in America \u2013 legislation that was justified by the Soviet threat but in reality had much more to do with the needs of the nation. The National Interstate and Defense Highway Act was designed to \u201cpermit quick evacuation of target areas\u201d in case of nuclear attack and get munitions rapidly from city to city. Of course, in subsequent years it proved indispensable to America\u2019s economic growth. America\u2019s huge investment in higher education in the late 1950s was spurred by the Soviets\u2019 Sputnik satellite. The official purpose of the National Defense Education Act, as it was named, was to \u201cinsure trained manpower of sufficient quality and quantity to meet the national defense needs of the United States\u201d. But it trained an entire generation of math and science teachers, and expanded access to higher education. The defense department\u2019s Advanced Research Projects Administration served as America\u2019s de facto incubator for new technologies. It was critical to the creation of the internet as well as new materials technologies. John F Kennedy launched the race to the moon in 1962 so that space wouldn\u2019t be \u201cgoverned by a hostile flag of conquest\u201d (ie, the Soviet Union). But it did much more than this for America. Then, in November 1989, the Berlin Wall came down. And in December 1991 the Soviet Union collapsed. Just three years later, Newt Gingrich became speaker of the House \u2013 and instigated the angriest and most divisive chapter in modern American political history. I was there. I remember the change in Washington, as if a storm had swept in. Weeks before, Republican members of Congress occasionally gave me a hard time, but they were generally civil. Suddenly, I was treated as if I were the enemy. Looking back, I can\u2019t help wonder if the cold war had held America together \u2013 gave us common purpose, reminded us of our interdependence. With its end, perhaps we had nowhere to turn except on each other. If the cold war had not ended, I doubt Gingrich would have been able to launch a new internal war inside America. Had the Soviet menace remained, I doubt Donald Trump would have been able to take up Gingrich\u2019s mantle of hate and conspiracy. Putin has brought a fractured Nato together. Maybe he\u2019s bringing America back together too. It\u2019s the thinnest of silver linings to the human disaster he\u2019s creating, but perhaps he\u2019ll have the same effect on the US as the old Soviet Union did on America\u2019s sense of who we are.  Robert Reich, a former US secretary of labor, is professor of public policy at the University of California at Berkeley and the author of Saving Capitalism: For the Many, Not the Few and The Common Good. His new book, The System: Who Rigged It, How We Fix It, is out now. He is a Guardian US columnist. His newsletter is at robertreich.substack.com"}