{"headline": "Ketanji Brown Jackson\u2019s confirmation hearing is a disgrace to her qualifications", "standfirst": "The bad faith questions, the baseless accusations, the time wasting \u2013 the nominee\u2019s interrogators do not see her as an equal", "author": "Tayo Bero", "date": "Thu 24 Mar 2022 11.20 CET", "text": "What should have been a historic moment for the first Black woman to be nominated to the US supreme court, has become a scene of childish political theatre, thanks to Senate Republicans. And as President Joe Biden\u2019s nominee Ketanji Brown Jackson makes her way through the last round of questioning by the Senate judiciary committee, one thing is clear: she deserves better. As the world watches the hearings unfold, the image from day one of Brown Jackson being grilled relentlessly by a group of old white men still sticks out vividly to me. Not only is she already being held up to far more scrutiny than any white man in her position would be, but the line of questioning from across the aisle has devolved into the absolutely ridiculous. Picture this: a successful attorney and judge with a decade on the bench and more judicial experience than 43 of the last 58 justices who took the bench, being questioned on whether or not she knows what a \u201cwoman\u201d is, and whether or not babies are racist. Brown Jackson was also asked whether she is an \u201cactivist judge\u201d, implying that she could come into the role with her own political and presumably racial agenda, and questioned about her faith. Every Black woman on earth can relate to the cringing, soul-crushing feeling of having to answer \u2013 with grace and a smile \u2013 questions that your white counterparts would never be asked. And Brown Jackson is no exception, as she\u2019s held her composure in the face of intense and often ludicrous lines of inquiry. But even if she was able to navigate the absurd queries and gotcha questions designed to trip her up, Republicans had another strategy; outrightly discrediting her, including an accusation from Senator Josh Hawley that she \u201chas a pattern of letting child porn offenders off the hook\u201d (that claim that was quickly disproven). In one of the more absurd turns on the first day, Republicans also made sure to center themselves, by calling back to current justice Brett Kavanaugh\u2019s contentious 2018 hearings and \u201cassuring\u201d Brown Jackson that she wouldn\u2019t get the same treatment. \u201cYou\u2019re the beneficiary of Republican nominees having their lives turned upside down,\u201d said the South Carolina senator Lindsey Graham. \u201cMost of us couldn\u2019t go back to our offices during Kavanaugh without getting spit on.\u201d The Texas senator Ted Cruz also promised her that her \u201cdating habits\u201d wouldn\u2019t be scrutinized either (because what is the Republican party if not the picture of graciousness and integrity, right?). The pushback here is obvious \u2013 Brown Jackson hasn\u2019t been credibly accused of sexual misconduct, so why would she be queried in the same way? Still, it\u2019s impossible to overstate just how terrible the optics of this are. Using a Black woman\u2019s confirmation hearing as an opportunity to martyrise a white man accused of sexual assault is objectively horrible. But as Paul Waldman notes in the Washington Post, the move wasn\u2019t just an embarrassing new low for the party, it was another intentional gesture. The sense of victimhood they are invoking through Kavanaugh is a sentiment that has tied the Republican party to its base, and one that will no doubt help secure continued support for them. All of it \u2013 the bad faith questions, the baseless accusations, the time wasting \u2013 makes it clear that Brown Jackson\u2019s interrogators do not see her as an equal, and are determined to undermine her however they can. And despite being promised a \u201crespectful\u201d hearing, Brown Jackson was met with and forced into the middle of old political squabbles. Still, the hearings are just one small part of this. And if Brown Jackson is confirmed (which will most likely be the case), her appointment will no doubt pave new paths for people who look like her, paths that will hopefully be much smoother than the one she had to take. Tayo Bero is a Guardian US columnist"}