{"headline": "The Guardian view on the sanctions siege: pain felt way beyond Russia", "standfirst": "The war in Ukraine has exposed how the current model of globalisation is a web in which countries can trap one another", "author": "Editorial", "date": "Thu 24 Mar 2022 19.47 CET", "text": "In 2017, Vladimir Putin claimed the nation that mastered artificial intelligence \u201cwill be the ruler of the world\u201d. He wanted Russia to be an AI superpower by 2030. After invading Ukraine, he may have to wait rather longer to achieve such supremacy \u2013 if he ever does. Sanctions mean Moscow cannot easily access the high-end chips that AI requires. Homegrown substitutes will not cut it. Russia\u2019s leading chip-maker is only capable of mass producing semiconductors last used in computers a decade ago. After being sanctioned, Russia finds itself exposed to geopolitical systems controlled by others. Western nations are tearing up treaties and ending foreign investment. Multinational companies are leaving, often because of reputational concerns rather than any ban. On Thursday, the UK and US announced further sanctions on Russian lawmakers and state-owned companies. Russia\u2019s importance to the globe goes beyond its size as the world\u2019s 11th-largest economy. Reorienting Russian oil, gas and coal exports away from the US and EU to Asian importers would be a big economic shock. Moscow weaponised its gas exports this week by demanding rouble payments from unfriendly European nations. But high oil and gas prices will shift investment back into extractive industries, risking a reversal of the planet-saving trend towards clean energy. Closing off the Black Sea\u2019s Eurasian land bridge would also add pressure to congested sea trade routes. Russia is the source of many essential minerals. About 25 African countries import more than one-third of their wheat from either Russia or Ukraine. The UN\u2019s development arm, Unctad, warned on Thursday that poorer nations face if not unrest then a \u201cprofound social malaise\u201d and \u201ca downward spiral of insolvency, recession and arrested development\u201d. Globalisation has been moulded in the interest of big economies. For two decades, powerful nations have treated the internet, finance and industrial supply chains that stretch across the world as webs in which to trap one another. In 2019, the Bank of England reportedly froze $1.2bn of Venezuela\u2019s gold to cut off the regime from its overseas assets \u2013 foreshadowing American and European authorities\u2019 actions that have rendered more than half of Russia\u2019s $630bn cash reserves inert. China and India \u2013 with $3.4tn and $632bn in reserves \u2013 will be paying close attention. Washington\u2019s leverage over the global financial system rests upon banks\u2019 Swift messaging system and dollar dominance. The US has the means to hurt its enemies, but frequently has been undecided on the ends. With Iran\u2019s nuclear programme, Washington wavered between wanting to change the country\u2019s behaviour and wanting to change its regime. In Russia\u2019s case, the latter option becomes more appealing the longer the war in Ukraine lasts. Russia could develop new technologies to break out of this geopolitical cage. Before the first world war, Germany attempted to escape the UK\u2019s stranglehold on the undersea cable network by developing new wireless technologies. Today, Russia may accelerate its \u201csovereign internet\u201d plans to evade US web surveillance. Wars reshape political \u2013 and economic \u2013 orders. Mr Putin\u2019s opponents are aiming to apply as much pressure as they can with as little fallout for themselves as possible. They are seeking to manage the risk of a domestic political backlash against their Russian sanctions. Poorer nations will need help or they risk being immiserated. Russia is also not isolated. Unless Mr Putin is no longer Russia\u2019s president, he will probably attend this year\u2019s G20 summit in Indonesia. Nations can \u2013 unwittingly or deliberately \u2013 turn a blind eye to bans. When Roman Abramovich\u2019s superyacht sailed into a Turkish port this week, it epitomised how reluctant even a Nato member might be in applying sanctions. By acting against Russia, the US and its allies are playing for high stakes. This week, many Muscovites felt the sanctions bite. There have been widespread reports of panic buying in the country\u2019s supermarkets. President Joe Biden\u2019s warning of possible Russian cyber-attacks in response to sanctions might be the beginning of a much more dangerous phase of the economic war."}