{"headline": "How can I reassure my child about current affairs? Talk in an age-appropriate, informative way", "standfirst": "Be guided by your child\u2019s age and personality, and take practical steps to show them they\u2019re safe in the present moment\n\nSharing the Load is a column about parenting children of all ages\n", "author": "Sarah Ayoub", "date": "Wed 9 Mar 2022 17.30 CET", "text": "In the last two-odd years, children in Australia have witnessed devastating bushfires, been locked down in their homes due to a pandemic, and more recently, seen parts of their country ravaged by floods as a war unfolded on the other side of the world. All of this has been quite hard to stomach even for the thick-skinned adults, so it\u2019s no wonder that parents are concerned about the emotional toll the negative news cycle might be having on their children. Prof Lea Waters, a psychologist and researcher at the University of Melbourne, says parents can help their kids deal with this by talking to them about what\u2019s taking place \u2013 be it war, the devastating impacts of climate change or pandemics \u2013 and be guided by their age and their personalities when it comes to discussing such world events. \u201cYou would talk to teens in more detail than you would talk to younger kids,\u201d she says. While past parenting trends might have favoured a well-meaning \u201cdon\u2019t tell\u201d approach as the means of protecting kids, it\u2019s a method that isn\u2019t necessarily ideal right now, Waters says. \u201cKids are smart, they\u2019ve got social media and their friends talk [about such news], so all you\u2019re actually doing [by not discussing] is preventing your child from emotionally processing. \u201cThe psychology research shows that the way to protect them is to talk to them in an age-appropriate way that\u2019s informing, but not overwhelming.\u201d For Waters, this means carefully addressing their present and future state of mind in response to the bad news cycle. \u201cI think that a lot of kids would be feeling that the world is falling down around them and all these big things are happening that they can\u2019t control,\u201d she says. \u201cThe emotional response is going to be fear and anxiety \u2013 fear is the emotion of \u2018I\u2019m unsafe right now\u2019, and anxiety is more future-oriented, [a fear] that something bad is going to happen in the future.\u201d Waters says in the past two years, the pattern of anxiety has been consistent. She recommends using everyday moments and conversations as a way to reassure children about their future and wellbeing. \u201cThe fear is in the present moment, so it\u2019s about saying \u2018I know it\u2019s hard to see what\u2019s happening in the world\u2019, but reassuring them of their own safety right now,\u201d she says. In her view, this can be done with practical steps such as showing children that their residential block, for instance, is fireproof, or telling them that they are not in a flood zone. The conversation about overcoming fear and anxiety might look a little different if the family does happen to be living in a danger zone, but the reassurance is still imperative. \u201cLet the [children] know that you have a safety plan,\u201d Waters says. \u201cExplain the safety plan to your kids, tell them what you have done and what you\u2019re going to do. It\u2019s about not overwhelming the child with all the details of the safety plan, but more like \u2018we\u2019ve bought sandbags\u2019 or \u2018you bring the teddy bear, or the dog\u2019.\u201d According to Waters, one of the big causes of fear and anxiety for children is the loss of control, \u201cso giving them little tasks that they can have control over is going to help them feel less out of control\u201d. Sticking to a predictable routine like a family movie night, dog bathing, or walking around the block adds normalcy and helps children feel safe \u2013 as does physical connection with their parents or carers. \u201cKids feel safe when they can hug their mum and hug their dad, and that\u2019s because physical touch triggers an oxytocin response,\u201d she explains. \u201cOxytocin is a neurohormone [that] floods our body, and when we have high levels of oxytocin it shuts off cortisol, [which] is our stress and fear hormone.\u201d But when it comes to anxiety, it is quite uncertain \u2013 just like the future. \u201cThe way you would normally reduce anxiety is to talk about a positive future, which is a little bit hard for us parents because of everything that\u2019s happening in the world. \u201cLocalising the conversation to things within a two-year time period, such taking a family holiday, transitioning from primary school to high school, or starting a new hobby, moving to a new house \u2026 can help to reduce that anxiety by presenting some certainty about the future.\u201d Survivor\u2019s guilt, Waters explains, might also be a recurring concern in many families. How can we raise children to be attuned to the suffering of others without making them feel guilty about their own lives? \u201cStart with [addressing] the suffering, then progress to the positive in order to restore resilience,\u201d she advises. \u201cYou\u2019ve got to recognise the hurt and the pain but [also] acknowledge there are small moments of good that we have to latch on to. You have to use that positivity as a feedback loop back into the pain.\u201d Waters says it\u2019s important, too, to distinguish between resolving the problems and supporting those who are suffering. Sharon Turner, school psychologist at Strathcona Girls Grammar, encourages parents to create moments of joy and connection with their kids in nature to restore balance and emotional wellbeing, and recommends checking in with those who have experienced grief, loss, trauma or war to let them know you\u2019re up for a chat or some support. She also suggests small, practical tips for kids keen to do a little more. \u201cTake action,\u201d she says. \u201cChildren can write a letter to the local member of federal parliament, send care packages or messages to those in affected areas, place flags in their windows and make a chalk drawing of support on their footpaths.\u201d Participating in fundraisers and raising awareness in your own communities also helps. Waters suggests explaining to children that their wellbeing is pivotal in being able to help others. She gives an example of what a parent might say to their child: \u201cYou being happy in Australia might help you build your resilience and reserves, so that when you are old enough to step in and help [others] you have the capacity to do so.\u201d  Sarah Ayoub is a journalist, academic and author of books for young adults and children"}