{"headline": "The oligarch\u2019s guide to getting round the UK\u2019s economic crime bill ", "standfirst": "The proposed law promises to expose oligarchs to proper scrutiny. There\u2019s just one problem \u2013 it\u2019s rubbish", "author": "Oliver Bullough", "date": "Wed 9 Mar 2022 15.25 CET", "text": "The economic crime bill being debated today in the House of Lords does not, as the home secretary, Priti Patel, insisted, show Britain\u2019s determination to root out Vladimir Putin\u2019s \u201cmob of oligarchs and kleptocrats\u201d. On the contrary, it demonstrates ingrained complacency towards dirty money that is so complete it begins to resemble complicity. This bill tweaks the sanctions regulations to remove some of the bottlenecks that have made the UK lag behind its allies; and it updates the rules around \u201cunexplained wealth orders\u201d, to fix some of the flaws in the last measure that was supposedly going to tame the oligarchy. What makes the bill important, however, is the fact that it imposes transparency on offshore companies that own property in the UK. This is why the legislation is so urgent it was rushed through the House of Commons in a single day on Monday \u2013 a process that would usually take months. If the plans work as intended, oligarchs will no longer be able to anonymously own mansions and estates. Their secrets will be revealed, and they will either scuttle away like cockroaches from an overturned rock, or face prosecution from our brave police officers. Britain will cease to be a willing fence for the stolen wealth of the world; a butler to the Kremlin\u2019s cronies. There is just one problem with the plan, however, which is that \u2013 unless some astonishing amendments appear out of nowhere \u2013 it\u2019s rubbish. If you\u2019re an oligarch, and you want a completely legal way to avoid the provisions of the bill, own your offshore company in equal shares of 16.67% with five close relatives. That way, none of your shareholders reach the 25% ownership level required to count as the person of \u201csignificant control\u201d. Here is another, also completely legal way: own your company via a professional corporate trust provider, who will act as a nominee, and thus be named in your place on the ownership documents. You\u2019re welcome, and I\u2019m not even a lawyer; imagine what a skilled enabler could do with this colander masquerading as a piece of legislation. And here is another, illegal way to evade the new measures: just provide false information. There are no checks on the information that the shell companies\u2019 owners declare, so, if an oligarch was prepared to lie \u2013 and, if there\u2019s anything we\u2019ve learned about the Kremlin, it\u2019s that it\u2019s prepared to lie \u2013 they could pretend they didn\u2019t own the property at all. This should not be a surprise to the Home Office, because it\u2019s exactly the same loophole that for decades has led to British-registered companies with falsified ownership being used to hide the ownership of billions upon billions of pounds laundered out of Russia Patel appeared to realise that her bill had flaws because, in addressing the Commons on Monday, she spoke almost as much about a second economic crime bill she intends to introduce as she did about this one. She said the government was hurrying this legislation so as to \u201csend a very strong signal that the UK will not be a home for corruption\u201d. To anyone who has been following this issue, however, the signal it sends is exactly the opposite. The British government first promised this very policy on offshore-owned property in 2016, when David Cameron hosted an anti-corruption summit. The necessary legislation was published in 2018, following a full consultation, when Theresa May was prime minister. It has been sitting on a shelf now for almost four years. The need to hurry it through parliament was created solely by the government\u2019s failure to introduce it earlier. Expecting to be congratulated for that is like demanding plaudits for running for the bus because you\u2019ve overslept. If the government actually cared about oligarchs owning Belgravia, rather than about bad headlines, it would have passed this bill \u2013 with proper scrutiny \u2013 years ago. Of course, if the government does indeed bring in a second, better economic crime bill, as Patel said it would, that\u2019s all for the good. There are, however, reasons to doubt its newfound commitment to this cause. It is less than two months since an actual minister resigned, at the dispatch box in the House of Lords, over the government\u2019s decision not to introduce this same economic crime bill. When in 2016 Scottish MPs drew ministers\u2019 attention to the flaws in the rules around Companies House, and how they had allowed the so-called Moldovan Laundromat to wash dirty cash through Edinburgh-registered limited partnerships, the government\u2019s response was to deregulate further, so as to protect the competitiveness of the City of London. Even if the new measures are introduced, the National Crime Agency (NCA) and Serious Fraud Office are still disastrously underfunded, and lack the people, resources or political cover to go after financial criminals wherever and whoever they might be. This new bill does limit the costs that targets of unexplained wealth orders can claim back from the NCA after an unsuccessful filing, but that just restricts how much money it can lose; it doesn\u2019t give it any new resources to fund investigations. Tackling the oligarchs is suddenly urgent because Putin has invaded Ukraine, but when this crisis is over, which hopefully it soon will be, I do not believe Boris Johnson will keep waving this flag. He\u2019s a man who dismissed the intelligence and security committee\u2019s sober warnings about Russian interference as the moans of \u201cIslingtonian remainers\u201d. Would you really bet against the lobbyists for deregulation managing to persuade his government that now is not the time to impose tighter restrictions on property sales or company formations? Overcoming Britain\u2019s willingness to take money from anyone and anywhere will take more than one day\u2019s hurried debate, and I see no sign that this government has even begun to realise the scale of the changes to legislation, enforcement, culture and politics that are required to rid this country of its butlering habit. Oliver Bullough is the author of Butler to the World: How Britain Became the Servant of Tycoons, Tax Dodgers, Kleptocrats and Criminals "}