{"headline": "The Guardian view on the UK\u2019s shameful treatment of Ukrainians: not an accident", "standfirst": "While other countries welcome refugees, Britain\u2019s response has been chaotic and cruel", "author": "Editorial", "date": "Wed 9 Mar 2022 19.25 CET", "text": "At the start of the week, the Home Office boasted of unprecedented action, declaring breathlessly: \u201cThe UK government\u2019s Ukraine family scheme is the first visa scheme in the world to launch since President Putin\u2019s invasion of Ukraine.\u201d It was a telling assertion, not only because it is the sort of casually misleading claim we have grown used to from the home secretary, Priti Patel, and Boris Johnson, but also because it expresses a broader truth about the UK\u2019s treatment of refugees. The statement was factually true \u2013 but only because Ukrainians do not need visas to enter the European Union, and the UK had to be strong-armed into broadening its restrictive definition of \u201cclose relatives\u201d. More than 2 million people have escaped the war, but the UK has accepted only 760 of 22,000 applications so far. A second scheme, yet to begin, will allow individuals and organisations to sponsor Ukrainians \u2013 again, cherrypicking victims of war rather than respecting the international convention setting out their rights. Ms Patel spoke of a new humanitarian route, only for Downing Street to swiftly rule that out. As with the asylum system overall, the approach is grudging, inefficient and overly bureaucratic, in large part because it is designed to keep people out. What meagre help is being offered has been dogged by confusion and contradiction. The home secretary promised she had \u201csurged a Home Office team\u201d to help at Calais, but families who had travelled over a thousand miles found a few officials giving out packets of crisps, and were told to go to Paris or Brussels to apply. Then a new \u201cpop-up\u201d centre in Lille, still 70 miles from Calais, was announced; it now appears that it will neither take walk-in applications nor offer appointments but deal with biometrics for the \u201cmost vulnerable\u201d of these traumatised people. One Ukrainian mother and daughter made eight trips to the UK visa processing centre in Paris, two trips to the British consulate there and one trip to the British embassy. Even after obtaining the correct visas, they were detained for a second time by UK Border Force officials in Calais. Plenty of refugees could testify to the incompetence and inhumanity of the UK\u2019s asylum system. The difference this time is that across Europe, including in places previously extremely hostile to migrants and refugees, there is greater public sympathy for white Europeans fleeing their homes. The meanness of the UK government\u2019s approach is not new; it is more visible this time, however, because it is not only out of step with domestic public opinion but strikingly at odds with the welcome now offered by other nations. Moldova, one of the poorest countries in Europe, with a population of just 4 million, has taken more than 80,000 Ukrainians. The UK\u2019s failure to help Ukrainian refugees is not an accident, though its ineptitude has worsened the plight of many. It is possible to have a humane and efficient asylum system, but not when you promote stereotypes of refugees as a threat and a burden. The government has closed off safe routes \u2013 while its nationality and borders bill seeks to criminalise those who arrive here by irregular means. Ukrainians are the latest victims of its cruelty."}