{"headline": "John Bercow is rightly damned as a bully and liar. But he was not alone in the Commons", "standfirst": "Even as a report excoriates the former Speaker, Priti Patel is still in office. Why?", "author": "Catherine Bennett", "date": "Sun 13 Mar 2022 08.00 CET", "text": "One of John Bercow\u2019s unfortunate subordinates, recalling how \u201cspectacularly\u201d the former Commons Speaker lost his temper, compared the transformation to \u201cJekyll and Hyde\u201d. Although Bercow has objected to her account (\u201cthe suggestion that I waved my arms\u2026 with spittle coming from my mouth is disgusting, offensive and untrue\u201d) and called the investigation \u201camateurish\u201d and based on \u201ctittle-tattle\u201d, the comparison is probably one of the more forgiving lines in the report that the Commons\u2019 independent expert panel has entitled, rather beautifully, The Conduct of Mr John Bercow. For, if Bercow could behave despicably, the idea that he had a wholly delightful alter ego called Mr Speaker might suggest that his many Commons admirers weren\u2019t simply duped by his rewarding transformation from Enoch Powell fan into a champion of diversity and inclusion. Maybe, like the inhuman Mr Hyde and decent Dr Jekyll (\u201cone of your fellows who do what they call good\u201d), Bercow really could be both things at the same time? Perhaps it was possible for the man David Lammy called an \u201cintergalactic hero\u201d to double as the \u201cserial bully\u201d of the new report? Not that Bercow limited himself to that: \u201cThe respondent has lied extensively to try and avoid the damning reality of the truth,\u201d the panel found. To toggle between the panel\u2019s conclusions and the Commons effusions when Bercow finally left in 2019 can certainly feel like reading about two separate people. \u201cYour humanity and personal touch will never be forgotten\u201d was typical, along with \u201cyou are an extraordinary man\u201d; \u201cthank you for being such a good human being\u201d. The person who we know to have been \u201coffensive, malicious and insulting\u201d to one Commons staffer, \u201cleaving the complainant feeling undermined, humiliated and denigrated\u201d, would himself leave Westminster, according to Thangam Debbonaire, \u201cbillowed up on a cloud of love and admiration from us all\u201d. Elsewhere though, it\u2019s clearly the same person, different audience. Staff described Bercow mimicking them \u201cby way of mocking caricature\u201d. For admirers, such turns made him all the more adorable. \u201cYou have your talent \u2013 that of mimicry, your voices and all that stuff,\u201d said the Labour MP Barry Sheerman. Like most workplace bullies, Bercow appears to have monstered selectively, picking moments and people, never inadvertently slipping like Jekyll into Hyde mode (\u201cI was seized again with those indescribable sensations that heralded the change\u201d). \u201cMy own personal experience is different to the things I read in the report,\u201d said non-victim Emily Thornberry, in 2018, as if this were a reason not to act on other people\u2019s allegations. If such unquestioning commitment now seems hard to credit, it could be worth considering that the trait of Machiavellianism has been strongly associated with perpetrators of workplace bullying, with dishonest Machiavellians \u201cthe biggest bullies of all\u201d. \u201cIt is for historians to judge,\u201d says the newest report on Bercow\u2019s behaviour, \u201cwhether the respondent was a successful reforming Speaker of the House of Commons. However, there was no need to act as a bully to achieve that aim.\u201d The Labour party, which finally suspended Bercow last week, has been slow to reach agreement. In 2018, Margaret Beckett had wanted him to stay as Speaker because Brexit \u201ctrumps bad behaviour\u201d. Thornberry, not that she\u2019d witnessed bullying, could nonetheless see things from the bully\u2019s perspective: \u201cI appreciate that there must be times when it is extremely frustrating trying to get, trying to drag the House of Commons into the 21st century.\u201d To be fair to Thornberry, her implied distinction between bog-standard bullying and a justifiable, virtuous kind is one widely in use. In fact, for some of our most active social justice advocates, the message of the Bercow report, that all workplace bullying is bad, regardless of the visionary claims of the perpetrators, must be distinctly unwelcome. Must progressives deny themselves even occasional name-calling and intimidation? Sheerman, a former chair of the all-party parliamentary group on bullying, remains defiant. Bercow, he tweeted, was \u201ca great reforming Speaker of the House of Commons who deserves our thanks & respect\u201d. As for the Conservatives, a renewed enthusiasm for bullying has, alas, prevented them glorying as fully as they might have wished in Labour\u2019s Bercow difficulties. It\u2019s tricky, after all, to ridicule Labour hypocrisy on workplace respect when the current home secretary is, as confirmed by an official report, the most powerful bully in the land. Lest Priti Patel\u2019s survival be explained as a regrettable necessity, dictated purely by the shortage of comparably affectless candidates, the party has further illustrated its commitment to dignity at work by bullying Kathryn Stone, the standards commissioner tasked with investigating bullying. Kwasi Kwarteng said she should \u201cdecide [on] her position\u201d. Mark Spencer, the former whip accused of bullying lowlier MPs, is now leader of the house. On the backbenches, Daniel Kawczynski stands up for brutes by, having apologised for bullying, saying he didn\u2019t mean it. Actually, if Andrea Leadsom (who was once insulted by the Speaker) was right to demand Bercow\u2019s exclusion from Labour membership, and others justifiably question his professorship at Royal Holloway University of London, what is Patel doing in her \u2013 in any \u2013 job? At his public resignation from the Home Office, her permanent secretary, Sir Philip Rutnam, mentioned allegations of belittling, shouting and swearing, an \u201catmosphere of fear\u201d. Boris Johnson then ignored the conclusion of Sir Alex Allan, his adviser on ministerial standards, that Patel\u2019s conduct amounted to bullying. Allan resigned. Rutnam later received a settlement of \u00a3340,000, with \u00a330,000 in costs. If it has always been obvious that normalising bullying and trashing codes of conduct extract a social cost, we are still learning how much suffering and shame comes of government by bullies in a humanitarian crisis. Patel\u2019s failures of empathy and twisted notions of acceptable behaviour now shape the national response to freezing, bombed-out Ukrainian families, as well as to refugees in dinghies. When investigated for in-person bullying, Patel said (inaccurately) that nobody told her it was wrong. What\u2019s her excuse this time?  Catherine Bennett is an Observer columnist"}