{"headline": "Why the left may win out soon because young women don\u2019t toe the line", "standfirst": "Men frequently follow their parents\u2019 political outlooks while their sisters more often reject conservative thinking", "author": "Torsten Bell", "date": "Sun 13 Mar 2022 10.30 CET", "text": "Our lives are shaped by the genes, and increasingly the wealth, we inherit from our parents. But there\u2019s also a lot of research showing that parents pass something else on to us \u2013 politics. Why did it take the convulsions of Brexit to make older homeowners in the \u201cred wall\u201d \u2013 identical to Tory voters elsewhere \u2013 vote Conservative? In part because their parents voted Labour. Now, fascinating new research focusing on Germany and Switzerland adds a great twist to this well-known story: the passing on of ideological political preferences is different between sons and daughters. Sons are equally likely to inherit political preferences from their parents whether leftwing or rightwing. But daughters are much less likely to take on their parents\u2019 rightwing tendencies. So women\u2019s politics are being developed outside the home. In the UK, far more women go to university (45% of 18-year-old women went in 2021 as against 32% of men); while in Germany and Switzerland the research author notes the left\u2019s growing focus on gender equality. Behind this sits a trend across rich democracies: women used to be more conservative than men, but that has changed \u2013 particularly for younger women: in 2019, the Conservative lead in the UK among men was three times that among women. Now this might not seem fair, since conservatives normally care a lot more about passing things on to the next generation; at least, judging by attitudes to inheritance tax. But it looks as though they\u2019re destined to be outfoxed by lefty parents who have an advantage in terms of passing on their political preferences. Yes, the Conservatives have been in power in the UK for 30 of the past 43 years, but progressives of an optimistic bent can hold on to this thought: politics is a long game.  Torsten Bell is chief executive of the Resolution Foundation. Read more at resolutionfoundation.org"}