{"headline": "Putin tied Boris Johnson up in his own trousers", "standfirst": "When it comes to allowing Russian oligarchs to pay their way into the upper echelons of society, Britain really does \u2018lead the world\u2019", "author": "Stewart Lee", "date": "Sun 13 Mar 2022 11.00 CET", "text": "A nakedly corrupt and evidently narcissistic leader, surrounded by a phalanx of accommodating acolytes, enriched his supporters with liquidised public assets and spurious government schemes, flagrantly broke international treaties, trashed domestic political standards, systematically flooded social media with fake news, used his power over the press to spread disinformation over many decades, sought to destabilise the EU, had fruitful meetings with far right figures in Europe and America, weaponised nostalgic nationalism, and allowed refugees to be used as cannon fodder in an ongoing border dispute. But now is not the time for Keir Starmer to call for Boris Johnson\u2019s resignation. (Did you see what I did there? I\u2019m here all week!! Try the fish!!!) Britain shamefully allowed Russian oligarchs to pay their way into the upper echelons of society, and is internationally despised for it. It is probably the only area of the current conflict in which we do genuinely \u201clead the world\u201d. Did the wealthy interlopers\u2019 presence protect Putin from meaningful criticism? Kill a British citizen in a Salisbury park, and then sarcastically maintain your trained assassins were tourists, of an ecclesiastical bent, keen to see the cathedral en plein soleil? Step right this way, sir! And would you like to play tennis with the prime minister too? Stick your head in between them and go \u201cBlubby blubby blubby\u201d. Swathes of the home counties are now populated by oligarchs who look like they saw a Jack Vettriano painting of a woman putting on some stockings while a smoking man masturbates through a French window, and instead of just vomiting, decided that was the lifestyle for them! The Intelligence and Security Committee report on Russia, from July 2020, warned, as cautiously as possible, about their influence on British media and politics, but played down the danger of an oligarch-fuelled Jack Vettriano suspenders and sports car aesthetic dominating the fine art market for decades. Instead, the report suggested \u201cthe UK has been viewed as a particularly favourable destination for Russian oligarchs and their money\u201d, pinpointing visas for cash, the reputation laundering power of British institutions, and the danger of British lawyers, financiers and PR professionals, such as Tory party chairman and oligarch enabler Ben Elliot, presumably, becoming de facto Russian state actors. Having learned at the Telegraph that the best way to belittle anything is to tie it into Brussels, Turds Johnson dismissed its concerns as those of \u201cIslington remoaners\u201d. But the people being shelled in Ukrainian cellars don\u2019t seem too keen on Russian influence either. And they love the EU. Is it possible to be an Islington remoaner if you live 2,500 miles away from Islington and spend all day pouring petrol into milk bottles or hiding? Just asking for a fellow comedian. Fifteen months prior to the report, while still foreign secretary, Turds evaded his bodyguards for an unapproved jaunt to a party in Italy held by an ex-KGB agent\u2019s playboy son, Evgeny Lebedev, whose name sounds like someone trying to say \u201cHave you any liver please?\u201d underwater (I have checked with Alexa and this joke is officially \u201cnot racist\u201d). Turds was then spotted admitting to fellow passengers he\u2019d \u201chad a heavy night\u201d, in San Francesco d\u2019Assisi airport, on the way home. One onlooker observed of the future PM: \u201cHe was such a mess. He was quite dishevelled and his trousers were twisted and creased. He looked like he had slept in his clothes.\u201d To be fair, Turds always looks like that, but the fact that his trousers were \u201ctwisted\u201d is uniquely disturbing. What horrendous act could Turds\u2019s host have perpetrated on him that left the future PM\u2019s trousers tangled so, and could it have any relation to Lebedev\u2019s accession to the House of Lords two years later, at Turds\u2019s request, despite the security agencies briefing Turds against it? Suddenly, the suggestion of Russian interference is taken more seriously, and the systematically maligned Carole Cadwalladr is quietly transforming from Andrew Neil\u2019s \u201cmad cat woman\u201d into the Oracle of All Knowledge from The Golden Voyage of Sinbad. The Tories\u2019 own use of disinformation in the last election, where 88% of their online communications were false, showed us the approach can work, and it was always obvious to me that I was being targeted by Russian trolls. Whenever I wrote about Russia around the time of the EU referendum, patriotic counterattacks would appear in the newspaper\u2019s below-the-line comment section in not quite right English. In the end I took to goading the writers of these clearly targeted contributions by including deliberately incomprehensible comments about Russia in my satires, peaking, in June 2015, with the following paragraph (apologies if I have quoted it before). \u201cTo me, Vladimir Putin is a giant, prolapsed female worker bee that sucks hot ridicule out of langoustines\u2019 cephalothoraxes. Let\u2019s see what crunchy, expansionist lavatory honey this notion causes the parthenogenetic Russian keyboard wendigos to inflate for us this week, in the shadow of Paul McGann and his art gnome.\u201d But I suspect the author of the subsequent comment, \u201cEven if Putin bee, he struggle for better colony much better for world than western wasp colonialist Lee tries to flag wave\u201d, was an Observer reader joining in. Did the Kremlin trolls\u2019 cost-effective cyber campaign finally run out of steam? Trump surrendered the White House, eventually; the anticipated EU exit domino effect was headed off by the reality of Brexit; all over Europe, oligarchs\u2019 assets are being seized; even in Britain, Roman Abramovich\u2019s assets were finally frozen and stored in the ice compartment of the Downing Street lockdown party wine fridge. Putin has unplugged the wifi and sent in the tanks. Russia entangled British trousers, as surely as Lebedev tangled Turds\u2019s on that fateful Italian evening. First we must hold the Home Office to account, neutralise the anti-refugee aftertaste of the Brexit campaign, and match European hospitality for the displaced victims of war. Then we must disentangle our trousers. Permanently.  Rescheduled national 2022 dates of Stewart\u2019s 2020 tour, Snowflake Tornado, are on sale now; as are Edinburgh Fringe shows, here and here"}