{"headline": "When a teenager tells you about their mental health issues you have to listen to the expert \u2013 themselves", "standfirst": "I try to use my training and experience to consider a young person\u2019s story against the evidence in mental health research\n\nThe modern mind is a column where experts discuss mental health issues they are seeing in their work\n", "author": "Saretta Lee", "date": "Sun 13 Mar 2022 17.30 CET", "text": "I am an \u201cexpert\u201d. At least in the sense that as a specialist medical doctor in mental health I am asked to give expert advice, included in expert advisory groups, and if I give evidence in court, it\u2019s taken as expert evidence. But when I see young people in my day-to-day work to help them with their mental health it becomes evident to me who the real \u201cexperts\u201d are. Annie*, for instance, came to see me about a distressing situation. She was at school and suddenly felt really unwell. She said she couldn\u2019t breathe properly and her heart was racing. She felt numb, had pins and needles in her hands and felt as if she was about to pass out. She told me that she didn\u2019t want anyone to notice so she went to the bathroom where she increasingly felt like something terrible was about to happen. Maybe a heart attack \u2013 there was pain in her chest. She couldn\u2019t come out of the bathroom because she was crying. She\u2019d had episodes like this on and off for a couple of years but this was by far the worst and she was scared something serious was wrong. It was getting harder to go to school or even to go out with her friends. Annie saw her doctor who said it was \u201cjust anxiety\u201d. The doctor told her she should avoid going to hospital when this happens because tests are unnecessary, expensive and unhelpful for anxiety. She was given a prescription for a medication. When she googled the tablets she was given, the search results showed they were antidepressant medications. Her friend with depression had gained a lot of weight on medication and it seemed like her personality had changed. Annie said she didn\u2019t want this: \u201cI don\u2019t want to be medicated for the rest of my life.\u201d She felt even more anxious and low about herself. She felt judged because she had admitted to drinking and trying drugs at parties with her friends. She regretted being honest about this because she thought it stigmatised her \u2013 even though she felt this sort of thing was pretty normal for someone her age. She had actually stopped drinking and was scared of what drugs might do to her heart. She was scared to go out and even scared to exercise in case it harmed her. Annie had a different story of herself to relate when I saw her and lots of questions about why this was happening. She felt as if she wasn\u2019t the person she was being treated as and she didn\u2019t know where to get help. That week I also saw Justin*, a young person in trouble with the law. He\u2019d had a rough childhood, and found that the streets \u2013 and a group of young people in similar circumstances \u2013 were safer than home. He was on charges of breaking and entering. He looked stressed, he couldn\u2019t sleep, couldn\u2019t sit still and found it hard to talk about himself. He found it especially hard to talk to people in positions of authority. He relied on drugs to sleep, to feel OK and to block out bad feelings. These two teens had very different backgrounds and experiences but neither could easily put into words what was going on with them. They looked unhappy, miserable. They sometimes shrugged, looked away when spoken with and fidgeted. But when I got it wrong they both clearly let me know with a shake of the head or a firm \u201cno\u201d. If the answer was yes, they usually followed up with some more information. They both tried to help me understand. And I didn\u2019t feel they were lying or hiding the truth when I was trying to see their world. Annie has panic attacks, a panic disorder and agoraphobia \u2013 avoidance of places that might bring on an attack. Justin has ADHD and is on the autism spectrum. His anxiety comes from trying to fit into a neurotypical world. He has also experienced trauma and had to fend for himself from a young age. Each has their own story. As the health professional, I try to use my training and experience to consider their story against the evidence in mental health research. Then I try to speak their truth back to them within this framework. Between us, we check out what parts seems to fit, and we look at aspects that can be reversed by treatment. We talk about the pros and cons and all potential side effects. Sometimes it takes time and a lot of trust to work out the way forward. Both Annie and Justin had already been given labels and prescribed treatments. They didn\u2019t agree to those, and they didn\u2019t follow them. First we needed agreement. Ultimately, I\u2019ve found that the \u201cexpert\u201d on any adolescent is themselves. To be effective, it\u2019s my job first to listen to them.  In Australia, support is available at Beyond Blue on 1300 22 4636, Lifeline on 13 11 14, and at MensLine on 1300 789 978. In the UK, the charity Mind is available on 0300 123 3393 and ChildLine on 0800 1111. In the US, Mental Health America is available on 800-273-8255.  Dr Saretta Lee is a Sydney psychiatrist * Annie and Justin are fictitious amalgams used to exemplify many similar cases"}