{"headline": "A key reason Putin\u2019s bloody invasion is faltering? He\u2019s no match for Zelenskiy\u2019s iPhone", "standfirst": "The leader\u2019s messages to his people \u2013 and the west - have been central to the heroic fightback. But now more than ever, we must stay engaged", "author": "Jonathan Freedland", "date": "Fri 25 Mar 2022 19.02 CET", "text": "Ukraine has so many nightmares to contend with, but here\u2019s one more: that Ukraine becomes Bosnia. By Bosnia I don\u2019t mean the country itself so much as the war of a quarter-century ago and the way that conflict came to be seen from afar. For much of the 1990s, war in the Balkans was background noise, even to those who were just an hour or two\u2019s flight away. Every now and then an especially horrible episode might propel it to the top of the news; otherwise, Bosnia was a permanent fixture on the inside pages and halfway through the TV bulletin. Bridget Jones confessed to her diary that she felt guilty for not talking or thinking about it, but it just slipped out of view. Besides, you knew the war would still be there tomorrow. That is the danger Volodymyr Zelenskiy faces now: that his struggle against Russian invasion becomes a long, slow war of attrition and so, with time, the world\u2019s attention starts to wander. The war would go on; it would still be there on page 14. But newer stories would edge it aside. Soon, yellow and blue would be last season\u2019s colours. Zelenskiy seems aware of this danger, and if anyone can combat it, it\u2019s him. He\u2019s not merely a politician with a knack for communication. Often missed in descriptions of him as a former entertainer is the fact that he made his fortune as a phenomenally successful producer of television. His core team in the presidential palace is the same group that ran his production company: his speechwriter is a scriptwriter. The Kyiv-born author of This Is Not Propaganda, Peter Pomerantsev, says of the Zelenskiy inner circle: \u201cThey\u2019re all showrunners.\u201d Note the present tense. There is nothing former about Zelenskiy and his colleagues\u2019 vocation: they\u2019re still producers now. Indeed, there is scarcely a gap between Zelenskiy\u2019s two incarnations as politician and performer. His most famous hit show was called Servant of the People; his political party is called Servant of the People. Zelenskiy is hardly the first to grasp the tight connection between politics and storytelling. In some ways, he is merely succeeding in doing what Donald Trump longed to do: conducting a presidency like a top-rated TV series, with great visuals, shocking plot twists and plenty of action. Except Trump not only lacked Zelenskiy\u2019s talent, he had to rely on manufactured drama and imagined enemies. The Ukrainian president is in a bloody war against an enemy who is all too real. Of course, the primacy of \u201ccomms\u201d long predates Trump and Zelenskiy. In David Hare\u2019s new play Straight Line Crazy, the urban planner Robert Moses is hailed in the 1920s as \u201ca new kind of man \u2026 the man who believes that the way you\u2019re written about is as important as what you do\u201d. But Zelenskiy has taken it to a new level, not least because he has adapted everything he learned from conventional TV to the idiom of social media. He understands that in the new era, the war leader does not stand besuited at a podium, declaiming a speech packed with rhetorical flourish. Instead, Zelenskiy\u2019s message is that he is a servant of the people because he is one of the people, no different from any of them. In his trademark short videos, he wears military olive-green, but it\u2019s not a formal uniform, still less the ceremonial getup of a head of state. He wears exactly what a civilian volunteer would wear. The locations are chosen just as deliberately. If he\u2019s not at a simple desk in a plain office, he\u2019s just outside the presidential palace, with landmarks Ukrainians would recognise visibly in shot. As David Patrikarakos, whose book, War in 140 Characters, was among the first to identify the changing face of battle in the age of Twitter, tells me: \u201cIn those videos, Zelenskiy is literally the man in the street.\u201d Together with a knack for demotic, unflowery soundbites \u2013 \u201cI need ammunition, not a ride\u201d \u2013 he has become a master of what Patrikarakos calls \u201cdigital statesmanship\u201d. He\u2019s Churchill with an iPhone. By comparison Moscow, until recently feared as the master of manipulation by social media, has looked lumbering, slow and old: \u201cThere\u2019s Zelenskiy,\u201d says Patrikarakos, \u201cand then there\u2019s this Botoxed Bond villain who won\u2019t sit at a table with other people. All that\u2019s missing is a trapdoor and a pool of sharks.\u201d (As if to show he has not entirely lost his touch for fuelling culture wars in the west, today Vladimir Putin tried to cast himself as defender of JK Rowling against the western malaise of \u201ccancel culture\u201d \u2013 which would be convincing but for the fact that Rowling is no ally of his, but is instead spending big money protecting vulnerable children in Ukraine.) And yet, there are limits to Kyiv\u2019s success in the messaging wars. For one thing, while it has made the Ukrainian president a hero in the west, it is not penetrating elsewhere. It was notable that the 35 countries that abstained on this month\u2019s UN resolution condemning Moscow\u2019s invasion account for half the world\u2019s population. Zelenskiy is a hit in Paris and Berlin; in Beijing and Delhi, not so much. But the other obstacle is the Bosnia problem, the risk that the longer this goes on, the likelier it is that fatigue and boredom set in. Social media in particular crave novelty. Once the initial shock of footage of bombed-out buildings or distraught victims wears off, Ukraine could recede from the public mind. Perhaps mindful of that danger, Zelenskiy has been careful to offer variety. In his rolling series of video link addresses to the world\u2019s parliaments \u2013 itself an innovation \u2013 he\u2019s careful to tailor his message to his audience. Speaking to Westminster, he channelled Churchill. To Capitol Hill, it was America \u201cthe leader of the free world\u201d. To Budapest on Thursday, he invoked the memory of the fascist massacre on the banks of the Danube. He is intensifying his language too, shaming western allies for not doing enough. \u201cWhy can\u2019t we get weapons from you?\u201d he asked Israeli lawmakers on Sunday, reminding them they would \u201chave to live with\u201d their decision. Visually, he\u2019s mixing things up: this week saw a montage, complete with voiceover in English. It looked and sounded like a trailer for a Hollywood blockbuster. But canny messaging and sharp production values take you only so far. Pomerantsev says: \u201cSympathy is not enough. He has to take people on a journey towards something.\u201d There has to be a concrete goal, besides day-to-day survival: maybe Ukraine\u2019s bid to join the EU. Yana Lyushnevskaya of BBC Monitoring tells me that Zelenskiy\u2019s great gift as a comedian was his ability to know what his audience \u201cwere scared of\u201d: maybe his next move will be to play on global fears of a Russian nuclear, chemical or biological attack. \u201cThat would be the most logical thing for him to do.\u201d In truth, this should not all be on Zelenskiy and his extraordinary team of TV maestros. Putin\u2019s threat is not just to Ukraine, but to a wider world that has not fully absorbed the menace it now confronts: a dictator ready to obliterate cities in the heart of Europe, his head filled with fantasies of conquest and domination, happy to ward off any challenge by threatening to unleash nuclear havoc. Turning back that danger cannot be left to a small group of creatives in a bunker in Kyiv, no matter how gifted. This is a task for the world. Jonathan Freedland is a Guardian columnist. To listen to Jonathan\u2019s podcast Politics Weekly America, search \u201cPolitics Weekly America\u201d on Apple, Spotify, Acast or wherever you get your podcasts"}