{"headline": "Ketanji Brown Jackson hearing reveals Republicans\u2019 racist fears", "standfirst": "Republicans are becoming so hysterical because people like Judge Jackson pose a revolutionary threat to the status quo ", "author": "Steve Phillips", "date": "Fri 25 Mar 2022 14.07 CET", "text": "\u201cBlack Girl Magic\u201d is on full display in the supreme court confirmation hearing for Judge Ketanji Brown Jackson, and Republicans are apoplectic. The juxtaposition of Jackson\u2019s calm, confident, professionalism with the hostile, cynical and contemptuous questioning by senators such as Texas senator Ted Cruz is an object lesson for the entire world on the ongoing dynamics of systemic racism in the United States. Rather than do their constitutional duty of engage with a prospective supreme court justice on the pressing legal issues of the day, the Republican committee members have opted to throw racist red meat to their rabid white supporters who are gripped by fear of people of color. Cruz led the charge with his attacks on critical race theory, asking Jackson whether she agrees \u201cthat babies are racist\u201d and trying to paint the judge as a dangerous person who would force white children to learn about racism. In so doing, Cruz was working from a tried and tired playbook that seeks to dramatize anti-racist demands in ways that fuel white fears about the consequences of Black people attaining positions of power. There is a long history in this country of the leaders of white people trying to force Black people to denounce anti-racist movements as a condition for entry into the highest precincts of power (Cruz is Latino, but his base is largely white). In 2008, the media tried to force Barack Obama to denounce his pastor Jeremiah Wright\u2019s statements forcefully condemning white supremacy. Two decades earlier, Jesse Jackson was dogged by demands that he distance himself from Nation of Islam leader Louis Farrakhan. The point of said attacks is to try to weaken support for the Black person one way or another. Either they distance themselves from Black leaders and movements, thereby diminishing Black enthusiasm, or they refuse to renounce anti-racist voices, and that refusal is then used to scare white people. Cruz and his ilk gravitate to such tactics because white fears about Black people have defined politics in this country for centuries. One of the Republican questioners of Judge Jackson was South Carolina senator Lindsey Graham, representative of a state that has been in the forefront of efforts to whip white people into a frenzy about the prospects of Black equality. In 1712, the South Carolina legislature passed the \u201cSlave Laws\u201d \u2013 legislation designed to control the behavior of \u201cNegroes and other slaves [who] are of barbarous, wild, savage natures\u201d. South Carolina\u2019s leaders were so extreme in stoking white fears that the state was the first to secede from the Union and turn to violence after Abraham Lincoln\u2019s election on an anti-slavery platform in 1860. Graham\u2019s predecessor, Strom Thurmond, ran for president in 1948, defiantly declaring that, \u201cthere\u2019s not enough troops in the army to force the Southern people to break down segregation and admit the n----r race into our theaters, into our swimming pools, into our homes, and into our churches!\u201d Today\u2019s Republicans are becoming so hysterical because people like Judge Jackson pose a revolutionary threat to the status quo in that they reveal the ubiquity of Black brilliance. Cruz, Graham and their fellow modern-day Confederates know instinctively that as the public sees how many amazing Black women there are, it becomes much harder to explain why most of the powerful positions in this country are still held by white men. In 233 years, there hasn\u2019t been a single Black woman smart enough to sit on the supreme court? The notion is absurd. So, if it\u2019s not lack of talent, then it must be something else. Like racism and sexism. Exposing this reality is very dangerous to a political party whose power rests on exploiting that racism and sexism (all the while denying it exists). The very fact that Jackson\u2019s nomination is historic and not routine is a profound indictment of the United States of America. Hour after hour, question after question, Judge Jackson \u2013 secure in the knowledge that she is simply the latest talented Black woman and not the first \u2013 is calmly, confidently and politely taking a wrecking ball to the myth that America is a meritocracy. And the implications of that scare the Republicans to death. Steve Phillips is the founder of Democracy in Color and author of Brown is the New White: How the Demographic Revolution Has Created a New American Majority. He is a Guardian US columnist"}