{"headline": "Why the White House stopped telling the truth about inflation and corporate power", "standfirst": "Starbucks, McDonald\u2019s, Chipotle, Amazon \u2013 all protect profits by making customers pay more. We need the political courage to say they can and should cover rising costs themselves", "author": "Robert Reich", "date": "Sun 20 Feb 2022 07.00 CET", "text": "The Biden White House has decided to stop tying inflation to corporate power. That\u2019s a big mistake. I\u2019ll get to the reason for the shift in a moment. First, I want to be clear about the relationship between inflation and corporate power. While most of the price increases now affecting the US and global economies have been the result of global supply chain problems, this doesn\u2019t explain why big and hugely profitable corporations are passing these cost increases on to their customers in the form of higher prices. They don\u2019t need to do so. With corporate profits at near record levels, they could easily absorb the cost increases. They\u2019re raising prices because they can \u2013 and they can because they don\u2019t face meaningful competition. As the White House National Economic Council put it in a December report: \u201cBusinesses that face meaningful competition can\u2019t do that, because they would lose business to a competitor that did not hike its margins.\u201d Starbucks is raising its prices to consumers, blaming the rising costs of supplies. But Starbucks is so profitable it could easily absorb these costs \u2013 it just reported a 31% increase in yearly profits. Why didn\u2019t it just swallow the cost increases? Ditto for McDonald\u2019s and Chipotle, whose revenues have soared but who are nonetheless raising prices. And for Procter & Gamble, which continues to rake in record profits but is raising prices. Also for Amazon, Kroger, Costco and Target. All are able to pass cost increases on to consumers in the form of higher prices because they face so little competition. As Chipotle\u2019s chief financial officer said, \u201cOur ultimate goal \u2026 is to fully protect our margins.\u201d Worse yet, inflation has given some big corporations cover to increase their prices well above their rising costs. In a recent survey, almost 60% of large retailers say inflation has given them the ability to raise prices beyond what\u2019s required to offset higher costs. Meat prices are soaring because the four giant meat processing corporations that dominate the industry are \u201cusing their market power to extract bigger and bigger profit margins for themselves\u201d, according to a recent report from the White House National Economic Council (emphasis added). Not incidentally, that report was dated 10 December. Now, the White House is pulling its punches. Why has the White House stopped explaining this to the public? The Washington Post reports that when the prepared congressional testimony of a senior administration official (Janet Yellen?) was recently circulated inside the White House, it included a passage tying inflation to corporate consolidation and monopoly power. But that language was deleted from the remarks before they were delivered. Apparently, members of the White House Council of Economic Advisers raised objections. I don\u2019t know what their objections were, but some economists argue that since corporations with market power wouldn\u2019t need to wait until the current inflation to raise prices, corporate power can\u2019t be contributing to inflation. This argument ignores the ease by which powerful corporations can pass on their own cost increases to customers in higher prices or use inflation to disguise even higher price increases. It seems likely that the Council of Economic Advisers is being influenced by two Democratic economists from a previous administration. According to the Post, the former Democratic treasury secretary Larry Summers and Jason Furman, a top economist in the Obama administration, have been critical of attempts to link corporate market power to inflation. \u201cBusiness-bashing is terrible economics and not very good politics in my view,\u201d Summers said in an interview. Wrong. Showing the connections between corporate power and inflation is not \u201cbusiness-bashing\u201d. It\u2019s holding powerful corporations accountable. Whether through antitrust enforcement (or the threat of it), a windfall profits tax or price controls, or all three, it\u2019s important for the administration and Congress to do what they can to prevent hugely profitable monopolistic corporations from raising their prices. Otherwise, responsibility for controlling inflation falls entirely to the Federal Reserve, which has only one weapon at its disposal \u2013 higher interest rates. Higher interest rates will slow the economy and likely cause millions of lower-wage workers to lose their jobs and forfeit long-overdue wage increases. Robert Reich, a former US secretary of labor, is professor of public policy at the University of California at Berkeley and the author of Saving Capitalism: For the Many, Not the Few and The Common Good. His new book, The System: Who Rigged It, How We Fix It, is out now. He is a Guardian US columnist. His newsletter is at robertreich.substack.com"}